  0
SECTION
  2
HEADER
  9
$ACADVER
  1
AC1018
  9
$ACADMAINTVER
 70
     0
  9
$DWGCODEPAGE
  3
ANSI_1252
  9
$LASTSAVEDBY
  1
cloudconvert
  9
$INSBASE
 10
0.0
 20
0.0
 30
0.0
  9
$EXTMIN
 10
0.0572382228358492
 20
-1.467414215000886
 30
0.0
  9
$EXTMAX
 10
12.28897936850521
 20
7.313201272072869
 30
0.0
  9
$LIMMIN
 10
0.0
 20
0.0
  9
$LIMMAX
 10
12.0
 20
9.0
  9
$ORTHOMODE
 70
     0
  9
$REGENMODE
 70
     1
  9
$FILLMODE
 70
     1
  9
$QTEXTMODE
 70
     0
  9
$MIRRTEXT
 70
     0
  9
$LTSCALE
 40
1.0
  9
$ATTMODE
 70
     1
  9
$TEXTSIZE
 40
0.2
  9
$TRACEWID
 40
0.05
  9
$TEXTSTYLE
  7
ROMANS
  9
$CLAYER
  8
0
  9
$CELTYPE
  6
BYLAYER
  9
$CECOLOR
 62
   256
  9
$CELTSCALE
 40
1.0
  9
$DISPSILH
 70
     0
  9
$DIMSCALE
 40
1.0
  9
$DIMASZ
 40
0.18
  9
$DIMEXO
 40
0.0625
  9
$DIMDLI
 40
0.38
  9
$DIMRND
 40
0.0
  9
$DIMDLE
 40
0.0
  9
$DIMEXE
 40
0.18
  9
$DIMTP
 40
0.0
  9
$DIMTM
 40
0.0
  9
$DIMTXT
 40
0.18
  9
$DIMCEN
 40
0.09
  9
$DIMTSZ
 40
0.0
  9
$DIMTOL
 70
     0
  9
$DIMLIM
 70
     0
  9
$DIMTIH
 70
     1
  9
$DIMTOH
 70
     1
  9
$DIMSE1
 70
     0
  9
$DIMSE2
 70
     0
  9
$DIMTAD
 70
     0
  9
$DIMZIN
 70
     0
  9
$DIMBLK
  1

  9
$DIMASO
 70
     1
  9
$DIMSHO
 70
     1
  9
$DIMPOST
  1

  9
$DIMAPOST
  1

  9
$DIMALT
 70
     0
  9
$DIMALTD
 70
     2
  9
$DIMALTF
 40
25.4
  9
$DIMLFAC
 40
1.0
  9
$DIMTOFL
 70
     0
  9
$DIMTVP
 40
0.0
  9
$DIMTIX
 70
     0
  9
$DIMSOXD
 70
     0
  9
$DIMSAH
 70
     0
  9
$DIMBLK1
  1

  9
$DIMBLK2
  1

  9
$DIMSTYLE
  2
STANDARD
  9
$DIMCLRD
 70
     0
  9
$DIMCLRE
 70
     0
  9
$DIMCLRT
 70
     0
  9
$DIMTFAC
 40
1.0
  9
$DIMGAP
 40
0.09
  9
$DIMJUST
 70
     0
  9
$DIMSD1
 70
     0
  9
$DIMSD2
 70
     0
  9
$DIMTOLJ
 70
     1
  9
$DIMTZIN
 70
     0
  9
$DIMALTZ
 70
     0
  9
$DIMALTTZ
 70
     0
  9
$DIMUPT
 70
     0
  9
$DIMDEC
 70
     4
  9
$DIMTDEC
 70
     4
  9
$DIMALTU
 70
     2
  9
$DIMALTTD
 70
     2
  9
$DIMTXSTY
  7
STANDARD
  9
$DIMAUNIT
 70
     0
  9
$DIMADEC
 70
     0
  9
$DIMALTRND
 40
0.0
  9
$DIMAZIN
 70
     0
  9
$DIMDSEP
 70
    46
  9
$DIMATFIT
 70
     3
  9
$DIMFRAC
 70
     0
  9
$DIMLDRBLK
  1

  9
$DIMLUNIT
 70
     2
  9
$DIMLWD
 70
    -2
  9
$DIMLWE
 70
    -2
  9
$DIMTMOVE
 70
     0
  9
$LUNITS
 70
     2
  9
$LUPREC
 70
     4
  9
$SKETCHINC
 40
0.1
  9
$FILLETRAD
 40
0.0
  9
$AUNITS
 70
     0
  9
$AUPREC
 70
     0
  9
$MENU
  1
acad
  9
$ELEVATION
 40
0.0
  9
$PELEVATION
 40
0.0
  9
$THICKNESS
 40
0.0
  9
$LIMCHECK
 70
     0
  9
$CHAMFERA
 40
0.0
  9
$CHAMFERB
 40
0.0
  9
$CHAMFERC
 40
0.0
  9
$CHAMFERD
 40
0.0
  9
$SKPOLY
 70
     0
  9
$TDCREATE
 40
2449881.173111458
  9
$TDUCREATE
 40
2449881.173111458
  9
$TDUPDATE
 40
2461074.320106991
  9
$TDUUPDATE
 40
2461074.320106991
  9
$TDINDWG
 40
8.9320983565
  9
$TDUSRTIMER
 40
8.9319247338
  9
$USRTIMER
 70
     1
  9
$ANGBASE
 50
0.0
  9
$ANGDIR
 70
     0
  9
$PDMODE
 70
     0
  9
$PDSIZE
 40
0.0
  9
$PLINEWID
 40
0.0
  9
$SPLFRAME
 70
     0
  9
$SPLINETYPE
 70
     6
  9
$SPLINESEGS
 70
     8
  9
$HANDSEED
  5
2FBA
  9
$SURFTAB1
 70
     6
  9
$SURFTAB2
 70
     6
  9
$SURFTYPE
 70
     6
  9
$SURFU
 70
     6
  9
$SURFV
 70
     6
  9
$UCSBASE
  2

  9
$UCSNAME
  2

  9
$UCSORG
 10
0.0
 20
0.0
 30
0.0
  9
$UCSXDIR
 10
1.0
 20
0.0
 30
0.0
  9
$UCSYDIR
 10
0.0
 20
1.0
 30
0.0
  9
$UCSORTHOREF
  2

  9
$UCSORTHOVIEW
 70
     0
  9
$UCSORGTOP
 10
0.0
 20
0.0
 30
0.0
  9
$UCSORGBOTTOM
 10
0.0
 20
0.0
 30
0.0
  9
$UCSORGLEFT
 10
0.0
 20
0.0
 30
0.0
  9
$UCSORGRIGHT
 10
0.0
 20
0.0
 30
0.0
  9
$UCSORGFRONT
 10
0.0
 20
0.0
 30
0.0
  9
$UCSORGBACK
 10
0.0
 20
0.0
 30
0.0
  9
$PUCSBASE
  2

  9
$PUCSNAME
  2

  9
$PUCSORG
 10
0.0
 20
0.0
 30
0.0
  9
$PUCSXDIR
 10
1.0
 20
0.0
 30
0.0
  9
$PUCSYDIR
 10
0.0
 20
1.0
 30
0.0
  9
$PUCSORTHOREF
  2

  9
$PUCSORTHOVIEW
 70
     0
  9
$PUCSORGTOP
 10
0.0
 20
0.0
 30
0.0
  9
$PUCSORGBOTTOM
 10
0.0
 20
0.0
 30
0.0
  9
$PUCSORGLEFT
 10
0.0
 20
0.0
 30
0.0
  9
$PUCSORGRIGHT
 10
0.0
 20
0.0
 30
0.0
  9
$PUCSORGFRONT
 10
0.0
 20
0.0
 30
0.0
  9
$PUCSORGBACK
 10
0.0
 20
0.0
 30
0.0
  9
$USERI1
 70
     0
  9
$USERI2
 70
     0
  9
$USERI3
 70
     0
  9
$USERI4
 70
     0
  9
$USERI5
 70
     0
  9
$USERR1
 40
0.0
  9
$USERR2
 40
0.0
  9
$USERR3
 40
0.0
  9
$USERR4
 40
0.0
  9
$USERR5
 40
0.0
  9
$WORLDVIEW
 70
     1
  9
$SHADEDGE
 70
     3
  9
$SHADEDIF
 70
    70
  9
$TILEMODE
 70
     1
  9
$MAXACTVP
 70
    16
  9
$PINSBASE
 10
0.0
 20
0.0
 30
0.0
  9
$PLIMCHECK
 70
     0
  9
$PEXTMIN
 10
1.000000000000000E+20
 20
1.000000000000000E+20
 30
1.000000000000000E+20
  9
$PEXTMAX
 10
-1.000000000000000E+20
 20
-1.000000000000000E+20
 30
-1.000000000000000E+20
  9
$PLIMMIN
 10
0.0
 20
0.0
  9
$PLIMMAX
 10
12.0
 20
9.0
  9
$UNITMODE
 70
     0
  9
$VISRETAIN
 70
     0
  9
$PLINEGEN
 70
     0
  9
$PSLTSCALE
 70
     1
  9
$TREEDEPTH
 70
  3020
  9
$CMLSTYLE
  2
STANDARD
  9
$CMLJUST
 70
     0
  9
$CMLSCALE
 40
1.0
  9
$PROXYGRAPHICS
 70
     0
  9
$MEASUREMENT
 70
     0
  9
$CELWEIGHT
370
    -1
  9
$ENDCAPS
280
     0
  9
$JOINSTYLE
280
     0
  9
$LWDISPLAY
290
     0
  9
$INSUNITS
 70
     0
  9
$HYPERLINKBASE
  1

  9
$STYLESHEET
  1

  9
$XEDIT
290
     1
  9
$CEPSNTYPE
380
     0
  9
$PSTYLEMODE
290
     1
  9
$FINGERPRINTGUID
  2
{53CB16D2-7540-4896-A68E-508EFCE70947}
  9
$VERSIONGUID
  2
{C992A3D0-C9EF-6A41-87A5-3FBEEAAF8C80}
  9
$EXTNAMES
290
     1
  9
$PSVPSCALE
 40
0.0
  9
$OLESTARTUP
290
     0
  9
$SORTENTS
280
   127
  9
$INDEXCTL
280
     0
  9
$HIDETEXT
280
     0
  9
$XCLIPFRAME
290
     0
  9
$HALOGAP
280
     0
  9
$OBSCOLOR
 70
   257
  9
$OBSLTYPE
280
     0
  9
$INTERSECTIONDISPLAY
280
     0
  9
$INTERSECTIONCOLOR
 70
   257
  9
$DIMASSOC
280
     1
  9
$PROJECTNAME
  1

  0
ENDSEC
  0
SECTION
  2
CLASSES
  0
CLASS
  1
LWPOLYLINE
  2
AcDbPolyline
  3
ObjectDBX Classes
 90
        0
 91
        1
280
     0
281
     1
  0
CLASS
  1
IMAGE
  2
AcDbRasterImage
  3
ISM
 90
      127
 91
        4
280
     0
281
     1
  0
CLASS
  1
OLE2FRAME
  2
AcDbOle2Frame
  3
ObjectDBX Classes
 90
        0
 91
        1
280
     0
281
     1
  0
CLASS
  1
HATCH
  2
AcDbHatch
  3
ObjectDBX Classes
 90
        0
 91
        1
280
     0
281
     1
  0
CLASS
  1
DICTIONARYVAR
  2
AcDbDictionaryVar
  3
ObjectDBX Classes
 90
        0
 91
        3
280
     0
281
     0
  0
CLASS
  1
RASTERVARIABLES
  2
AcDbRasterVariables
  3
ISM
 90
        0
 91
        3
280
     0
281
     0
  0
CLASS
  1
IMAGEDEF
  2
AcDbRasterImageDef
  3
ISM
 90
        0
 91
        3
280
     0
281
     0
  0
CLASS
  1
IMAGEDEF_REACTOR
  2
AcDbRasterImageDefReactor
  3
ISM
 90
        1
 91
        3
280
     0
281
     0
  0
CLASS
  1
IDBUFFER
  2
AcDbIdBuffer
  3
ObjectDBX Classes
 90
        0
 91
        3
280
     0
281
     0
  0
CLASS
  1
SPATIAL_FILTER
  2
AcDbSpatialFilter
  3
ObjectDBX Classes
 90
        0
 91
        3
280
     0
281
     0
  0
CLASS
  1
XRECORD
  2
AcDbXrecord
  3
ObjectDBX Classes
 90
        0
 91
        1
280
     0
281
     0
  0
CLASS
  1
SORTENTSTABLE
  2
AcDbSortentsTable
  3
ObjectDBX Classes
 90
        0
 91
        3
280
     0
281
     0
  0
CLASS
  1
LAYER_INDEX
  2
AcDbLayerIndex
  3
ObjectDBX Classes
 90
        0
 91
        3
280
     0
281
     0
  0
CLASS
  1
SPATIAL_INDEX
  2
AcDbSpatialIndex
  3
AutoCAD 2000
 90
        0
 91
        3
280
     0
281
     0
  0
CLASS
  1
OBJECT_PTR
  2
CAseDLPNTableRecord
  3
ASE-LPNTableRecord
 90
        1
 91
        3
280
     0
281
     0
  0
CLASS
  1
OLE2FRAME
  2
AcDbOle2Frame
  3
ObjectDBX Classes
 90
        0
 91
        1
280
     0
281
     1
  0
CLASS
  1
OLE2FRAME
  2
AcDbOle2Frame
  3
ObjectDBX Classes
 90
        0
 91
        1
280
     0
281
     1
  0
CLASS
  1
ACAD_ZOMBIE_ENTITY
  2
AcDbDxfZombieEntity
  3
AutoCAD
 90
        0
 91
        3
280
     0
281
     1
  0
CLASS
  1
ACAD_ZOMBIE_OBJECT
  2
AcDbDxfZombieObject
  3
AutoCAD
 90
        0
 91
        3
280
     0
281
     0
  0
CLASS
  1
LAYOUT
  2
AcDbLayout
  3
ObjectDBX Classes
 90
        0
 91
        1
280
     0
281
     0
  0
CLASS
  1
PLOTSETTINGS
  2
AcDbPlotSettings
  3
ObjectDBX Classes
 90
        0
 91
        3
280
     0
281
     0
  0
CLASS
  1
ACDBDICTIONARYWDFLT
  2
AcDbDictionaryWithDefault
  3
ObjectDBX Classes
 90
        0
 91
        3
280
     0
281
     0
  0
CLASS
  1
ACDBPLACEHOLDER
  2
AcDbPlaceHolder
  3
ObjectDBX Classes
 90
        0
 91
        1
280
     0
281
     0
  0
CLASS
  1
VBA_PROJECT
  2
AcDbVbaProject
  3
ObjectDBX Classes
 90
        0
 91
        1
280
     0
281
     0
  0
CLASS
  1
WIPEOUT
  2
AcDbWipeout
  3
WipeOut|AutoCAD Express Tool|expresstools@autodesk.com
 90
      127
 91
        3
280
     0
281
     1
  0
CLASS
  1
WIPEOUTVARIABLES
  2
AcDbWipeoutVariables
  3
WipeOut|AutoCAD Express Tool|expresstools@autodesk.com
 90
        0
 91
        3
280
     0
281
     0
  0
CLASS
  1
RTEXT
  2
RText
  3
RText|AutoCAD Express Tool|expresstools@autodesk.com
 90
        0
 91
        3
280
     0
281
     1
  0
CLASS
  1
ARCALIGNEDTEXT
  2
AcDbArcAlignedText
  3
ATEXT|AutoCAD Express Tool|expresstools@autodesk.com
 90
        0
 91
        3
280
     0
281
     1
  0
CLASS
  1
MATERIAL
  2
AcDbMaterial
  3
ObjectDBX Classes
 90
     1153
 91
        3
280
     0
281
     0
  0
CLASS
  1
VISUALSTYLE
  2
AcDbVisualStyle
  3
ObjectDBX Classes
 90
     4095
 91
        3
280
     0
281
     0
  0
CLASS
  1
SCALE
  2
AcDbScale
  3
ObjectDBX Classes
 90
     1153
 91
        3
280
     0
281
     0
  0
CLASS
  1
TABLESTYLE
  2
AcDbTableStyle
  3
ObjectDBX Classes
 90
     4095
 91
        3
280
     0
281
     0
  0
CLASS
  1
MLEADERSTYLE
  2
AcDbMLeaderStyle
  3
ACDB_MLEADERSTYLE_CLASS
 90
     4095
 91
        3
280
     0
281
     0
  0
CLASS
  1
ACDBSECTIONVIEWSTYLE
  2
AcDbSectionViewStyle
  3
ObjectDBX Classes
 90
     1025
 91
        3
280
     0
281
     0
  0
CLASS
  1
ACDBDETAILVIEWSTYLE
  2
AcDbDetailViewStyle
  3
ObjectDBX Classes
 90
     1025
 91
        3
280
     0
281
     0
  0
CLASS
  1
ACDBASSOCPERSSUBENTMANAGER
  2
AcDbAssocPersSubentManager
  3
ObjectDBX Classes
 90
     1024
 91
        2
280
     1
281
     0
  0
CLASS
  1
ACDBPERSSUBENTMANAGER
  2
AcDbPersSubentManager
  3
AcDbPersSubentManager
 90
     1024
 91
        2
280
     1
281
     0
  0
CLASS
  1
NPOCOLLECTION
  2
AcDbImpNonPersistentObjectsCollection
  3
ObjectDBX Classes
 90
     1153
 91
        1
280
     1
281
     0
  0
CLASS
  1
EXACXREFPANELOBJECT
  2
ExAcXREFPanelObject
  3
EXAC_ESW
 90
     1025
 91
        1
280
     1
281
     0
  0
CLASS
  1
CELLSTYLEMAP
  2
AcDbCellStyleMap
  3
ObjectDBX Classes
 90
     1152
 91
        3
280
     0
281
     0
  0
ENDSEC
  0
SECTION
  2
TABLES
  0
TABLE
  2
VPORT
  5
8
102
{ACAD_XDICTIONARY
360
2F6B
102
}
330
0
100
AcDbSymbolTable
 70
     1
  0
VPORT
  5
391
330
8
100
AcDbSymbolTableRecord
100
AcDbViewportTableRecord
  2
*ACTIVE
 70
     0
 10
0.0
 20
0.0
 11
1.0
 21
1.0
 12
9.330057203154702
 22
-0.3953484782269197
 13
0.0
 23
0.0
 14
1.0
 24
1.0
 15
0.0
 25
0.0
 16
0.0
 26
0.0
 36
1.0
 17
0.0
 27
0.0
 37
0.0
 40
3.075563463341716
 41
1.99515570934256
 42
50.0
 43
0.0
 44
0.0
 50
0.0
 51
0.0
 71
     0
 72
   100
 73
     1
 74
     1
 75
     0
 76
     0
 77
     0
 78
     0
281
     0
 65
     1
110
0.0
120
0.0
130
0.0
111
1.0
121
0.0
131
0.0
112
0.0
122
1.0
132
0.0
 79
     0
146
0.0
1001
ACAD_NAV_VCDISPLAY
1070
     3
  0
ENDTAB
  0
TABLE
  2
LTYPE
  5
5
330
0
100
AcDbSymbolTable
 70
     5
  0
LTYPE
  5
12
330
5
100
AcDbSymbolTableRecord
100
AcDbLinetypeTableRecord
  2
BYBLOCK
 70
     0
  3

 72
    65
 73
     0
 40
0.0
  0
LTYPE
  5
13
330
5
100
AcDbSymbolTableRecord
100
AcDbLinetypeTableRecord
  2
BYLAYER
 70
     0
  3

 72
    65
 73
     0
 40
0.0
  0
LTYPE
  5
14
330
5
100
AcDbSymbolTableRecord
100
AcDbLinetypeTableRecord
  2
CONTINUOUS
 70
     0
  3
Solid line
 72
    65
 73
     0
 40
0.0
  0
LTYPE
  5
1F
330
5
100
AcDbSymbolTableRecord
100
AcDbLinetypeTableRecord
  2
HIDDEN
 70
     0
  3

 72
    65
 73
     2
 40
0.375
 49
0.25
 74
     0
 49
-0.125
 74
     0
  0
LTYPE
  5
20
330
5
100
AcDbSymbolTableRecord
100
AcDbLinetypeTableRecord
  2
DOT
 70
     0
  3
. . . . . . . . . . . . . . . . . . . . . . . .
 72
    65
 73
     2
 40
0.25
 49
0.0
 74
     0
 49
-0.25
 74
     0
  0
LTYPE
  5
3A4
330
5
100
AcDbSymbolTableRecord
100
AcDbLinetypeTableRecord
  2
HIDDEN2
 70
     0
  3
_ _ _ _ _ _ _ _ _ _ _ _ _ _ _ _ _ _ _ _ _ _ _ _
 72
    65
 73
     2
 40
0.1875
 49
0.125
 74
     0
 49
-0.0625
 74
     0
  0
LTYPE
  5
1280
330
5
100
AcDbSymbolTableRecord
100
AcDbLinetypeTableRecord
  2
BORDER4
 70
     0
  3
__.__.__.__.__.__._ (1/2 of Border2) _.__.__.__
 72
    65
 73
     6
 40
0.4375
 49
0.125
 74
     0
 49
-0.0625
 74
     0
 49
0.125
 74
     0
 49
-0.0625
 74
     0
 49
0.0
 74
     0
 49
-0.0625
 74
     0
  0
ENDTAB
  0
TABLE
  2
LAYER
  5
2
102
{ACAD_XDICTIONARY
360
23F6
102
}
330
0
100
AcDbSymbolTable
 70
     6
  0
LAYER
  5
F
102
{ACAD_XDICTIONARY
360
23ED
102
}
330
2
100
AcDbSymbolTableRecord
100
AcDbLayerTableRecord
  2
0
 70
     0
 62
     7
  6
CONTINUOUS
370
    -3
390
2372
  0
LAYER
  5
23
102
{ACAD_XDICTIONARY
360
23EF
102
}
330
2
100
AcDbSymbolTableRecord
100
AcDbLayerTableRecord
  2
HCOM
 70
     0
 62
     7
  6
CONTINUOUS
370
    -3
390
2372
  0
LAYER
  5
1282
102
{ACAD_XDICTIONARY
360
23F1
102
}
330
2
100
AcDbSymbolTableRecord
100
AcDbLayerTableRecord
  2
DMHT
 70
     0
 62
     7
  6
CONTINUOUS
370
    -3
390
2372
  0
LAYER
  5
28C4
330
2
100
AcDbSymbolTableRecord
100
AcDbLayerTableRecord
  2
KPTR
 70
     0
 62
     7
  6
CONTINUOUS
370
    -3
390
2372
  0
LAYER
  5
2B63
330
2
100
AcDbSymbolTableRecord
100
AcDbLayerTableRecord
  2
NLA2
 70
     0
 62
     7
  6
CONTINUOUS
370
    -3
390
2372
  0
LAYER
  5
2B65
330
2
100
AcDbSymbolTableRecord
100
AcDbLayerTableRecord
  2
BTNG
 70
     0
 62
     7
  6
CONTINUOUS
370
    -3
390
2372
  0
ENDTAB
  0
TABLE
  2
STYLE
  5
3
330
0
100
AcDbSymbolTable
 70
     4
  0
STYLE
  5
10
330
3
100
AcDbSymbolTableRecord
100
AcDbTextStyleTableRecord
  2
STANDARD
 70
     0
 40
0.0
 41
1.0
 50
0.0
 71
     0
 42
0.2
  3
txt
  4

  0
STYLE
  5
1C
330
3
100
AcDbSymbolTableRecord
100
AcDbTextStyleTableRecord
  2
ROMANT
 70
     0
 40
0.0
 41
1.0
 50
0.0
 71
     0
 42
0.1544300530228801
  3
romant
  4

  0
STYLE
  5
1D
330
3
100
AcDbSymbolTableRecord
100
AcDbTextStyleTableRecord
  2
ROMANS
 70
     0
 40
0.0
 41
1.0
 50
0.0
 71
     0
 42
0.2
  3
romans
  4

  0
STYLE
  5
1E
330
3
100
AcDbSymbolTableRecord
100
AcDbTextStyleTableRecord
  2
ITALICT
 70
     0
 40
0.0
 41
1.0
 50
0.0
 71
     0
 42
0.2
  3
italict
  4

  0
ENDTAB
  0
TABLE
  2
VIEW
  5
6
330
0
100
AcDbSymbolTable
 70
     0
  0
ENDTAB
  0
TABLE
  2
UCS
  5
7
330
0
100
AcDbSymbolTable
 70
     0
  0
ENDTAB
  0
TABLE
  2
APPID
  5
9
330
0
100
AcDbSymbolTable
 70
     9
  0
APPID
  5
11
330
9
100
AcDbSymbolTableRecord
100
AcDbRegAppTableRecord
  2
ACAD
 70
     0
  0
APPID
  5
23CC
330
9
100
AcDbSymbolTableRecord
100
AcDbRegAppTableRecord
  2
DCO15
 70
     0
  0
APPID
  5
23CE
330
9
100
AcDbSymbolTableRecord
100
AcDbRegAppTableRecord
  2
ACAD_NAV_VCDISPLAY
 70
     0
  0
APPID
  5
2413
330
9
100
AcDbSymbolTableRecord
100
AcDbRegAppTableRecord
  2
AcadAnnotative
 70
     0
  0
APPID
  5
2414
330
9
100
AcDbSymbolTableRecord
100
AcDbRegAppTableRecord
  2
ACAD_DSTYLE_DIMJAG
 70
     0
  0
APPID
  5
2415
330
9
100
AcDbSymbolTableRecord
100
AcDbRegAppTableRecord
  2
ACAD_DSTYLE_DIMTALN
 70
     0
  0
APPID
  5
2428
330
9
100
AcDbSymbolTableRecord
100
AcDbRegAppTableRecord
  2
ACAD_PSEXT
 70
     0
  0
APPID
  5
2481
330
9
100
AcDbSymbolTableRecord
100
AcDbRegAppTableRecord
  2
ACAD_EXEMPT_FROM_CAD_STANDARDS
 70
     0
  0
APPID
  5
2F76
330
9
100
AcDbSymbolTableRecord
100
AcDbRegAppTableRecord
  2
ACAD_MLEADERVER
 70
     0
  0
ENDTAB
  0
TABLE
  2
DIMSTYLE
  5
A
330
0
100
AcDbSymbolTable
 70
     2
100
AcDbDimStyleTable
  0
DIMSTYLE
105
341
330
A
100
AcDbSymbolTableRecord
100
AcDbDimStyleTableRecord
  2
STANDARD
 70
     0
178
     0
340
10
  0
DIMSTYLE
105
2412
330
A
100
AcDbSymbolTableRecord
100
AcDbDimStyleTableRecord
  2
Annotative
 70
     0
 40
0.0
178
     0
340
10
1001
AcadAnnotative
1000
AnnotativeData
1002
{
1070
     1
1070
     1
1002
}
1001
ACAD_DSTYLE_DIMJAG
1070
   388
1040
1.5
1001
ACAD_DSTYLE_DIMTALN
1070
   392
1070
     0
  0
ENDTAB
  0
TABLE
  2
BLOCK_RECORD
  5
1
330
0
100
AcDbSymbolTable
 70
     9
  0
BLOCK_RECORD
  5
18
102
{ACAD_XDICTIONARY
360
249F
102
}
330
1
100
AcDbSymbolTableRecord
100
AcDbBlockTableRecord
  2
*Model_Space
340
23BB
  0
BLOCK_RECORD
  5
15
330
1
100
AcDbSymbolTableRecord
100
AcDbBlockTableRecord
  2
*Paper_Space
340
23BC
  0
BLOCK_RECORD
  5
2416
330
1
100
AcDbSymbolTableRecord
100
AcDbBlockTableRecord
  2
A$Ca3696499
340
0
1001
ACAD
1000
DesignCenter Data
1002
{
1070
     1
1070
     1
1002
}
  0
BLOCK_RECORD
  5
2489
330
1
100
AcDbSymbolTableRecord
100
AcDbBlockTableRecord
  2
A$Cc10acb22
340
0
  0
BLOCK_RECORD
  5
2494
330
1
100
AcDbSymbolTableRecord
100
AcDbBlockTableRecord
  2
A$C35f881ee
340
0
  0
BLOCK_RECORD
  5
25B8
102
{ACAD_XDICTIONARY
360
25BA
102
}
330
1
100
AcDbSymbolTableRecord
100
AcDbBlockTableRecord
  2
A$C93a084ed
340
0
  0
BLOCK_RECORD
  5
25F6
102
{ACAD_XDICTIONARY
360
25FA
102
}
330
1
100
AcDbSymbolTableRecord
100
AcDbBlockTableRecord
  2
A$C2b617301
340
0
  0
BLOCK_RECORD
  5
2680
102
{ACAD_XDICTIONARY
360
2682
102
}
330
1
100
AcDbSymbolTableRecord
100
AcDbBlockTableRecord
  2
A$Cf9e71855
340
0
  0
BLOCK_RECORD
  5
2706
102
{ACAD_XDICTIONARY
360
2840
102
}
330
1
100
AcDbSymbolTableRecord
100
AcDbBlockTableRecord
  2
Templete 2022
340
0
  0
BLOCK_RECORD
  5
2ACA
102
{ACAD_XDICTIONARY
360
2ACF
102
}
330
1
100
AcDbSymbolTableRecord
100
AcDbBlockTableRecord
  2
A$Cd43a1861
340
0
  0
BLOCK_RECORD
  5
2B0E
102
{ACAD_XDICTIONARY
360
2B17
102
}
330
1
100
AcDbSymbolTableRecord
100
AcDbBlockTableRecord
  2
A$Ca40cd030
340
0
  0
ENDTAB
  0
ENDSEC
  0
SECTION
  2
BLOCKS
  0
BLOCK
  5
26
330
18
100
AcDbEntity
  8
0
370
    -1
100
AcDbBlockBegin
  2
*Model_Space
 70
     0
 10
0.0
 20
0.0
 30
0.0
  3
*Model_Space
  1

  0
ENDBLK
  5
27
330
18
100
AcDbEntity
  8
0
370
    -1
100
AcDbBlockEnd
  0
BLOCK
  5
24
330
15
100
AcDbEntity
 67
     1
  8
0
370
    -1
100
AcDbBlockBegin
  2
*Paper_Space
 70
     0
 10
0.0
 20
0.0
 30
0.0
  3
*Paper_Space
  1

  0
ENDBLK
  5
25
330
15
100
AcDbEntity
 67
     1
  8
0
370
    -1
100
AcDbBlockEnd
  0
BLOCK
  5
241A
330
2416
100
AcDbEntity
  8
0
100
AcDbBlockBegin
  2
A$Ca3696499
 70
     0
 10
0.0
 20
0.0
 30
0.0
  3
A$Ca3696499
  1

  0
IMAGE
  5
2417
330
2416
100
AcDbEntity
  8
0
 92
      304
310
3001000002000000A40000000B00000000000000000000000000000000000000000000000000000000000000000000000000000000000000000000000000F03F000000000000F03F0000000000000000000000000000000041634462526173746572496D616765000F000000000000000000000000000000000000000000F0
310
3F0000000000000000000000000000F03F00000000000000000000000000000000000000007478740000000000840000000600000005000000000000000000000000000000000000000000000000000000CE720EF2813B664000000000000000000000000000000000CE720EF2813B66406403ED5FAA145340000000000000
310
000000000000000000006403ED5FAA1453400000000000000000000000000000000000000000000000000000000000000000
100
AcDbRasterImage
 90
        0
 10
0.0
 20
0.0
 30
0.0
 11
0.08518180674895456
 21
0.0
 31
0.0
 12
5.215881349034781E-18
 22
0.08518180674895458
 32
0.0
 13
2088.0
 23
896.0
340
241D
 70
     7
280
     0
281
    50
282
    50
283
     0
360
2418
 71
     1
 91
        2
 14
-0.5
 24
-0.5
 14
2087.5
 24
895.5
  0
ENDBLK
  5
241B
330
2416
100
AcDbEntity
  8
0
100
AcDbBlockEnd
  0
BLOCK
  5
248C
330
2489
100
AcDbEntity
  8
0
100
AcDbBlockBegin
  2
A$Cc10acb22
 70
     0
 10
0.0
 20
0.0
 30
0.0
  3
A$Cc10acb22
  1

  0
LWPOLYLINE
  5
248A
330
2489
100
AcDbEntity
  8
0
 62
   231
100
AcDbPolyline
 90
        2
 70
     0
 43
0.04
 10
0.0199999266189845
 20
2.756874403670041
 10
11.9627281852779
 20
2.756874403670041
  0
LWPOLYLINE
  5
248B
330
2489
100
AcDbEntity
  8
0
 62
   140
100
AcDbPolyline
 90
        4
 70
     1
 43
0.04
 10
0.0199999266189845
 20
8.735135280319707
 10
11.9627281852779
 20
8.735135280319707
 10
11.9627281852779
 20
0.0200000022097839
 10
0.0199999266189845
 20
0.0200000022097839
  0
ENDBLK
  5
248D
330
2489
100
AcDbEntity
  8
0
100
AcDbBlockEnd
  0
BLOCK
  5
2497
330
2494
100
AcDbEntity
  8
0
100
AcDbBlockBegin
  2
A$C35f881ee
 70
     0
 10
0.0
 20
0.0
 30
0.0
  3
A$C35f881ee
  1

  0
LWPOLYLINE
  5
2495
330
2494
100
AcDbEntity
  8
0
 62
   231
100
AcDbPolyline
 90
        2
 70
     0
 43
0.04
 10
0.000000005890942
 20
0.0200000022097839
 10
11.94272826454985
 20
0.0200000022097839
  0
LWPOLYLINE
  5
2496
330
2494
100
AcDbEntity
  8
0
 62
   231
100
AcDbPolyline
 90
        2
 70
     0
 43
0.04
 10
1.914088887756011
 20
1.567406851711766
 10
13.85681714641492
 20
1.567406851711766
  0
ENDBLK
  5
2498
330
2494
100
AcDbEntity
  8
0
100
AcDbBlockEnd
  0
BLOCK
  5
25BC
330
25B8
100
AcDbEntity
  8
0
100
AcDbBlockBegin
  2
A$C93a084ed
 70
     0
 10
0.0
 20
0.0
 30
0.0
  3
A$C93a084ed
  1

  0
TEXT
  5
25B9
330
25B8
100
AcDbEntity
  8
HCOM
100
AcDbText
 10
-0.0190475573012669
 20
0.0000000350279183
 30
0.0
 40
0.1
  1
HAFZANIZAM
  7
ROMANS
100
AcDbText
  0
ENDBLK
  5
25BD
330
25B8
100
AcDbEntity
  8
0
100
AcDbBlockEnd
  0
BLOCK
  5
25FC
330
25F6
100
AcDbEntity
  8
0
100
AcDbBlockBegin
  2
A$C2b617301
 70
     0
 10
0.0
 20
0.0
 30
0.0
  3
A$C2b617301
  1

  0
LWPOLYLINE
  5
25F7
330
25F6
100
AcDbEntity
  8
0
 62
     1
100
AcDbPolyline
 90
        4
 70
     1
 43
0.0
 10
2.404858155371276
 20
0.3017147949851662
 10
1.092093973081498
 20
0.3017147949851662
 10
1.092093973081498
 20
0.0000000396537294
 10
2.404858155371276
 20
0.0000000396537294
  0
TEXT
  5
25F8
330
25F6
100
AcDbEntity
  8
HCOM
100
AcDbText
 10
1.283178073889985
 20
0.1107957832037414
 30
0.0
 40
0.1
  1
HAFZANIZAM
  7
ROMANS
100
AcDbText
  0
MTEXT
  5
25F9
330
25F6
100
AcDbEntity
  8
0
100
AcDbMText
 10
0.0
 20
0.2271009358008769
 30
0.0
 40
0.1062227270550519
 41
1.205858884206142
 71
     1
 72
     5
  1
Approved by:
  7
ROMANS
 73
     1
 44
1.0
1001
ACAD
1000
ACAD_MTEXT_COLUMN_INFO_BEGIN
1070
    75
1070
     2
1070
    79
1070
     0
1070
    76
1070
     1
1070
    78
1070
     0
1070
    48
1040
1.205858884206142
1070
    49
1040
0.5311136352752596
1070
    50
1070
     1
1040
-0.1416303027400692
1000
ACAD_MTEXT_COLUMN_INFO_END
  0
ENDBLK
  5
25FD
330
25F6
100
AcDbEntity
  8
0
100
AcDbBlockEnd
  0
BLOCK
  5
2684
330
2680
100
AcDbEntity
  8
0
100
AcDbBlockBegin
  2
A$Cf9e71855
 70
     0
 10
0.0
 20
0.0
 30
0.0
  3
A$Cf9e71855
  1

  0
MTEXT
  5
2681
330
2680
100
AcDbEntity
  8
0
100
AcDbMText
 10
0.0
 20
0.1062227689855177
 30
0.0
 40
0.1062227270550519
 41
1.205858884206142
 71
     1
 72
     5
  1
Mneumonic:
  7
ROMANS
 73
     1
 44
1.0
1001
ACAD
1000
ACAD_MTEXT_COLUMN_INFO_BEGIN
1070
    75
1070
     2
1070
    79
1070
     0
1070
    76
1070
     1
1070
    78
1070
     0
1070
    48
1040
1.205858884206142
1070
    49
1040
0.5311136352752596
1070
    50
1070
     1
1040
-0.1062227270550519
1000
ACAD_MTEXT_COLUMN_INFO_END
  0
ENDBLK
  5
2685
330
2680
100
AcDbEntity
  8
0
100
AcDbBlockEnd
  0
BLOCK
  5
2842
330
2706
100
AcDbEntity
  8
0
100
AcDbBlockBegin
  2
Templete 2022
 70
     0
 10
0.0
 20
0.0
 30
0.0
  3
Templete 2022
  1

  0
TEXT
  5
2707
330
2706
100
AcDbEntity
  8
0
 62
   146
420
  1070729
100
AcDbText
 10
4.272474817524284
 20
6.823939458470615
 30
0.0
 40
0.2
  1
GRID SYSTEM OPERATOR 
  7
ROMANT
100
AcDbText
  0
LWPOLYLINE
  5
2708
330
2706
100
AcDbEntity
  8
0
 62
   252
420
  9672088
100
AcDbPolyline
 90
        2
 70
     0
 43
0.04
 10
0.0899783273177661
 20
6.563069874135697
 10
12.24906157554568
 20
6.563069874135697
  0
LWPOLYLINE
  5
2709
330
2706
100
AcDbEntity
  8
0
 62
   252
420
  9672088
100
AcDbPolyline
 90
        2
 70
     0
 43
0.04
 10
0.0913437169670317
 20
0.7420590934534204
 10
12.26029628685166
 20
0.7420590934534204
  0
LWPOLYLINE
  5
270A
330
2706
100
AcDbEntity
  8
0
 62
   251
420
  6513766
100
AcDbPolyline
 90
        4
 70
     1
 43
0.0654802089638338
 10
0.0899783273177661
 20
7.280461167590953
 10
12.25623926402329
 20
7.280461167590953
 10
12.25623926402329
 20
-1.434674110518969
 10
0.0899783273177661
 20
-1.434674110518969
  0
TEXT
  5
270B
330
2706
100
AcDbEntity
  8
0
100
AcDbText
 10
6.895629422169163
 20
0.5753635544244999
 30
0.0
 40
0.08
  1
REMARKS:
  7
ITALICT
100
AcDbText
  0
TEXT
  5
270C
330
2706
100
AcDbEntity
  8
0
100
AcDbText
 10
1.584908110315638
 20
0.583663425411297
 30
0.0
 40
0.09
  1
Transformer Rating
  7
ROMANS
100
AcDbText
  0
LWPOLYLINE
  5
270D
330
2706
100
AcDbEntity
  8
0
 62
   146
420
  1070729
100
AcDbPolyline
 90
        4
 70
     1
 43
0.0
 10
2.021626764110465
 20
0.018296505531171
 10
1.233156619282569
 20
0.018296505531171
 10
1.233156619282569
 20
-0.150407564029762
 10
2.021626764110465
 20
-0.150407564029762
  0
TEXT
  5
270E
330
2706
100
AcDbEntity
  8
0
100
AcDbText
 10
0.5549237686490542
 20
-0.1113814277831864
 30
0.0
 40
0.0768
  1
275/230kV
  7
ROMANS
100
AcDbText
  0
LWPOLYLINE
  5
270F
330
2706
100
AcDbEntity
  8
0
 62
   146
420
  1070729
100
AcDbPolyline
 90
        4
 70
     1
 43
0.0
 10
3.403896498186981
 20
-0.150407564029762
 10
3.862362546925166
 20
-0.150407564029762
 10
3.862362546925166
 20
0.018296505531171
 10
3.403896498186981
 20
0.018296505531171
  0
TEXT
  5
2710
330
2706
100
AcDbEntity
  8
0
100
AcDbText
 10
2.959307270926443
 20
-0.0744165781162104
 30
0.0
 40
0.0768
  1
Vector
  7
ROMANS
100
AcDbText
  0
LWPOLYLINE
  5
2711
330
2706
100
AcDbEntity
  8
0
 62
   146
420
  1070729
100
AcDbPolyline
 90
        4
 70
     1
 43
0.0
 10
2.499434361212118
 20
-0.150407564029762
 10
2.874429067311774
 20
-0.150407564029762
 10
2.874429067311774
 20
0.018296505531171
 10
2.499434361212118
 20
0.018296505531171
  0
TEXT
  5
2712
330
2706
100
AcDbEntity
  8
0
100
AcDbText
 10
2.115341150972577
 20
-0.0782278331454546
 30
0.0
 40
0.0768
  1
Total
  7
ROMANS
100
AcDbText
  0
LWPOLYLINE
  5
2713
330
2706
100
AcDbEntity
  8
0
 62
   252
420
  9672088
100
AcDbPolyline
 90
        2
 70
     0
 43
0.025
 10
2.823187224500361
 20
6.563069874135697
 10
2.823187224500361
 20
0.7231713355171525
  0
LWPOLYLINE
  5
2714
330
2706
100
AcDbEntity
  8
0
 62
   252
420
  9672088
100
AcDbPolyline
 90
        2
 70
     0
 43
0.025
 10
4.334148853793039
 20
0.7341978448092661
 10
4.334148853793039
 20
-0.8851504969919333
  0
TEXT
  5
2715
330
2706
100
AcDbEntity
  8
0
100
AcDbText
 10
2.115341150972577
 20
-0.1815575591505835
 30
0.0
 40
0.0768
  1
Cap.:
  7
ROMANS
100
AcDbText
  0
TEXT
  5
2716
330
2706
100
AcDbEntity
  8
0
100
AcDbText
 10
2.959307270926443
 20
-0.18113417742473
 30
0.0
 40
0.0768
  1
Group:
  7
ROMANS
100
AcDbText
  0
LWPOLYLINE
  5
2717
330
2706
100
AcDbEntity
  8
0
 62
     5
100
AcDbPolyline
 90
        6
 70
     0
 43
0.02
 10
1.516952471740467
 20
0.6160975957356581
 10
0.2147219365160993
 20
0.616097595735658
 10
0.2147219365160993
 20
-0.7814477220041172
 10
4.247479345318965
 20
-0.7814477220041167
 10
4.247479345318965
 20
0.6160975957356576
 10
2.947903546931144
 20
0.6160975957356581
  0
TEXT
  5
2718
330
2706
100
AcDbEntity
  8
0
100
AcDbText
 10
4.968655718162365
 20
0.5836634254112969
 30
0.0
 40
0.09
  1
Commissioning Date
  7
ROMANS
100
AcDbText
  0
LWPOLYLINE
  5
2719
330
2706
100
AcDbEntity
  8
0
 62
   252
420
  9672088
100
AcDbPolyline
 90
        2
 70
     0
 43
0.025
 10
6.799392097949978
 20
0.7373107939651149
 10
6.799392097949978
 20
-0.8820375478360845
  0
LWPOLYLINE
  5
271A
330
2706
100
AcDbEntity
  8
0
 62
   146
420
  1070729
100
AcDbPolyline
 90
        4
 70
     1
 43
0.0
 10
5.553633062179617
 20
0.3384559283173052
 10
4.502967168877262
 20
0.3384559283173052
 10
4.502967168877262
 20
0.0710151587429806
 10
5.553633062179617
 20
0.0710151587429806
  0
TEXT
  5
271B
330
2706
100
AcDbEntity
  8
0
100
AcDbText
 10
4.540461265570835
 20
0.1567972698524771
 30
0.0
 40
0.08
  1
SGT1
  7
ROMANT
100
AcDbText
  0
LINE
  5
271C
330
2706
100
AcDbEntity
  8
0
 62
   146
420
  1070729
100
AcDbLine
 10
4.88030429340411
 20
0.3384559283173052
 30
0.0
 11
4.88030429340411
 21
0.0710151587429806
 31
0.0
  0
LWPOLYLINE
  5
271D
330
2706
100
AcDbEntity
  8
0
 62
   146
420
  1070729
100
AcDbPolyline
 90
        4
 70
     1
 43
0.0
 10
6.666615259428421
 20
0.3414716286717639
 10
5.615949366126066
 20
0.3414716286717639
 10
5.615949366126066
 20
0.0740308590974393
 10
6.666615259428421
 20
0.0740308590974393
  0
LINE
  5
271E
330
2706
100
AcDbEntity
  8
0
 62
   146
420
  1070729
100
AcDbLine
 10
5.993286490652912
 20
0.3414716286717639
 30
0.0
 11
5.993286490652912
 21
0.0740308590974393
 31
0.0
  0
TEXT
  5
271F
330
2706
100
AcDbEntity
  8
0
100
AcDbText
 10
5.653443462819639
 20
0.1598129702069358
 30
0.0
 40
0.08
  1
SGT2
  7
ROMANT
100
AcDbText
  0
LWPOLYLINE
  5
2720
330
2706
100
AcDbEntity
  8
0
 62
     5
100
AcDbPolyline
 90
        3
 70
     0
 43
0.02
 10
4.420333985283349
 20
-0.7845591009724018
 10
4.420333985283349
 20
0.6154464538070852
 10
4.925537727888843
 20
0.6154464538070852
  0
LWPOLYLINE
  5
2721
330
2706
100
AcDbEntity
  8
0
 62
     5
100
AcDbPolyline
 90
        4
 70
     0
 43
0.02
 10
6.409735396805932
 20
0.6154464538070852
 10
6.726243351085344
 20
0.6154464538070852
 10
6.726243351085344
 20
-0.7772981350283032
 10
4.417166299295246
 20
-0.7772981350283032
  0
LWPOLYLINE
  5
2722
330
2706
100
AcDbEntity
  8
HCOM
 62
    18
420
        0
100
AcDbPolyline
 90
        4
 70
     1
 43
0.0
 10
5.269187339237702
 20
5.202598043185493
 10
5.269187339237702
 20
5.276188680023953
 10
5.191858003900781
 20
5.276188680023953
 10
5.191858003900781
 20
5.202598043185493
  0
LWPOLYLINE
  5
2723
330
2706
100
AcDbEntity
  8
HCOM
 62
    18
420
        0
100
AcDbPolyline
 90
        4
 70
     1
 43
0.0
 10
5.299229112241322
 20
5.794793080942616
 10
5.32930163153901
 20
5.834211126460914
 10
5.36019818129225
 20
5.795113065076706
 10
5.32930163153901
 20
5.7560150036925
  0
LINE
  5
2724
330
2706
100
AcDbEntity
  8
HCOM
 62
    18
420
        0
100
AcDbLine
 10
5.232026330653997
 20
5.794200616799298
 30
0.0
 11
5.299688570023824
 21
5.794200616799298
 31
0.0
  0
LINE
  5
2725
330
2706
100
AcDbEntity
  8
HCOM
100
AcDbLine
 10
5.421331616121685
 20
5.738809026174241
 30
0.0
 11
5.433933774917724
 21
5.738809026174241
 31
0.0
  0
LINE
  5
2726
330
2706
100
AcDbEntity
  8
HCOM
100
AcDbLine
 10
5.412729298435178
 20
5.749901590002207
 30
0.0
 11
5.442699476798283
 21
5.749901590002207
 31
0.0
  0
LINE
  5
2727
330
2706
100
AcDbEntity
  8
HCOM
100
AcDbLine
 10
5.404029735393169
 20
5.761119550304961
 30
0.0
 11
5.451564271019612
 21
5.761119550304961
 31
0.0
  0
LINE
  5
2728
330
2706
100
AcDbEntity
  8
HCOM
 62
    18
420
        0
100
AcDbLine
 10
5.232026330653997
 20
6.075134055578259
 30
0.0
 11
5.232026330653997
 21
5.605677984877987
 31
0.0
  0
LWPOLYLINE
  5
2729
330
2706
100
AcDbEntity
  8
HCOM
 62
    18
420
        0
100
AcDbPolyline
 90
        4
 70
     1
 43
0.0
 10
5.40201856484008
 20
4.931228280395521
 10
5.432091084137771
 20
4.970646325913817
 10
5.462987633891012
 20
4.93154826452961
 10
5.432091084137771
 20
4.892450203145405
  0
LINE
  5
272A
330
2706
100
AcDbEntity
  8
HCOM
 62
    18
420
        0
100
AcDbLine
 10
5.43267072254663
 20
5.036229177062946
 30
0.0
 11
5.43267072254663
 21
4.969912822067233
 31
0.0
  0
LWPOLYLINE
  5
272B
330
2706
100
AcDbEntity
  8
HCOM
 62
    18
420
        0
100
AcDbPolyline
 90
        4
 70
     1
 43
0.0
 10
5.40201856484008
 20
4.756549222283251
 10
5.432091084137771
 20
4.795967267801549
 10
5.462987633891012
 20
4.756869206417344
 10
5.432091084137771
 20
4.717771145033138
  0
LINE
  5
272C
330
2706
100
AcDbEntity
  8
HCOM
 62
    18
420
        0
100
AcDbLine
 10
5.43267072254663
 20
4.893183706991989
 30
0.0
 11
5.43267072254663
 21
4.795233763954966
 31
0.0
  0
LINE
  5
272D
330
2706
100
AcDbEntity
  8
HCOM
 62
    18
420
        0
100
AcDbLine
 10
5.43267072254663
 20
4.718504648879721
 30
0.0
 11
5.43267072254663
 21
4.6524767762499
 31
0.0
  0
LINE
  5
272E
330
2706
100
AcDbEntity
  8
HCOM
 62
     4
100
AcDbLine
 10
7.514361431324845
 20
4.973449568931166
 30
0.0
 11
7.514361431324845
 21
5.039477441560987
 31
0.0
  0
LINE
  5
272F
330
2706
100
AcDbEntity
  8
HCOM
 62
     4
100
AcDbLine
 10
7.514361431324845
 20
4.798770510818898
 30
0.0
 11
7.514361431324845
 21
4.89672045385592
 31
0.0
  0
LWPOLYLINE
  5
2730
330
2706
100
AcDbEntity
  8
HCOM
 62
     4
100
AcDbPolyline
 90
        4
 70
     1
 43
0.0
 10
7.483709273618297
 20
4.935404995527634
 10
7.513781792915987
 20
4.895986950009338
 10
7.544678342669227
 20
4.935085011393545
 10
7.513781792915987
 20
4.97418307277775
  0
LINE
  5
2731
330
2706
100
AcDbEntity
  8
HCOM
 62
     4
100
AcDbLine
 10
7.513893271469852
 20
4.655725040747944
 30
0.0
 11
7.513893271469852
 21
4.722041395743654
 31
0.0
  0
LWPOLYLINE
  5
2732
330
2706
100
AcDbEntity
  8
HCOM
 62
     4
100
AcDbPolyline
 90
        4
 70
     1
 43
0.0
 10
7.483709273618297
 20
4.760725937415367
 10
7.513781792915987
 20
4.721307891897069
 10
7.544678342669227
 20
4.760405953281277
 10
7.513781792915987
 20
4.79950401466548
  0
LINE
  5
2733
330
2706
100
AcDbEntity
  8
HCOM
 62
     7
100
AcDbLine
 10
7.313717039432215
 20
2.905638373122642
 30
0.0
 11
7.313717039432215
 21
3.077549405764989
 31
0.0
  0
LWPOLYLINE
  5
2734
330
2706
100
AcDbEntity
  8
HCOM
 62
     4
100
AcDbPolyline
 90
        4
 70
     1
 43
0.0
 10
7.350878048015917
 20
4.465757344736208
 10
7.350878048015917
 20
4.392166707897742
 10
7.273548712678999
 20
4.392166707897742
 10
7.273548712678999
 20
4.465757344736208
  0
LINE
  5
2735
330
2706
100
AcDbEntity
  8
HCOM
 62
     4
100
AcDbLine
 10
9.612763774019784
 20
4.702246808382593
 30
0.0
 11
9.612763774019784
 21
4.6524767762499
 31
0.0
  0
LINE
  5
2736
330
2706
100
AcDbEntity
  8
HCOM
 62
     4
100
AcDbLine
 10
9.612763774019784
 20
4.911247974211017
 30
0.0
 11
9.612763774019784
 21
4.8745641410702
 31
0.0
  0
LWPOLYLINE
  5
2737
330
2706
100
AcDbEntity
  8
HCOM
 62
     4
100
AcDbPolyline
 90
        4
 70
     1
 43
0.0
 10
9.582111616313236
 20
4.740291381786127
 10
9.612184135610926
 20
4.779709427304423
 10
9.64308068536417
 20
4.740611365920218
 10
9.612184135610926
 20
4.701513304536013
  0
LINE
  5
2738
330
2706
100
AcDbEntity
  8
HCOM
 62
     4
100
AcDbLine
 10
9.612763774019784
 20
5.036229177062946
 30
0.0
 11
9.612763774019784
 21
4.987977089286263
 31
0.0
  0
LWPOLYLINE
  5
2739
330
2706
100
AcDbEntity
  8
HCOM
 62
     4
100
AcDbPolyline
 90
        4
 70
     1
 43
0.0
 10
9.582111616313236
 20
4.949292547614551
 10
9.612184135610926
 20
4.988710593132847
 10
9.64308068536417
 20
4.94961253174864
 10
9.612184135610926
 20
4.910514470364435
  0
LWPOLYLINE
  5
273A
330
2706
100
AcDbEntity
  8
HCOM
 62
     4
100
AcDbPolyline
 90
        4
 70
     1
 43
0.0
 10
9.638794942217098
 20
4.823050695283277
 10
9.638794942217098
 20
4.8745641410702
 10
9.584664407481254
 20
4.8745641410702
 10
9.584664407481254
 20
4.823050695283277
  0
LINE
  5
273B
330
2706
100
AcDbEntity
  8
HCOM
 62
     4
100
AcDbLine
 10
9.612763774019784
 20
4.823050695283277
 30
0.0
 11
9.612763774019784
 21
4.778975923457841
 31
0.0
  0
TEXT
  5
273C
330
2706
100
AcDbEntity
  8
HCOM
100
AcDbText
 10
6.09401696607179
 20
5.226615254031191
 30
0.0
 40
0.0680682384935672
  1
L45
100
AcDbText
  0
TEXT
  5
273D
330
2706
100
AcDbEntity
  8
HCOM
100
AcDbText
 10
6.284524031023614
 20
4.72900479469314
 30
0.0
 40
0.068068238493567
  1
L46
100
AcDbText
  0
TEXT
  5
273E
330
2706
100
AcDbEntity
  8
HCOM
100
AcDbText
 10
6.284524031023614
 20
4.903941726451277
 30
0.0
 40
0.068068238493567
  1
L44
100
AcDbText
  0
TEXT
  5
273F
330
2706
100
AcDbEntity
  8
HCOM
100
AcDbText
 10
9.65492566821836
 20
4.71424128159525
 30
0.0
 40
0.0680682384935672
  1
W16
100
AcDbText
  0
TEXT
  5
2740
330
2706
100
AcDbEntity
  8
HCOM
100
AcDbText
 10
9.658365545002441
 20
4.825436863670861
 30
0.0
 40
0.0680682384935672
  1
W10
100
AcDbText
  0
TEXT
  5
2741
330
2706
100
AcDbEntity
  8
HCOM
100
AcDbText
 10
9.656645606610399
 20
4.932432107186136
 30
0.0
 40
0.0680682384935672
  1
W14
100
AcDbText
  0
TEXT
  5
2742
330
2706
100
AcDbEntity
  8
HCOM
100
AcDbText
 10
7.564836361084952
 20
4.91576928972057
 30
0.0
 40
0.068068238493567
  1
H14
100
AcDbText
  0
TEXT
  5
2743
330
2706
100
AcDbEntity
  8
HCOM
100
AcDbText
 10
7.564836361084952
 20
4.737123753308499
 30
0.0
 40
0.068068238493567
  1
H16
100
AcDbText
  0
TEXT
  5
2744
330
2706
100
AcDbEntity
  8
HCOM
100
AcDbText
 10
7.083068589037464
 20
4.409601388193181
 30
0.0
 40
0.0680682384935671
  1
H10
100
AcDbText
  0
TEXT
  5
2745
330
2706
100
AcDbEntity
  8
HCOM
100
AcDbText
 10
7.393586428014735
 20
3.585002563086591
 30
0.0
 40
0.0680682384935669
  1
L13
100
AcDbText
  0
TEXT
  5
2746
330
2706
100
AcDbEntity
  8
HCOM
100
AcDbText
 10
3.895937571894247
 20
4.824785983047631
 30
0.0
 40
0.0680682384935671
  1
275kV
100
AcDbText
  0
TEXT
  5
2747
330
2706
100
AcDbEntity
  8
HCOM
100
AcDbText
 10
7.904167870363159
 20
3.589540436880672
 30
0.0
 40
0.0680682384935672
  1
275/230kV
  7
ROMANS
100
AcDbText
  0
TEXT
  5
2748
330
2706
100
AcDbEntity
  8
HCOM
100
AcDbText
 10
6.076674167516518
 20
5.870006196103278
 30
0.0
 40
0.0612614146442103
  1
L41
100
AcDbText
  0
TEXT
  5
2749
330
2706
100
AcDbEntity
  8
HCOM
100
AcDbText
 10
5.099503838748586
 20
6.120746831534587
 30
0.0
 40
0.0735136975730526
  1
PMJY1
100
AcDbText
  0
TEXT
  5
274A
330
2706
100
AcDbEntity
  8
HCOM
100
AcDbText
 10
6.859052036382745
 20
4.017783385670491
 30
0.0
 40
0.0952955338909943
  1
SGT1
  7
ROMANS
100
AcDbText
  0
LWPOLYLINE
  5
274B
330
2706
100
AcDbEntity
  8
HCOM
 62
    18
420
        0
100
AcDbPolyline
 90
        4
 70
     1
 43
0.0
 10
4.411893960500707
 20
5.208713443536837
 10
4.411893960500707
 20
5.282304080375301
 10
4.334564625163788
 20
5.282304080375301
 10
4.334564625163788
 20
5.208713443536837
  0
TEXT
  5
274C
330
2706
100
AcDbEntity
  8
HCOM
100
AcDbText
 10
6.746384607711359
 20
5.226634334681568
 30
0.0
 40
0.0680682384935671
  1
L35
100
AcDbText
  0
TEXT
  5
274D
330
2706
100
AcDbEntity
  8
HCOM
100
AcDbText
 10
6.960289595674413
 20
4.735120195044486
 30
0.0
 40
0.0680682384935671
  1
L36
100
AcDbText
  0
TEXT
  5
274E
330
2706
100
AcDbEntity
  8
HCOM
100
AcDbText
 10
6.760142287819179
 20
5.551289356193937
 30
0.0
 40
0.0680682384935671
  1
L33
100
AcDbText
  0
LWPOLYLINE
  5
274F
330
2706
100
AcDbEntity
  8
HCOM
 62
    18
420
        0
100
AcDbPolyline
 90
        4
 70
     1
 43
0.0
 10
4.544725186103086
 20
4.937343680746867
 10
4.574797705400777
 20
4.976761726265163
 10
4.605694255154018
 20
4.937663664880956
 10
4.574797705400777
 20
4.898565603496749
  0
LINE
  5
2750
330
2706
100
AcDbEntity
  8
HCOM
 62
    18
420
        0
100
AcDbLine
 10
4.575377343809635
 20
4.724620049231065
 30
0.0
 11
4.575377343809635
 21
4.658592176601244
 31
0.0
  0
LWPOLYLINE
  5
2751
330
2706
100
AcDbEntity
  8
HCOM
 62
    18
420
        0
100
AcDbPolyline
 90
        4
 70
     1
 43
0.0
 10
4.544725186103086
 20
4.762664622634595
 10
4.574797705400777
 20
4.802082668152895
 10
4.605694255154018
 20
4.762984606768688
 10
4.574797705400777
 20
4.723886545384483
  0
LINE
  5
2752
330
2706
100
AcDbEntity
  8
HCOM
 62
    18
420
        0
100
AcDbLine
 10
4.575377343809635
 20
4.899299107343335
 30
0.0
 11
4.575377343809635
 21
4.801349164306313
 31
0.0
  0
LINE
  5
2753
330
2706
100
AcDbEntity
  8
HCOM
 62
    18
420
        0
100
AcDbLine
 10
4.575377343809635
 20
5.042344577414291
 30
0.0
 11
4.575377343809635
 21
4.976028222418577
 31
0.0
  0
LINE
  5
2754
330
2706
100
AcDbEntity
  8
HCOM
 62
    18
420
        0
100
AcDbLine
 10
4.374732951917001
 20
6.081249455929603
 30
0.0
 11
4.374732951917001
 21
5.610722723112445
 31
0.0
  0
TEXT
  5
2755
330
2706
100
AcDbEntity
  8
HCOM
100
AcDbText
 10
6.740740943532745
 20
5.881716517292514
 30
0.0
 40
0.0612614146442102
  1
L31
100
AcDbText
  0
LINE
  5
2756
330
2706
100
AcDbEntity
  8
HCOM
 62
    18
420
        0
100
AcDbLine
 10
4.374732951917001
 20
5.800316017150644
 30
0.0
 11
4.442395191286832
 21
5.800316017150644
 31
0.0
  0
LWPOLYLINE
  5
2757
330
2706
100
AcDbEntity
  8
HCOM
 62
    18
420
        0
100
AcDbPolyline
 90
        4
 70
     1
 43
0.0
 10
4.441935733504327
 20
5.800908481293963
 10
4.472008252802017
 20
5.840326526812259
 10
4.502904802555258
 20
5.801228465428052
 10
4.472008252802017
 20
5.762130404043846
  0
LINE
  5
2758
330
2706
100
AcDbEntity
  8
HCOM
100
AcDbLine
 10
4.546736356656175
 20
5.767234950656306
 30
0.0
 11
4.594270892282618
 21
5.767234950656306
 31
0.0
  0
LINE
  5
2759
330
2706
100
AcDbEntity
  8
HCOM
100
AcDbLine
 10
4.555435919698185
 20
5.756016990353553
 30
0.0
 11
4.585406098061289
 21
5.756016990353553
 31
0.0
  0
LINE
  5
275A
330
2706
100
AcDbEntity
  8
HCOM
100
AcDbLine
 10
4.564038237384692
 20
5.744924426525587
 30
0.0
 11
4.576640396180729
 21
5.744924426525587
 31
0.0
  0
TEXT
  5
275B
330
2706
100
AcDbEntity
  8
HCOM
100
AcDbText
 10
4.242210460011594
 20
6.126862231885935
 30
0.0
 40
0.0735136975730524
  1
PMJY2
100
AcDbText
  0
LWPOLYLINE
  5
275C
330
2706
100
AcDbEntity
  8
HCOM
 62
     4
100
AcDbPolyline
 90
        4
 70
     1
 43
0.0
 10
6.723759879765288
 20
5.220099427748917
 10
6.723759879765288
 20
5.293690064587381
 10
6.646430544428374
 20
5.293690064587381
 10
6.646430544428374
 20
5.220099427748917
  0
LWPOLYLINE
  5
275D
330
2706
100
AcDbEntity
  8
HCOM
 62
     4
100
AcDbPolyline
 90
        4
 70
     1
 43
0.0
 10
6.856591105367673
 20
4.948729664958949
 10
6.886663624665361
 20
4.988147710477243
 10
6.917560174418603
 20
4.949049649093038
 10
6.886663624665361
 20
4.90995158770883
  0
LINE
  5
275E
330
2706
100
AcDbEntity
  8
HCOM
 62
     4
100
AcDbLine
 10
6.887243263074217
 20
4.736006033443145
 30
0.0
 11
6.887243263074217
 21
4.669978160813326
 31
0.0
  0
LWPOLYLINE
  5
275F
330
2706
100
AcDbEntity
  8
HCOM
 62
     4
100
AcDbPolyline
 90
        4
 70
     1
 43
0.0
 10
6.856591105367673
 20
4.774050606846677
 10
6.886663624665361
 20
4.813468652364975
 10
6.917560174418603
 20
4.774370590980771
 10
6.886663624665361
 20
4.735272529596564
  0
LINE
  5
2760
330
2706
100
AcDbEntity
  8
HCOM
 62
     4
100
AcDbLine
 10
6.887243263074217
 20
4.910685091555415
 30
0.0
 11
6.887243263074217
 21
4.812735148518392
 31
0.0
  0
LINE
  5
2761
330
2706
100
AcDbEntity
  8
HCOM
 62
     4
100
AcDbLine
 10
6.887243263074217
 20
5.053730561626372
 30
0.0
 11
6.887243263074217
 21
4.987414206630659
 31
0.0
  0
LINE
  5
2762
330
2706
100
AcDbEntity
  8
HCOM
 62
     4
100
AcDbLine
 10
6.686598871181588
 20
6.092635440141684
 30
0.0
 11
6.686598871181588
 21
5.620133410711444
 31
0.0
  0
LINE
  5
2763
330
2706
100
AcDbEntity
  8
HCOM
 62
     4
100
AcDbLine
 10
6.686598871181588
 20
5.811702001362724
 30
0.0
 11
6.754261110551417
 21
5.811702001362724
 31
0.0
  0
LWPOLYLINE
  5
2764
330
2706
100
AcDbEntity
  8
HCOM
 62
     4
100
AcDbPolyline
 90
        4
 70
     1
 43
0.0
 10
6.753801652768916
 20
5.812294465506042
 10
6.783874172066606
 20
5.851712511024342
 10
6.81477072181984
 20
5.812614449640133
 10
6.783874172066606
 20
5.773516388255928
  0
LINE
  5
2765
330
2706
100
AcDbEntity
  8
HCOM
100
AcDbLine
 10
6.858602275920759
 20
5.778620934868387
 30
0.0
 11
6.906136811547205
 21
5.778620934868387
 31
0.0
  0
LINE
  5
2766
330
2706
100
AcDbEntity
  8
HCOM
100
AcDbLine
 10
6.867301838962772
 20
5.767402974565632
 30
0.0
 11
6.897272017325874
 21
5.767402974565632
 31
0.0
  0
LINE
  5
2767
330
2706
100
AcDbEntity
  8
HCOM
100
AcDbLine
 10
6.875904156649278
 20
5.756310410737667
 30
0.0
 11
6.888506315445317
 21
5.756310410737667
 31
0.0
  0
LWPOLYLINE
  5
2768
330
2706
100
AcDbEntity
  8
HCOM
 62
    18
420
        0
100
AcDbPolyline
 90
        3
 70
     0
 43
0.031126370353652
 10
7.313717039432215
 20
4.465757344736208
 10
7.313717039432215
 20
4.847231334683663
 10
7.514361431324845
 20
4.847231334683663
  0
LWPOLYLINE
  5
2769
330
2706
100
AcDbEntity
  8
HCOM
 62
    18
420
        0
100
AcDbPolyline
 90
        3
 70
     0
 43
0.0
 10
5.232026330653997
 20
5.202598043185493
 10
5.232026330653997
 20
4.844722883127224
 10
5.43267072254663
 20
4.844722883127224
  0
LWPOLYLINE
  5
276A
330
2706
100
AcDbEntity
  8
HCOM
 62
    18
420
        0
100
AcDbPolyline
 90
        3
 70
     0
 43
0.0
 10
4.374732951917001
 20
5.208713443536837
 10
4.374732951917001
 20
4.850838283478568
 10
4.575377343809635
 20
4.850838283478572
  0
LWPOLYLINE
  5
276B
330
2706
100
AcDbEntity
  8
HCOM
 62
     4
100
AcDbPolyline
 90
        3
 70
     0
 43
0.0
 10
6.686598871181588
 20
5.220099427748917
 10
6.686598871181588
 20
4.862224267690648
 10
6.887243263074217
 20
4.862224267690651
  0
LINE
  5
276C
330
2706
100
AcDbEntity
  8
HCOM
 62
     7
100
AcDbLine
 10
8.992118882305975
 20
2.905638373122642
 30
0.0
 11
8.992118882305975
 21
3.077549405764989
 31
0.0
  0
TEXT
  5
276D
330
2706
100
AcDbEntity
  8
HCOM
100
AcDbText
 10
9.060706750875207
 20
3.585031788069519
 30
0.0
 40
0.068068238493567
  1
L23
100
AcDbText
  0
LWPOLYLINE
  5
276E
330
2706
100
AcDbEntity
  8
HCOM
 62
    18
420
        0
100
AcDbPolyline
 90
        3
 70
     0
 43
0.031126370353652
 10
8.992118882305975
 20
4.465757344736208
 10
8.992118882305975
 20
4.847231334683663
 10
9.192763274198606
 20
4.847231334683663
  0
TEXT
  5
276F
330
2706
100
AcDbEntity
  8
HCOM
100
AcDbText
 10
9.075591986801113
 20
4.409601388193181
 30
0.0
 40
0.068068238493567
  1
H20
100
AcDbText
  0
LWPOLYLINE
  5
2770
330
2706
100
AcDbEntity
  8
HCOM
 62
     4
100
AcDbPolyline
 90
        4
 70
     1
 43
0.0
 10
9.029279890889681
 20
4.465757344736208
 10
9.029279890889681
 20
4.392166707897742
 10
8.951950555552761
 20
4.392166707897742
 10
8.951950555552761
 20
4.465757344736208
  0
LWPOLYLINE
  5
2771
330
2706
100
AcDbEntity
  8
HCOM
 62
     4
100
AcDbPolyline
 90
        4
 70
     1
 43
0.0
 10
9.162111116492058
 20
4.935404995527634
 10
9.192183635789752
 20
4.895986950009338
 10
9.223080185542992
 20
4.935085011393545
 10
9.192183635789752
 20
4.97418307277775
  0
LINE
  5
2772
330
2706
100
AcDbEntity
  8
HCOM
 62
     4
100
AcDbLine
 10
9.192763274198606
 20
4.798770510818898
 30
0.0
 11
9.192763274198606
 21
4.89672045385592
 31
0.0
  0
LINE
  5
2773
330
2706
100
AcDbEntity
  8
HCOM
 62
     4
100
AcDbLine
 10
9.192763274198606
 20
4.655725040747944
 30
0.0
 11
9.192763274198606
 21
4.722041395743654
 31
0.0
  0
LWPOLYLINE
  5
2774
330
2706
100
AcDbEntity
  8
HCOM
 62
     4
100
AcDbPolyline
 90
        4
 70
     1
 43
0.0
 10
9.162111116492058
 20
4.760725937415367
 10
9.192183635789752
 20
4.721307891897069
 10
9.223080185542992
 20
4.760405953281277
 10
9.192183635789752
 20
4.79950401466548
  0
LINE
  5
2775
330
2706
100
AcDbEntity
  8
HCOM
 62
     4
100
AcDbLine
 10
9.192763274198606
 20
4.973449568931166
 30
0.0
 11
9.192763274198606
 21
5.039477441560987
 31
0.0
  0
TEXT
  5
2776
330
2706
100
AcDbEntity
  8
HCOM
100
AcDbText
 10
9.24323820395872
 20
4.737123753308499
 30
0.0
 40
0.068068238493567
  1
H26
100
AcDbText
  0
TEXT
  5
2777
330
2706
100
AcDbEntity
  8
HCOM
100
AcDbText
 10
9.24323820395872
 20
4.91576928972057
 30
0.0
 40
0.068068238493567
  1
H24
100
AcDbText
  0
LWPOLYLINE
  5
2778
330
2706
100
AcDbEntity
  8
HCOM
 62
    18
420
        0
100
AcDbPolyline
 90
        3
 70
     0
 43
0.0
 10
5.359477135219834
 20
5.794200616799298
 10
5.427568741556201
 20
5.794200616799298
 10
5.427568741556201
 20
5.761119550304961
  0
LWPOLYLINE
  5
2779
330
2706
100
AcDbEntity
  8
HCOM
 62
    18
420
        0
100
AcDbPolyline
 90
        3
 70
     0
 43
0.0
 10
4.502183756482842
 20
5.800316017150644
 10
4.570275362819207
 20
5.800316017150644
 10
4.570275362819207
 20
5.767234950656306
  0
LWPOLYLINE
  5
277A
330
2706
100
AcDbEntity
  8
HCOM
 62
     4
100
AcDbPolyline
 90
        3
 70
     0
 43
0.0
 10
6.814049675747431
 20
5.811702001362724
 10
6.882141282083793
 20
5.811702001362724
 10
6.882141282083793
 20
5.778620934868387
  0
LINE
  5
277B
330
2706
100
AcDbEntity
  8
HCOM
 62
    18
420
        0
100
AcDbLine
 10
6.028924013018879
 20
6.087040519303793
 30
0.0
 11
6.028924013018879
 21
5.616942417196972
 31
0.0
  0
LINE
  5
277C
330
2706
100
AcDbEntity
  8
HCOM
 62
    18
420
        0
100
AcDbLine
 10
6.229568404911514
 20
4.730411112605255
 30
0.0
 11
6.229568404911514
 21
4.664383239975434
 31
0.0
  0
LWPOLYLINE
  5
277D
330
2706
100
AcDbEntity
  8
HCOM
 62
    18
420
        0
100
AcDbPolyline
 90
        3
 70
     0
 43
0.0
 10
6.028924013018879
 20
5.214504506911027
 10
6.028924013018879
 20
4.856629346852758
 10
6.229568404911514
 20
4.856629346852761
  0
LINE
  5
277E
330
2706
100
AcDbEntity
  8
HCOM
 62
    18
420
        0
100
AcDbLine
 10
6.229568404911514
 20
5.04813564078848
 30
0.0
 11
6.229568404911514
 21
4.981819285792767
 31
0.0
  0
TEXT
  5
277F
330
2706
100
AcDbEntity
  8
HCOM
100
AcDbText
 10
4.629982120363539
 20
4.72900479469314
 30
0.0
 40
0.0680682384935671
  1
L86
100
AcDbText
  0
TEXT
  5
2780
330
2706
100
AcDbEntity
  8
HCOM
100
AcDbText
 10
4.629982120363539
 20
4.903941726451277
 30
0.0
 40
0.0680682384935671
  1
L84
100
AcDbText
  0
LINE
  5
2781
330
2706
100
AcDbEntity
  8
HCOM
 62
    18
420
        0
100
AcDbLine
 10
6.229568404911514
 20
4.905090170717525
 30
0.0
 11
6.229568404911514
 21
4.807140227680502
 31
0.0
  0
LWPOLYLINE
  5
2782
330
2706
100
AcDbEntity
  8
HCOM
 62
    18
420
        0
100
AcDbPolyline
 90
        4
 70
     1
 43
0.0
 10
6.198916247204965
 20
4.943134744121057
 10
6.228988766502655
 20
4.982552789639353
 10
6.259885316255896
 20
4.943454728255146
 10
6.228988766502655
 20
4.904356666870939
  0
LWPOLYLINE
  5
2783
330
2706
100
AcDbEntity
  8
HCOM
 62
    18
420
        0
100
AcDbPolyline
 90
        4
 70
     1
 43
0.0
 10
6.198916247204965
 20
4.768455686008785
 10
6.228988766502655
 20
4.807873731527083
 10
6.259885316255896
 20
4.768775670142878
 10
6.228988766502655
 20
4.729677608758672
  0
TEXT
  5
2784
330
2706
100
AcDbEntity
  8
HCOM
100
AcDbText
 10
4.439475055411717
 20
5.214708790305655
 30
0.0
 40
0.0680682384935672
  1
L85
100
AcDbText
  0
LWPOLYLINE
  5
2785
330
2706
100
AcDbEntity
  8
HCOM
 62
    18
420
        0
100
AcDbPolyline
 90
        4
 70
     1
 43
0.0
 10
6.066085021602583
 20
5.214504506911027
 10
6.066085021602583
 20
5.288095143749491
 10
5.988755686265665
 20
5.288095143749491
 10
5.988755686265665
 20
5.214504506911027
  0
LWPOLYLINE
  5
2786
330
2706
100
AcDbEntity
  8
HCOM
 62
    18
420
        0
100
AcDbPolyline
 90
        3
 70
     0
 43
0.0
 10
6.156374817584719
 20
5.806107080524834
 10
6.224466423921087
 20
5.806107080524834
 10
6.224466423921087
 20
5.773026014030496
  0
TEXT
  5
2787
330
2706
100
AcDbEntity
  8
HCOM
100
AcDbText
 10
4.422132343291964
 20
5.869790910288755
 30
0.0
 40
0.0612614146442103
  1
L81
100
AcDbText
  0
LINE
  5
2788
330
2706
100
AcDbEntity
  8
HCOM
 62
    18
420
        0
100
AcDbLine
 10
6.028924013018879
 20
5.806107080524834
 30
0.0
 11
6.09658625238871
 21
5.806107080524834
 31
0.0
  0
LWPOLYLINE
  5
2789
330
2706
100
AcDbEntity
  8
HCOM
 62
    18
420
        0
100
AcDbPolyline
 90
        4
 70
     1
 43
0.0
 10
6.096126794606206
 20
5.806699544668152
 10
6.126199313903897
 20
5.84611759018645
 10
6.157095863657134
 20
5.80701952880224
 10
6.126199313903897
 20
5.767921467418036
  0
LINE
  5
278A
330
2706
100
AcDbEntity
  8
HCOM
100
AcDbLine
 10
6.218229298486569
 20
5.750715489899777
 30
0.0
 11
6.230831457282608
 21
5.750715489899777
 31
0.0
  0
LINE
  5
278B
330
2706
100
AcDbEntity
  8
HCOM
100
AcDbLine
 10
6.209626980800063
 20
5.761808053727743
 30
0.0
 11
6.239597159163167
 21
5.761808053727743
 31
0.0
  0
LINE
  5
278C
330
2706
100
AcDbEntity
  8
HCOM
100
AcDbLine
 10
6.200927417758053
 20
5.773026014030496
 30
0.0
 11
6.248461953384497
 21
5.773026014030496
 31
0.0
  0
TEXT
  5
278D
330
2706
100
AcDbEntity
  8
HCOM
100
AcDbText
 10
1.28926783619387
 20
-0.1076967721910642
 30
0.0
 40
0.08
  1
2x250 MVA
  7
ROMANS
100
AcDbText
  0
TEXT
  5
278E
330
2706
100
AcDbEntity
  8
HCOM
100
AcDbText
 10
2.571797166030803
 20
-0.0984452091014871
 30
0.0
 40
0.08
  1
500
  7
ROMANS
100
AcDbText
  0
TEXT
  5
278F
330
2706
100
AcDbEntity
  8
HCOM
100
AcDbText
 10
3.492667327432112
 20
-0.0976768095163714
 30
0.0
 40
0.08
  1
YNyn
  7
ROMANS
100
AcDbText
  0
TEXT
  5
2790
330
2706
100
AcDbEntity
  8
HCOM
100
AcDbText
 10
4.954472677328126
 20
0.1668490494233368
 30
0.0
 40
0.0800000000000001
  1
02/5/08
  7
ROMANS
100
AcDbText
  0
LWPOLYLINE
  5
2791
330
2706
100
AcDbEntity
  8
HCOM
 62
    18
420
        0
100
AcDbPolyline
 90
        4
 70
     1
 43
0.0
 10
5.193048267265485
 20
5.55541633775168
 10
5.232142542352483
 20
5.504172878577895
 10
5.272308057031695
 20
5.555000358377365
 10
5.232142542352483
 20
5.605827838176833
  0
TEXT
  5
2792
330
2706
100
AcDbEntity
  8
HCOM
100
AcDbText
 10
6.086133636735114
 20
5.528608818281628
 30
0.0
 40
0.0680682384935672
  1
L43
100
AcDbText
  0
TEXT
  5
2793
330
2706
100
AcDbEntity
  8
HCOM
100
AcDbText
 10
6.95052578340846
 20
4.915646102029877
 30
0.0
 40
0.0680682384935672
  1
L34
100
AcDbText
  0
LWPOLYLINE
  5
2794
330
2706
100
AcDbEntity
  8
HCOM
 62
    18
420
        0
100
AcDbPolyline
 90
        4
 70
     1
 43
0.0
 10
4.336585190324109
 20
5.561531738103026
 10
4.375679465411108
 20
5.510288278929242
 10
4.415844980090319
 20
5.561115758728711
 10
4.375679465411108
 20
5.611943238528177
  0
TEXT
  5
2795
330
2706
100
AcDbEntity
  8
HCOM
100
AcDbText
 10
4.432089623424067
 20
5.516702354556092
 30
0.0
 40
0.0680682384935672
  1
L83
100
AcDbText
  0
LWPOLYLINE
  5
2796
330
2706
100
AcDbEntity
  8
HCOM
 62
    18
420
        0
100
AcDbPolyline
 90
        4
 70
     1
 43
0.0
 10
5.990443846979395
 20
5.567322801477216
 10
6.029538122066394
 20
5.516079342303431
 10
6.069703636745605
 20
5.566906822102901
 10
6.029538122066394
 20
5.617734301902367
  0
LINE
  5
2797
330
2706
100
AcDbEntity
  8
HCOM
 62
    18
420
        0
100
AcDbLine
 10
6.028924013018879
 20
5.516884295761056
 30
0.0
 11
6.028924013018879
 21
5.288095143749491
 31
0.0
  0
LINE
  5
2798
330
2706
100
AcDbEntity
  8
HCOM
 62
    18
420
        0
100
AcDbLine
 10
4.374732951917001
 20
5.511528936940797
 30
0.0
 11
4.374732951917001
 21
5.282304080375301
 31
0.0
  0
LINE
  5
2799
330
2706
100
AcDbEntity
  8
HCOM
 62
    18
420
        0
100
AcDbLine
 10
5.232026330653997
 20
5.504325204958516
 30
0.0
 11
5.232026330653997
 21
5.276188680023953
 31
0.0
  0
LWPOLYLINE
  5
279A
330
2706
100
AcDbEntity
  8
HCOM
 62
     4
100
AcDbPolyline
 90
        4
 70
     1
 43
0.0
 10
6.64497916230441
 20
5.572917722315108
 10
6.684073437391409
 20
5.521674263141323
 10
6.72423895207062
 20
5.572501742940791
 10
6.684073437391409
 20
5.623329222740258
  0
LINE
  5
279B
330
2706
100
AcDbEntity
  8
HCOM
 62
     4
100
AcDbLine
 10
6.686598871181588
 20
5.524870075170135
 30
0.0
 11
6.686598871181588
 21
5.293690064587381
 31
0.0
  0
TEXT
  5
279C
330
2706
100
AcDbEntity
  8
0
100
AcDbText
 10
3.796054408687797
 20
5.026615144870882
 30
0.0
 40
0.0756244379562043
  1
M
  7
ROMANS
100
AcDbText
  0
TEXT
  5
279D
330
2706
100
AcDbEntity
  8
0
100
AcDbText
 10
3.796054408687797
 20
4.62125164158616
 30
0.0
 40
0.0756244379562043
  1
R
  7
ROMANS
100
AcDbText
  0
LWPOLYLINE
  5
279E
330
2706
100
AcDbEntity
  8
HCOM
 62
    18
420
        0
100
AcDbPolyline
 90
        2
 70
     0
 43
0.031126370353652
 10
4.057703952434271
 20
5.04924838565554
 10
10.05273136150725
 20
5.04924838565554
  0
LWPOLYLINE
  5
279F
330
2706
100
AcDbEntity
  8
HCOM
 62
    18
420
        0
100
AcDbPolyline
 90
        2
 70
     0
 43
0.031126370353652
 10
4.043750272055216
 20
4.6524767762499
 10
10.05273136150725
 20
4.6524767762499
  0
TEXT
  5
27A0
330
2706
100
AcDbEntity
  8
HCOM
100
AcDbText
 10
7.977135327660866
 20
4.204647573350137
 30
0.0
 40
0.0612614146442105
  1
E1N1
100
AcDbText
  0
LWPOLYLINE
  5
27A1
330
2706
100
AcDbEntity
  8
HCOM
 62
     7
100
AcDbPolyline
 90
        4
 70
     1
 43
0.0
 10
7.897490607983366
 20
4.236851890166379
 10
7.927563127281056
 20
4.276269935684679
 10
7.958459677034289
 20
4.23717187430047
 10
7.927563127281056
 20
4.198073812916265
  0
LINE
  5
27A2
330
2706
100
AcDbEntity
  8
HCOM
100
AcDbLine
 10
7.903975578490885
 20
4.01989002226072
 30
0.0
 11
7.951510114117331
 21
4.01989002226072
 31
0.0
  0
LINE
  5
27A3
330
2706
100
AcDbEntity
  8
HCOM
100
AcDbLine
 10
7.912675141532899
 20
4.008672061957967
 30
0.0
 11
7.942645319896004
 21
4.008672061957967
 31
0.0
  0
LINE
  5
27A4
330
2706
100
AcDbEntity
  8
HCOM
100
AcDbLine
 10
7.921277459219406
 20
3.99757949813
 30
0.0
 11
7.933879618015444
 21
3.99757949813
 31
0.0
  0
SOLID
  5
27A5
330
2706
100
AcDbEntity
  8
0
100
AcDbTrace
 10
7.338430865250916
 20
1.910606627016405
 30
0.0
 11
7.292597872550188
 21
1.910606627016405
 31
0.0
 12
7.31551436890055
 22
1.773107648914215
 32
0.0
 13
7.31551436890055
 23
1.773107648914215
 33
0.0
  0
SOLID
  5
27A6
330
2706
100
AcDbEntity
  8
0
100
AcDbTrace
 10
9.016287749314808
 20
1.870856812034082
 30
0.0
 11
8.97045475661408
 21
1.870856812034082
 31
0.0
 12
8.993371252964442
 22
1.733357833931892
 32
0.0
 13
8.993371252964442
 23
1.733357833931892
 33
0.0
  0
TEXT
  5
27A7
330
2706
100
AcDbEntity
  8
HCOM
100
AcDbText
 10
7.036167728269903
 20
1.619741485476719
 30
0.0
 40
0.0762364271127954
  1
Woodlands
  7
ROMANS
100
AcDbText
  0
LINE
  5
27A8
330
2706
100
AcDbEntity
  8
HCOM
 62
     7
100
AcDbLine
 10
7.927514584653919
 20
4.382143533213542
 30
0.0
 11
7.927514584653919
 21
4.276206307643836
 31
0.0
  0
LINE
  5
27A9
330
2706
100
AcDbEntity
  8
HCOM
 62
     7
100
AcDbLine
 10
7.927514584653919
 20
4.198136407929555
 30
0.0
 11
7.927514584653919
 21
4.01989002226072
 31
0.0
  0
TEXT
  5
27AA
330
2706
100
AcDbEntity
  8
HCOM
100
AcDbText
 10
7.660073582044967
 20
4.204647573350137
 30
0.0
 40
0.0612614146442104
  1
R1N1
100
AcDbText
  0
LWPOLYLINE
  5
27AB
330
2706
100
AcDbEntity
  8
HCOM
 62
     7
100
AcDbPolyline
 90
        4
 70
     1
 43
0.0
 10
7.580428862367468
 20
4.236851890166379
 10
7.610501381665157
 20
4.276269935684679
 10
7.641397931418391
 20
4.23717187430047
 10
7.610501381665157
 20
4.198073812916265
  0
LINE
  5
27AC
330
2706
100
AcDbEntity
  8
HCOM
100
AcDbLine
 10
7.586913832874986
 20
4.01989002226072
 30
0.0
 11
7.634448368501433
 21
4.01989002226072
 31
0.0
  0
LINE
  5
27AD
330
2706
100
AcDbEntity
  8
HCOM
100
AcDbLine
 10
7.595613395917001
 20
4.008672061957967
 30
0.0
 11
7.625583574280101
 21
4.008672061957967
 31
0.0
  0
LINE
  5
27AE
330
2706
100
AcDbEntity
  8
HCOM
100
AcDbLine
 10
7.604215713603503
 20
3.99757949813
 30
0.0
 11
7.616817872399546
 21
3.99757949813
 31
0.0
  0
LINE
  5
27AF
330
2706
100
AcDbEntity
  8
HCOM
 62
     7
100
AcDbLine
 10
7.61045283903802
 20
4.382143533213542
 30
0.0
 11
7.61045283903802
 21
4.276206307643836
 31
0.0
  0
TEXT
  5
27B0
330
2706
100
AcDbEntity
  8
HCOM
100
AcDbText
 10
8.279408301156062
 20
4.204647573350137
 30
0.0
 40
0.0612614146442103
  1
TINI
100
AcDbText
  0
LWPOLYLINE
  5
27B1
330
2706
100
AcDbEntity
  8
HCOM
 62
     7
100
AcDbPolyline
 90
        4
 70
     1
 43
0.0
 10
8.199763581478559
 20
4.236851890166379
 10
8.229836100776252
 20
4.276269935684679
 10
8.260732650529485
 20
4.23717187430047
 10
8.229836100776252
 20
4.198073812916265
  0
LINE
  5
27B2
330
2706
100
AcDbEntity
  8
HCOM
 62
     7
100
AcDbLine
 10
8.229787558149114
 20
4.382143533213542
 30
0.0
 11
8.229787558149114
 21
4.276206307643836
 31
0.0
  0
TEXT
  5
27B3
330
2706
100
AcDbEntity
  8
HCOM
100
AcDbText
 10
8.595440859008123
 20
4.204647573350137
 30
0.0
 40
0.0612614146442105
  1
T2NI
100
AcDbText
  0
LWPOLYLINE
  5
27B4
330
2706
100
AcDbEntity
  8
HCOM
 62
     7
100
AcDbPolyline
 90
        4
 70
     1
 43
0.0
 10
8.515796139330623
 20
4.236851890166379
 10
8.545868658628317
 20
4.276269935684679
 10
8.576765208381547
 20
4.23717187430047
 10
8.545868658628317
 20
4.198073812916265
  0
LINE
  5
27B5
330
2706
100
AcDbEntity
  8
HCOM
 62
     7
100
AcDbLine
 10
8.54582011600118
 20
4.382143533213542
 30
0.0
 11
8.54582011600118
 21
4.276206307643836
 31
0.0
  0
LWPOLYLINE
  5
27B6
330
2706
100
AcDbEntity
  8
HCOM
 62
     7
100
AcDbPolyline
 90
        2
 70
     0
 43
0.031126370353652
 10
7.530748068727151
 20
4.382143533213542
 10
8.641964526178603
 20
4.382143533213542
  0
LWPOLYLINE
  5
27B7
330
2706
100
AcDbEntity
  8
HCOM
 62
     7
100
AcDbPolyline
 90
       12
 70
     0
 43
0.0
 10
7.61045283903802
 20
4.198136407929555
 10
7.61045283903802
 20
4.15241648841139
 10
7.643473455874089
 20
4.15241648841139
 10
7.643473455874089
 20
4.132191577939144
 10
7.577432308637475
 20
4.132191577939146
 10
7.577432308637475
 20
4.1119666674669
 10
7.643473455874089
 20
4.1119666674669
 10
7.643473455874089
 20
4.091741756994656
 10
7.577432308637475
 20
4.091741756994656
 10
7.577432308637475
 20
4.07151684652241
 10
7.61045283903802
 20
4.07151684652241
 10
7.61045283903802
 20
4.01989002226072
  0
LWPOLYLINE
  5
27B8
330
2706
100
AcDbEntity
  8
HCOM
 62
     7
100
AcDbPolyline
 90
        3
 70
     0
 43
0.0
 10
7.312751978998978
 20
3.905272150765681
 10
8.229787558149114
 20
3.905272150765681
 10
8.229787558149114
 20
4.198136407929555
  0
LWPOLYLINE
  5
27B9
330
2706
100
AcDbEntity
  8
HCOM
 62
     7
100
AcDbPolyline
 90
        3
 70
     0
 43
0.0
 10
8.545820116001176
 20
4.198136407929555
 10
8.54582011600118
 20
3.905272150765681
 10
8.992008336929262
 20
3.905272150765681
  0
TEXT
  5
27BA
330
2706
100
AcDbEntity
  8
HCOM
100
AcDbText
 10
5.896401521113471
 20
6.123140033880958
 30
0.0
 40
0.0735136975730524
  1
CBRU2
100
AcDbText
  0
TEXT
  5
27BB
330
2706
100
AcDbEntity
  8
HCOM
100
AcDbText
 10
6.554076379276181
 20
6.128734954718849
 30
0.0
 40
0.0735136975730525
  1
CBRU1
100
AcDbText
  0
LWPOLYLINE
  5
27BC
330
2706
100
AcDbEntity
  8
HCOM
 62
     7
100
AcDbPolyline
 90
        3
 70
     0
 43
0.0
 10
7.442422320948842
 20
3.305683700114742
 10
7.510513927285205
 20
3.305683700114742
 10
7.510513927285205
 20
3.272602633620405
  0
TEXT
  5
27BD
330
2706
100
AcDbEntity
  8
HCOM
100
AcDbText
 10
7.369113588734154
 20
3.37569821604453
 30
0.0
 40
0.0612614146442105
  1
L11
100
AcDbText
  0
LWPOLYLINE
  5
27BE
330
2706
100
AcDbEntity
  8
HCOM
 62
     7
100
AcDbPolyline
 90
        4
 70
     1
 43
0.0
 10
7.382174297970326
 20
3.30627616425806
 10
7.412246817268017
 20
3.345694209776359
 10
7.443143367021253
 20
3.306596148392149
 10
7.412246817268017
 20
3.267498087007945
  0
LINE
  5
27BF
330
2706
100
AcDbEntity
  8
HCOM
 62
     7
100
AcDbLine
 10
7.314971516382999
 20
3.305683700114742
 30
0.0
 11
7.382633755752829
 21
3.305683700114742
 31
0.0
  0
LINE
  5
27C0
330
2706
100
AcDbEntity
  8
HCOM
 62
     7
100
AcDbLine
 10
7.504276801850688
 20
3.250292109489685
 30
0.0
 11
7.516878960646727
 21
3.250292109489685
 31
0.0
  0
LINE
  5
27C1
330
2706
100
AcDbEntity
  8
HCOM
 62
     7
100
AcDbLine
 10
7.495674484164182
 20
3.261384673317651
 30
0.0
 11
7.525644662527286
 21
3.261384673317651
 31
0.0
  0
LINE
  5
27C2
330
2706
100
AcDbEntity
  8
HCOM
 62
     7
100
AcDbLine
 10
7.486974921122171
 20
3.272602633620405
 30
0.0
 11
7.534509456748617
 21
3.272602633620405
 31
0.0
  0
LWPOLYLINE
  5
27C3
330
2706
100
AcDbEntity
  8
HCOM
 62
     7
100
AcDbPolyline
 90
        3
 70
     0
 43
0.0
 10
9.120198906412531
 20
3.305683700114742
 10
9.188290512748894
 20
3.305683700114742
 10
9.188290512748894
 20
3.272602633620405
  0
TEXT
  5
27C4
330
2706
100
AcDbEntity
  8
HCOM
100
AcDbText
 10
9.046890174197843
 20
3.37569821604453
 30
0.0
 40
0.0612614146442105
  1
L21
100
AcDbText
  0
LWPOLYLINE
  5
27C5
330
2706
100
AcDbEntity
  8
HCOM
 62
     7
100
AcDbPolyline
 90
        4
 70
     1
 43
0.0
 10
9.059950883434015
 20
3.30627616425806
 10
9.090023402731708
 20
3.345694209776359
 10
9.120919952484941
 20
3.306596148392149
 10
9.090023402731708
 20
3.267498087007945
  0
LINE
  5
27C6
330
2706
100
AcDbEntity
  8
HCOM
 62
     7
100
AcDbLine
 10
8.992748101846688
 20
3.305683700114742
 30
0.0
 11
9.06041034121652
 21
3.305683700114742
 31
0.0
  0
LINE
  5
27C7
330
2706
100
AcDbEntity
  8
HCOM
 62
     7
100
AcDbLine
 10
9.182053387314378
 20
3.250292109489685
 30
0.0
 11
9.194655546110416
 21
3.250292109489685
 31
0.0
  0
LINE
  5
27C8
330
2706
100
AcDbEntity
  8
HCOM
 62
     7
100
AcDbLine
 10
9.173451069627871
 20
3.261384673317651
 30
0.0
 11
9.203421247990976
 21
3.261384673317651
 31
0.0
  0
LINE
  5
27C9
330
2706
100
AcDbEntity
  8
HCOM
 62
     7
100
AcDbLine
 10
9.16475150658586
 20
3.272602633620405
 30
0.0
 11
9.212286042212307
 21
3.272602633620405
 31
0.0
  0
TEXT
  5
27CA
330
2706
100
AcDbEntity
  8
HCOM
100
AcDbText
 10
7.907424390319614
 20
3.450564016142195
 30
0.0
 40
0.0611106569343064
  1
2x250 MVA
  7
ROMANS
100
AcDbText
  0
TEXT
  5
27CB
330
2706
100
AcDbEntity
  8
HCOM
100
AcDbText
 10
10.72190335761465
 20
-0.7585199480901252
 30
0.0
 40
0.1
  1
0-SJJ-PLTG-039
100
AcDbText
  0
LWPOLYLINE
  5
27CC
330
2706
100
AcDbEntity
  8
HCOM
 62
     7
100
AcDbPolyline
 90
        4
 70
     1
 43
0.0
 10
7.283655187663177
 20
3.61904943610423
 10
7.313727706960867
 20
3.579631390585933
 10
7.344624256714107
 20
3.61872945197014
 10
7.313727706960867
 20
3.657827513354344
  0
LWPOLYLINE
  5
27CD
330
2706
100
AcDbEntity
  8
HCOM
 62
     7
100
AcDbPolyline
 90
        4
 70
     1
 43
0.0
 10
8.962076139337709
 20
3.61904943610423
 10
8.992148658635399
 20
3.579631390585933
 10
9.02304520838864
 20
3.61872945197014
 10
8.992148658635399
 20
3.657827513354344
  0
TEXT
  5
27CE
330
2706
100
AcDbEntity
  8
HCOM
100
AcDbText
 10
6.057798638246215
 20
0.1698647497777955
 30
0.0
 40
0.08
  1
27/6/08
  7
ROMANS
100
AcDbText
  0
TEXT
  5
27CF
330
2706
100
AcDbEntity
  8
HCOM
100
AcDbText
 10
5.326160602950623
 20
5.214708790305655
 30
0.0
 40
0.0680682384935672
  1
L75
100
AcDbText
  0
TEXT
  5
27D0
330
2706
100
AcDbEntity
  8
HCOM
100
AcDbText
 10
5.326160602950623
 20
5.517977637083705
 30
0.0
 40
0.0680682384935672
  1
L73
100
AcDbText
  0
TEXT
  5
27D1
330
2706
100
AcDbEntity
  8
HCOM
100
AcDbText
 10
5.326160602950623
 20
5.863367157025372
 30
0.0
 40
0.0680682384935672
  1
L71
100
AcDbText
  0
TEXT
  5
27D2
330
2706
100
AcDbEntity
  8
HCOM
100
AcDbText
 10
5.52178988256277
 20
4.911009021588246
 30
0.0
 40
0.0680682384935672
  1
L74
100
AcDbText
  0
TEXT
  5
27D3
330
2706
100
AcDbEntity
  8
HCOM
100
AcDbText
 10
5.52178988256277
 20
4.736072089830108
 30
0.0
 40
0.0680682384935672
  1
L76
100
AcDbText
  0
LWPOLYLINE
  5
27D4
330
2706
100
AcDbEntity
  8
HCOM
 62
     7
100
AcDbPolyline
 90
        4
 70
     1
 43
0.0
 10
7.350878048015917
 20
3.151140042603456
 10
7.350878048015917
 20
3.077549405764989
 10
7.273548712678999
 20
3.077549405764989
 10
7.273548712678999
 20
3.151140042603456
  0
LWPOLYLINE
  5
27D5
330
2706
100
AcDbEntity
  8
HCOM
 62
     7
100
AcDbPolyline
 90
        4
 70
     1
 43
0.0
 10
9.029279890889681
 20
3.151140042603456
 10
9.029279890889681
 20
3.077549405764989
 10
8.951950555552761
 20
3.077549405764989
 10
8.951950555552761
 20
3.151140042603456
  0
LINE
  5
27D6
330
2706
100
AcDbEntity
  8
HCOM
 62
     7
100
AcDbLine
 10
8.992118882305975
 20
1.852046802393905
 30
0.0
 11
8.992118882305975
 21
2.385356852619943
 31
0.0
  0
LINE
  5
27D7
330
2706
100
AcDbEntity
  8
HCOM
 62
     7
100
AcDbLine
 10
7.313717039432215
 20
1.895410236920076
 30
0.0
 11
7.313717039432216
 21
2.385333615860449
 31
0.0
  0
TEXT
  5
27D8
330
2706
100
AcDbEntity
  8
HCOM
100
AcDbText
 10
7.084604696496963
 20
3.085972129630899
 30
0.0
 40
0.0612614146442103
  1
L15
100
AcDbText
  0
TEXT
  5
27D9
330
2706
100
AcDbEntity
  8
HCOM
100
AcDbText
 10
9.085151433491122
 20
3.085972129630899
 30
0.0
 40
0.0612614146442104
  1
L25
100
AcDbText
  0
TEXT
  5
27DA
330
2706
100
AcDbEntity
  8
HCOM
100
AcDbText
 10
7.083434681728898
 20
1.51035934796497
 30
0.0
 40
0.0762364271127956
  1
Avenue 8
  7
ROMANS
100
AcDbText
  0
LINE
  5
27DB
330
2706
100
AcDbEntity
  8
0
  6
BORDER4
 62
     6
100
AcDbLine
 10
9.839989476233024
 20
2.298686913020059
 30
0.0
 11
6.735517652863768
 21
2.296420272523994
 31
0.0
  0
LWPOLYLINE
  5
27DC
330
2706
100
AcDbEntity
  8
DMHT
  6
BORDER4
 62
     6
100
AcDbPolyline
 90
        2
 70
     0
 43
0.0
 10
9.854209520421415
 20
2.298472668658345
 10
9.854209520421415
 20
2.890045874153637
  0
LINE
  5
27DD
330
2706
100
AcDbEntity
  8
0
  6
BORDER4
 62
     6
100
AcDbLine
 10
11.01401651791736
 20
2.039344566812774
 30
0.0
 11
6.137577238797533
 21
2.037733816903891
 31
0.0
  0
LINE
  5
27DE
330
2706
100
AcDbEntity
  8
HCOM
 62
     7
100
AcDbLine
 10
7.313717039432215
 20
3.151140042603456
 30
0.0
 11
7.313717039432215
 21
3.579645373223231
 31
0.0
  0
LINE
  5
27DF
330
2706
100
AcDbEntity
  8
HCOM
 62
     7
100
AcDbLine
 10
8.992118882305975
 20
3.151140042603456
 30
0.0
 11
8.992118882305975
 21
3.57967042039574
 31
0.0
  0
LINE
  5
27E0
330
2706
100
AcDbEntity
  8
HCOM
 62
     7
100
AcDbLine
 10
7.486974921122171
 20
2.618320189159864
 30
0.0
 11
7.534509456748617
 21
2.618320189159864
 31
0.0
  0
LINE
  5
27E1
330
2706
100
AcDbEntity
  8
HCOM
 62
     7
100
AcDbLine
 10
7.495674484164182
 20
2.60710222885711
 30
0.0
 11
7.525644662527286
 21
2.60710222885711
 31
0.0
  0
LINE
  5
27E2
330
2706
100
AcDbEntity
  8
HCOM
 62
     7
100
AcDbLine
 10
7.504276801850688
 20
2.596009665029145
 30
0.0
 11
7.516878960646727
 21
2.596009665029145
 31
0.0
  0
LINE
  5
27E3
330
2706
100
AcDbEntity
  8
HCOM
 62
     7
100
AcDbLine
 10
7.314971516382999
 20
2.652873076253086
 30
0.0
 11
7.382633755752829
 21
2.652873076253086
 31
0.0
  0
LWPOLYLINE
  5
27E4
330
2706
100
AcDbEntity
  8
HCOM
 62
     7
100
AcDbPolyline
 90
        4
 70
     1
 43
0.0
 10
7.382174297970326
 20
2.651993719797519
 10
7.412246817268017
 20
2.691411765315818
 10
7.443143367021253
 20
2.652313703931608
 10
7.412246817268017
 20
2.613215642547404
  0
TEXT
  5
27E5
330
2706
100
AcDbEntity
  8
HCOM
100
AcDbText
 10
7.369113588734154
 20
2.721415771583989
 30
0.0
 40
0.0612614146442105
  1
L11
100
AcDbText
  0
LWPOLYLINE
  5
27E6
330
2706
100
AcDbEntity
  8
HCOM
 62
     7
100
AcDbPolyline
 90
        3
 70
     0
 43
0.0
 10
7.442422320948842
 20
2.651401255654201
 10
7.510513927285205
 20
2.651401255654201
 10
7.510513927285205
 20
2.618320189159864
  0
LINE
  5
27E7
330
2706
100
AcDbEntity
  8
HCOM
 62
     7
100
AcDbLine
 10
9.16475150658586
 20
2.618320189159864
 30
0.0
 11
9.212286042212307
 21
2.618320189159864
 31
0.0
  0
LINE
  5
27E8
330
2706
100
AcDbEntity
  8
HCOM
 62
     7
100
AcDbLine
 10
9.173451069627871
 20
2.60710222885711
 30
0.0
 11
9.203421247990976
 21
2.60710222885711
 31
0.0
  0
LINE
  5
27E9
330
2706
100
AcDbEntity
  8
HCOM
 62
     7
100
AcDbLine
 10
9.182053387314378
 20
2.596009665029145
 30
0.0
 11
9.194655546110416
 21
2.596009665029145
 31
0.0
  0
LINE
  5
27EA
330
2706
100
AcDbEntity
  8
HCOM
 62
     7
100
AcDbLine
 10
8.992748101846688
 20
2.652597358270937
 30
0.0
 11
9.06041034121652
 21
2.652597358270937
 31
0.0
  0
LWPOLYLINE
  5
27EB
330
2706
100
AcDbEntity
  8
HCOM
 62
     7
100
AcDbPolyline
 90
        4
 70
     1
 43
0.0
 10
9.059950883434015
 20
2.651993719797519
 10
9.090023402731708
 20
2.691411765315818
 10
9.120919952484941
 20
2.652313703931608
 10
9.090023402731708
 20
2.613215642547404
  0
TEXT
  5
27EC
330
2706
100
AcDbEntity
  8
HCOM
100
AcDbText
 10
9.046890174197843
 20
2.721415771583989
 30
0.0
 40
0.0612614146442105
  1
L21
100
AcDbText
  0
LWPOLYLINE
  5
27ED
330
2706
100
AcDbEntity
  8
HCOM
 62
     7
100
AcDbPolyline
 90
        3
 70
     0
 43
0.0
 10
9.120198906412531
 20
2.651401255654201
 10
9.188290512748894
 20
2.651401255654201
 10
9.188290512748894
 20
2.618320189159864
  0
LWPOLYLINE
  5
27EE
330
2706
100
AcDbEntity
  8
HCOM
 62
     7
100
AcDbPolyline
 90
        4
 70
     1
 43
0.0
 10
8.962023467398152
 20
2.424745924871724
 10
8.992095986695842
 20
2.385327879353427
 10
9.022992536449083
 20
2.424425940737633
 10
8.992095986695842
 20
2.463524002121838
  0
LWPOLYLINE
  5
27EF
330
2706
100
AcDbEntity
  8
HCOM
 62
     7
100
AcDbPolyline
 90
        4
 70
     1
 43
0.0
 10
7.283639986961568
 20
2.424745924871724
 10
7.313712506259257
 20
2.385327879353427
 10
7.344609056012498
 20
2.424425940737633
 10
7.313712506259257
 20
2.463524002121838
  0
TEXT
  5
27F0
330
2706
100
AcDbEntity
  8
HCOM
100
AcDbText
 10
7.362153197160226
 20
2.390699051854085
 30
0.0
 40
0.0680682384935671
  1
L13
100
AcDbText
  0
TEXT
  5
27F1
330
2706
100
AcDbEntity
  8
HCOM
100
AcDbText
 10
9.060706750875207
 20
2.390728276837013
 30
0.0
 40
0.068068238493567
  1
L23
100
AcDbText
  0
LINE
  5
27F2
330
2706
100
AcDbEntity
  8
0
  6
BORDER4
 62
     6
100
AcDbLine
 10
9.850294435151413
 20
2.889732489168871
 30
0.0
 11
6.727617120409271
 21
2.887465848672807
 31
0.0
  0
LWPOLYLINE
  5
27F3
330
2706
100
AcDbEntity
  8
DMHT
  6
BORDER4
 62
     6
100
AcDbPolyline
 90
        2
 70
     0
 43
0.0
 10
6.735534342284621
 20
2.296397983321159
 10
6.735534342284621
 20
2.890045874153637
  0
LINE
  5
27F4
330
2706
100
AcDbEntity
  8
HCOM
 62
     7
100
AcDbLine
 10
8.992118882305975
 20
2.463495028855322
 30
0.0
 11
8.992118882305975
 21
3.077549405764989
 31
0.0
  0
LINE
  5
27F5
330
2706
100
AcDbEntity
  8
HCOM
 62
     7
100
AcDbLine
 10
7.313717039432216
 20
2.463518265614816
 30
0.0
 11
7.313717039432215
 21
3.077549405764989
 31
0.0
  0
TEXT
  5
27F6
330
2706
100
AcDbEntity
  8
HCOM
100
AcDbText
 10
8.032115397456176
 20
2.588464897634714
 30
0.0
 40
0.0586662306569341
  1
line/cable
  7
ROMANS
100
AcDbText
  0
TEXT
  5
27F7
330
2706
100
AcDbEntity
  8
HCOM
100
AcDbText
 10
7.914824861586686
 20
2.682305312283737
 30
0.0
 40
0.0653455089538246
  1
Kg. Senibong
  7
ROMANS
100
AcDbText
  0
TEXT
  5
27F8
330
2706
100
AcDbEntity
  8
HCOM
100
AcDbText
 10
8.032115397456176
 20
2.49713347626568
 30
0.0
 40
0.0586662306569341
  1
terminal
  7
ROMANS
100
AcDbText
  0
LINE
  5
27F9
330
2706
100
AcDbEntity
  8
HCOM
 62
     7
100
AcDbLine
 10
10.32171635139733
 20
1.498431893284276
 30
0.0
 11
10.32171635139733
 21
1.869323994602111
 31
0.0
  0
SOLID
  5
27FA
330
2706
100
AcDbEntity
  8
0
100
AcDbTrace
 10
10.34588521840616
 20
1.557081478257326
 30
0.0
 11
10.30005222570543
 21
1.557081478257326
 31
0.0
 12
10.3229687220558
 22
1.419582500155137
 32
0.0
 13
10.3229687220558
 23
1.419582500155137
 33
0.0
  0
SOLID
  5
27FB
330
2706
100
AcDbEntity
  8
0
100
AcDbTrace
 10
10.34588521840616
 20
1.863545667110982
 30
0.0
 11
10.30005222570543
 21
1.863545667110982
 31
0.0
 12
10.3229687220558
 22
2.001044645213172
 32
0.0
 13
10.3229687220558
 23
2.001044645213172
 33
0.0
  0
SOLID
  5
27FC
330
2706
100
AcDbEntity
  8
0
100
AcDbTrace
 10
10.34415293930064
 20
4.427593057779613
 30
0.0
 11
10.29831994659991
 21
4.427593057779613
 31
0.0
 12
10.32123644295027
 22
4.565092035881802
 32
0.0
 13
10.32123644295027
 23
4.565092035881802
 33
0.0
  0
SOLID
  5
27FD
330
2706
100
AcDbEntity
  8
0
100
AcDbTrace
 10
10.34588521840616
 20
2.231449289881477
 30
0.0
 11
10.30005222570543
 21
2.231449289881477
 31
0.0
 12
10.3229687220558
 22
2.093950311779288
 32
0.0
 13
10.3229687220558
 23
2.093950311779288
 33
0.0
  0
LINE
  5
27FE
330
2706
100
AcDbEntity
  8
HCOM
 62
     7
100
AcDbLine
 10
10.32171635139733
 20
2.212639280241301
 30
0.0
 11
10.32171635139733
 21
4.432518920233173
 31
0.0
  0
TEXT
  5
27FF
330
2706
100
AcDbEntity
  8
HCOM
100
AcDbText
 10
10.57078215241246
 20
3.32556539910315
 30
0.0
 40
0.1013421852062741
  1
TNB
  7
ROMANS
100
AcDbText
  0
TEXT
  5
2800
330
2706
100
AcDbEntity
  8
HCOM
100
AcDbText
 10
10.60744793994647
 20
1.629772725655224
 30
0.0
 40
0.1013421852062741
  1
PGL
  7
ROMANS
100
AcDbText
  0
LINE
  5
2801
330
2706
100
AcDbEntity
  8
HCOM
 62
     4
100
AcDbLine
 10
7.312751978998977
 20
4.392166707897742
 30
0.0
 11
7.312751978998977
 21
4.160126426059033
 31
0.0
  0
CIRCLE
  5
2802
330
2706
100
AcDbEntity
  8
HCOM
 62
     4
100
AcDbCircle
 10
7.312934636147349
 20
4.074212680109923
 30
0.0
 40
0.0859139401182496
  0
LWPOLYLINE
  5
2803
330
2706
100
AcDbEntity
  8
HCOM
100
AcDbPolyline
 90
        3
 70
     0
 43
0.0
 10
7.313299365634694
 20
4.159504532021742
 42
-0.9415342858911219
 10
7.312751978998977
 20
3.907080631034904
 10
7.312751978998977
 20
3.656569326306339
  0
LINE
  5
2804
330
2706
100
AcDbEntity
  8
HCOM
 62
     4
100
AcDbLine
 10
8.992008336929263
 20
4.392166707897742
 30
0.0
 11
8.992008336929262
 21
4.160126426059033
 31
0.0
  0
CIRCLE
  5
2805
330
2706
100
AcDbEntity
  8
HCOM
 62
     4
100
AcDbCircle
 10
8.99182567978089
 20
4.074212680109923
 30
0.0
 40
0.0859139401182496
  0
LWPOLYLINE
  5
2806
330
2706
100
AcDbEntity
  8
HCOM
100
AcDbPolyline
 90
        3
 70
     0
 43
0.0
 10
8.991460950293545
 20
4.159504532021742
 42
0.9415342858911219
 10
8.992008336929262
 20
3.907080631034904
 10
8.992008336929262
 20
3.657646570550497
  0
TEXT
  5
2807
330
2706
100
AcDbEntity
  8
HCOM
100
AcDbText
 10
9.136258982958125
 20
4.017783385670491
 30
0.0
 40
0.0952955338909943
  1
SGT2
  7
ROMANS
100
AcDbText
  0
TEXT
  5
2808
330
2706
100
AcDbEntity
  8
HCOM
100
AcDbText
 10
8.713129105204487
 20
1.51035934796497
 30
0.0
 40
0.0762364271127956
  1
Avenue 8
  7
ROMANS
100
AcDbText
  0
TEXT
  5
2809
330
2706
100
AcDbEntity
  8
HCOM
100
AcDbText
 10
8.665862151745491
 20
1.619741485476719
 30
0.0
 40
0.0762364271127954
  1
Woodlands
  7
ROMANS
100
AcDbText
  0
IMAGE
  5
280A
330
2706
100
AcDbEntity
  8
0
  6
ByBlock
 62
     7
420
 16777215
370
    -2
 92
      304
310
3001000002000000A40000000B000000BE647F062C5725408C239547956D1A40000000000000000000000000000000000000000000000000000000000000F03F000000000000F03F0000000000000000000000000000000041634462526173746572496D616765000F000000000000000000000000000000000000000000F0
310
3F0000000000000000000000000000F03F00000000000000000000000000000000000000007478740000000000840000000600000005000000BE647F062C5725408C239547956D1A4000000000000000004B3718B4D83428408C239547956D1A4000000000000000004B3718B4D8342840D553B00940E31C40000000000000
310
0000BE647F062C572540D553B00940E31C400000000000000000BE647F062C5725408C239547956D1A400000000000000000
100
AcDbRasterImage
 90
        0
 10
10.67025776200387
 20
6.607014769056047
 30
0.0
 11
0.0006862825931283641
 21
0.0
 31
0.0
 12
4.202268904925982E-20
 22
0.0006862825931283642
 32
0.0
 13
2088.0
 23
896.0
340
241D
 70
    15
280
     0
281
    50
282
    50
283
     0
360
280B
 71
     1
 91
        2
 14
-0.5
 24
-0.5
 14
2087.5
 24
895.5
  0
LWPOLYLINE
  5
280C
330
2706
100
AcDbEntity
  8
0
 62
   252
420
  9672088
100
AcDbPolyline
 90
        2
 70
     0
 43
0.04
 10
0.0899783273177661
 20
-1.317744232635604
 10
12.25623926402329
 20
-1.317744232635605
  0
LWPOLYLINE
  5
280D
330
2706
100
AcDbEntity
  8
0
 62
   252
420
  9672088
100
AcDbPolyline
 90
        2
 70
     0
 43
0.04
 10
0.0896260122426611
 20
-0.8879048676511161
 10
12.25623926402329
 20
-0.887904867651117
  0
TEXT
  5
280E
330
2706
100
AcDbEntity
  8
0
 62
     1
100
AcDbText
 10
5.384230234497835
 20
-1.177984455862131
 30
0.0
 40
0.1544300530228801
  1
RESTRICTED
  7
ROMANT
100
AcDbText
  0
LWPOLYLINE
  5
280F
330
2706
100
AcDbEntity
  8
0
 62
   146
420
  1070729
100
AcDbPolyline
 90
        4
 70
     1
 43
0.0
 10
5.553633062179617
 20
-0.2479663299890028
 10
4.502967168877262
 20
-0.2479663299890028
 10
4.502967168877262
 20
-0.5154070995633274
 10
5.553633062179617
 20
-0.5154070995633274
  0
TEXT
  5
2810
330
2706
100
AcDbEntity
  8
0
100
AcDbText
 10
4.540461265570835
 20
-0.4296249884538309
 30
0.0
 40
0.08
  1
SGT3
  7
ROMANT
100
AcDbText
  0
LINE
  5
2811
330
2706
100
AcDbEntity
  8
0
 62
   146
420
  1070729
100
AcDbLine
 10
4.88030429340411
 20
-0.2479663299890028
 30
0.0
 11
4.88030429340411
 21
-0.5154070995633274
 31
0.0
  0
LWPOLYLINE
  5
2812
330
2706
100
AcDbEntity
  8
0
 62
   146
420
  1070729
100
AcDbPolyline
 90
        4
 70
     1
 43
0.0
 10
6.666615259428421
 20
-0.2449506296345441
 10
5.615949366126066
 20
-0.2449506296345441
 10
5.615949366126066
 20
-0.5123913992088687
 10
6.666615259428421
 20
-0.5123913992088687
  0
LINE
  5
2813
330
2706
100
AcDbEntity
  8
0
 62
   146
420
  1070729
100
AcDbLine
 10
5.993286490652912
 20
-0.2449506296345441
 30
0.0
 11
5.993286490652912
 21
-0.5123913992088687
 31
0.0
  0
TEXT
  5
2814
330
2706
100
AcDbEntity
  8
0
100
AcDbText
 10
5.653443462819639
 20
-0.4266092880993722
 30
0.0
 40
0.08
  1
SGT4
  7
ROMANT
100
AcDbText
  0
TEXT
  5
2815
330
2706
100
AcDbEntity
  8
HCOM
100
AcDbText
 10
4.954472677328126
 20
-0.4195732088829712
 30
0.0
 40
0.0800000000000001
  1
02/5/08
  7
ROMANS
100
AcDbText
  0
TEXT
  5
2816
330
2706
100
AcDbEntity
  8
HCOM
100
AcDbText
 10
6.057798638246215
 20
-0.4165575085285125
 30
0.0
 40
0.08
  1
27/6/08
  7
ROMANS
100
AcDbText
  0
LWPOLYLINE
  5
2817
330
2706
100
AcDbEntity
  8
0
 62
     1
100
AcDbPolyline
 90
        4
 70
     1
 43
0.0
 10
2.681500705375811
 20
1.213731930874594
 10
1.296939356583579
 20
1.213731930874594
 10
1.296939356583579
 20
0.9120171755431576
 10
2.681500705375811
 20
0.9120171755431576
  0
TEXT
  5
2818
330
2706
100
AcDbEntity
  8
HCOM
100
AcDbText
 10
1.519108208042894
 20
1.02281291909317
 30
0.0
 40
0.1
  1
HAFZANIZAM
  7
ROMANS
100
AcDbText
  0
MTEXT
  5
2819
330
2706
100
AcDbEntity
  8
0
100
AcDbMText
 10
0.235930134152909
 20
1.139118071690305
 30
0.0
 40
0.1062227270550519
 41
1.205858884206142
 71
     1
 72
     5
  1
Approved by:
  7
ROMANS
 73
     1
 44
1.0
1001
ACAD
1000
ACAD_MTEXT_COLUMN_INFO_BEGIN
1070
    75
1070
     2
1070
    79
1070
     0
1070
    76
1070
     1
1070
    78
1070
     0
1070
    48
1040
1.205858884206142
1070
    49
1040
0.5311136352752596
1070
    50
1070
     1
1040
-0.1416303027400692
1000
ACAD_MTEXT_COLUMN_INFO_END
  0
TEXT
  5
281A
330
2706
100
AcDbEntity
  8
HCOM
100
AcDbText
 10
1.516397901714868
 20
1.427828247000107
 30
0.0
 40
0.1
  1
HUDA
  7
ROMANS
100
AcDbText
  0
MTEXT
  5
281B
330
2706
100
AcDbEntity
  8
0
100
AcDbMText
 10
0.2332198278248825
 20
1.544133399597243
 30
0.0
 40
0.1062227270550519
 41
1.205858884206142
 71
     1
 72
     5
  1
Checked by:
  7
ROMANS
 73
     1
 44
1.0
1001
ACAD
1000
ACAD_MTEXT_COLUMN_INFO_BEGIN
1070
    75
1070
     2
1070
    79
1070
     0
1070
    76
1070
     1
1070
    78
1070
     0
1070
    48
1040
1.205858884206142
1070
    49
1040
0.5311136352752596
1070
    50
1070
     1
1040
-0.1416303027400692
1000
ACAD_MTEXT_COLUMN_INFO_END
  0
TEXT
  5
281C
330
2706
100
AcDbEntity
  8
HCOM
100
AcDbText
 10
1.514261738472158
 20
1.884611925649381
 30
0.0
 40
0.1
  1
YUSFAUZAN
  7
ROMANS
100
AcDbText
  0
MTEXT
  5
281D
330
2706
100
AcDbEntity
  8
0
100
AcDbMText
 10
0.2310836645821723
 20
2.000917078246516
 30
0.0
 40
0.1062227270550519
 41
1.205858884206142
 71
     1
 72
     5
  1
Drawn by:
  7
ROMANS
 73
     1
 44
1.0
1001
ACAD
1000
ACAD_MTEXT_COLUMN_INFO_BEGIN
1070
    75
1070
     2
1070
    79
1070
     0
1070
    76
1070
     1
1070
    78
1070
     0
1070
    48
1040
1.205858884206142
1070
    49
1040
0.5311136352752596
1070
    50
1070
     1
1040
-0.1416303027400692
1000
ACAD_MTEXT_COLUMN_INFO_END
  0
TEXT
  5
281E
330
2706
100
AcDbEntity
  8
HCOM
100
AcDbText
 10
1.509989636964491
 20
2.314537022874049
 30
0.0
 40
0.1
  1
09-249232
  7
ROMANS
100
AcDbText
  0
MTEXT
  5
281F
330
2706
100
AcDbEntity
  8
0
100
AcDbMText
 10
0.2268115630745058
 20
2.430842175471184
 30
0.0
 40
0.1062227270550519
 41
1.205858884206142
 71
     1
 72
     5
  1
Telephone:
  7
ROMANS
 73
     1
 44
1.0
1001
ACAD
1000
ACAD_MTEXT_COLUMN_INFO_BEGIN
1070
    75
1070
     2
1070
    79
1070
     0
1070
    76
1070
     1
1070
    78
1070
     0
1070
    48
1040
1.205858884206142
1070
    49
1040
0.5311136352752596
1070
    50
1070
     1
1040
-0.1416303027400692
1000
ACAD_MTEXT_COLUMN_INFO_END
  0
TEXT
  5
2820
330
2706
100
AcDbEntity
  8
HCOM
100
AcDbText
 10
1.512139073891348
 20
2.748329806069833
 30
0.0
 40
0.1
  1
7654
  7
ROMANS
100
AcDbText
  0
MTEXT
  5
2821
330
2706
100
AcDbEntity
  8
0
100
AcDbMText
 10
0.2289610000013624
 20
2.864634958666969
 30
0.0
 40
0.1062227270550519
 41
1.205858884206142
 71
     1
 72
     5
  1
PLC:
  7
ROMANS
 73
     1
 44
1.0
1001
ACAD
1000
ACAD_MTEXT_COLUMN_INFO_BEGIN
1070
    75
1070
     2
1070
    79
1070
     0
1070
    76
1070
     1
1070
    78
1070
     0
1070
    48
1040
1.205858884206142
1070
    49
1040
0.5311136352752596
1070
    50
1070
     1
1040
-0.1062227270550519
1000
ACAD_MTEXT_COLUMN_INFO_END
  0
TEXT
  5
2822
330
2706
100
AcDbEntity
  8
HCOM
100
AcDbText
 10
1.512139073891348
 20
3.171649124275106
 30
0.0
 40
0.1
  1
JOHOR BAHRU
  7
ROMANS
100
AcDbText
  0
MTEXT
  5
2823
330
2706
100
AcDbEntity
  8
0
100
AcDbMText
 10
0.2289610000013624
 20
3.287954276872242
 30
0.0
 40
0.1062227270550519
 41
1.205858884206142
 71
     1
 72
     5
  1
Area:
  7
ROMANS
 73
     1
 44
1.0
1001
ACAD
1000
ACAD_MTEXT_COLUMN_INFO_BEGIN
1070
    75
1070
     2
1070
    79
1070
     0
1070
    76
1070
     1
1070
    78
1070
     0
1070
    48
1040
1.205858884206142
1070
    49
1040
0.5311136352752596
1070
    50
1070
     1
1040
-0.1062227270550519
1000
ACAD_MTEXT_COLUMN_INFO_END
  0
TEXT
  5
2824
330
2706
100
AcDbEntity
  8
HCOM
100
AcDbText
 10
1.509165543656621
 20
3.633049782393982
 30
0.0
 40
0.1
  1
1/22
  7
ROMANS
100
AcDbText
  0
MTEXT
  5
2825
330
2706
100
AcDbEntity
  8
0
100
AcDbMText
 10
0.2259874697666362
 20
3.749354934991118
 30
0.0
 40
0.1062227270550519
 41
1.205858884206142
 71
     1
 72
     5
  1
Revision:
  7
ROMANS
 73
     1
 44
1.0
1001
ACAD
1000
ACAD_MTEXT_COLUMN_INFO_BEGIN
1070
    75
1070
     2
1070
    79
1070
     0
1070
    76
1070
     1
1070
    78
1070
     0
1070
    48
1040
1.205858884206142
1070
    49
1040
0.5311136352752596
1070
    50
1070
     1
1040
-0.1062227270550519
1000
ACAD_MTEXT_COLUMN_INFO_END
  0
TEXT
  5
2826
330
2706
100
AcDbEntity
  8
HCOM
100
AcDbText
 10
1.318683033212617
 20
4.0822386732262
 30
0.0
 40
0.1
  1
10th. MAY. 2022
  7
ROMANS
100
AcDbText
  0
MTEXT
  5
2827
330
2706
100
AcDbEntity
  8
0
100
AcDbMText
 10
0.2081642375267796
 20
4.173809545501685
 30
0.0
 40
0.0953483869164517
 41
1.082411482415992
 71
     1
 72
     5
  1
Date Updated:
  7
ROMANS
 73
     1
 44
1.0
1001
ACAD
1000
ACAD_MTEXT_COLUMN_INFO_BEGIN
1070
    75
1070
     2
1070
    79
1070
     0
1070
    76
1070
     1
1070
    78
1070
     0
1070
    48
1040
1.082411482415992
1070
    49
1040
0.4767419345822586
1070
    50
1070
     1
1040
-0.127131182555269
1000
ACAD_MTEXT_COLUMN_INFO_END
  0
LWPOLYLINE
  5
2828
330
2706
100
AcDbEntity
  8
0
 62
     1
100
AcDbPolyline
 90
        4
 70
     1
 43
0.0
 10
2.681500705375811
 20
1.628441596710182
 10
1.296939356583579
 20
1.628441596710182
 10
1.296939356583579
 20
1.326726841378745
 10
2.681500705375811
 20
1.326726841378745
  0
LWPOLYLINE
  5
2829
330
2706
100
AcDbEntity
  8
0
 62
     1
100
AcDbPolyline
 90
        4
 70
     1
 43
0.0
 10
2.681500705375811
 20
2.091511573552189
 10
1.296939356583579
 20
2.091511573552189
 10
1.296939356583579
 20
1.789796818220753
 10
2.681500705375811
 20
1.789796818220753
  0
LWPOLYLINE
  5
282A
330
2706
100
AcDbEntity
  8
0
 62
     1
100
AcDbPolyline
 90
        4
 70
     1
 43
0.0
 10
2.681500705375811
 20
2.525841570248154
 10
1.296939356583579
 20
2.525841570248154
 10
1.296939356583579
 20
2.224126814916717
 10
2.681500705375811
 20
2.224126814916717
  0
LWPOLYLINE
  5
282B
330
2706
100
AcDbEntity
  8
0
 62
     1
100
AcDbPolyline
 90
        4
 70
     1
 43
0.0
 10
2.681500705375811
 20
2.958608078861808
 10
1.296939356583579
 20
2.958608078861808
 10
1.296939356583579
 20
2.656893323530371
 10
2.681500705375811
 20
2.656893323530371
  0
LWPOLYLINE
  5
282C
330
2706
100
AcDbEntity
  8
0
 62
     1
100
AcDbPolyline
 90
        4
 70
     1
 43
0.0
 10
2.681500705375811
 20
3.385216521265924
 10
1.296939356583579
 20
3.385216521265924
 10
1.296939356583579
 20
3.083501765934487
 10
2.681500705375811
 20
3.083501765934487
  0
LWPOLYLINE
  5
282D
330
2706
100
AcDbEntity
  8
0
 62
     1
100
AcDbPolyline
 90
        4
 70
     1
 43
0.0
 10
2.681500705375811
 20
3.835550602217346
 10
1.296939356583579
 20
3.835550602217346
 10
1.296939356583579
 20
3.533835846885909
 10
2.681500705375811
 20
3.533835846885909
  0
LWPOLYLINE
  5
282E
330
2706
100
AcDbEntity
  8
0
 62
     1
100
AcDbPolyline
 90
        4
 70
     1
 43
0.0
 10
2.681500705375811
 20
4.264992395714366
 10
1.296939356583579
 20
4.264992395714366
 10
1.296939356583579
 20
3.963277640382929
 10
2.681500705375811
 20
3.963277640382929
  0
LWPOLYLINE
  5
282F
330
2706
100
AcDbEntity
  8
0
 62
     1
100
AcDbPolyline
 90
        4
 70
     1
 43
0.0
 10
2.683464085746408
 20
4.6976183202028
 10
1.298902736954176
 20
4.6976183202028
 10
1.298902736954176
 20
4.395903564871363
 10
2.683464085746408
 20
4.395903564871363
  0
MTEXT
  5
2830
330
2706
100
AcDbEntity
  8
0
100
AcDbMText
 10
0.2378935145235062
 20
4.691952024378111
 30
0.0
 40
0.1062227270550519
 41
1.205858884206142
 71
     1
 72
     5
  1
PMU Comm.\PDate:
  7
ROMANS
 73
     1
 44
1.0
1001
ACAD
1000
ACAD_MTEXT_COLUMN_INFO_BEGIN
1070
    75
1070
     2
1070
    79
1070
     0
1070
    76
1070
     1
1070
    78
1070
     0
1070
    48
1040
1.205858884206142
1070
    49
1040
0.5311136352752596
1070
    50
1070
     1
1040
-0.2832606054801384
1000
ACAD_MTEXT_COLUMN_INFO_END
  0
TEXT
  5
2831
330
2706
100
AcDbEntity
  8
HCOM
100
AcDbText
 10
1.312394456597596
 20
4.498019206970312
 30
0.0
 40
0.1
  1
25th. MAY. 1996
  7
ROMANS
100
AcDbText
  0
LWPOLYLINE
  5
2832
330
2706
100
AcDbEntity
  8
0
 62
     1
100
AcDbPolyline
 90
        4
 70
     1
 43
0.0
 10
2.673487449727759
 20
5.148354159808456
 10
1.288926100935527
 20
5.148354159808456
 10
1.288926100935527
 20
4.846639404477019
 10
2.673487449727759
 20
4.846639404477019
  0
TEXT
  5
2833
330
2706
100
AcDbEntity
  8
HCOM
100
AcDbText
 10
1.368940544124513
 20
4.957435148027031
 30
0.0
 40
0.1
  1
2-A-PLTG-040
  7
ROMANS
100
AcDbText
  0
MTEXT
  5
2834
330
2706
100
AcDbEntity
  8
0
100
AcDbMText
 10
0.2279168785048569
 20
5.073740300624166
 30
0.0
 40
0.1062227270550519
 41
1.205858884206142
 71
     1
 72
     5
  1
Drawing No:
  7
ROMANS
 73
     1
 44
1.0
1001
ACAD
1000
ACAD_MTEXT_COLUMN_INFO_BEGIN
1070
    75
1070
     2
1070
    79
1070
     0
1070
    76
1070
     1
1070
    78
1070
     0
1070
    48
1040
1.205858884206142
1070
    49
1040
0.5311136352752596
1070
    50
1070
     1
1040
-0.1416303027400692
1000
ACAD_MTEXT_COLUMN_INFO_END
  0
LWPOLYLINE
  5
2835
330
2706
100
AcDbEntity
  8
0
 62
     1
100
AcDbPolyline
 90
        4
 70
     1
 43
0.0
 10
2.673635485053069
 20
5.580782659382358
 10
1.289074136260837
 20
5.580782659382358
 10
1.289074136260837
 20
5.279067904050921
 10
2.673635485053069
 20
5.279067904050921
  0
TEXT
  5
2836
330
2706
100
AcDbEntity
  8
HCOM
100
AcDbText
 10
1.511242987720152
 20
5.389863647600933
 30
0.0
 40
0.1
  1
275kV
  7
ROMANS
100
AcDbText
  0
MTEXT
  5
2837
330
2706
100
AcDbEntity
  8
0
100
AcDbMText
 10
0.2280649138301669
 20
5.506168800198068
 30
0.0
 40
0.1062227270550519
 41
1.205858884206142
 71
     1
 72
     5
  1
Voltage:
  7
ROMANS
 73
     1
 44
1.0
1001
ACAD
1000
ACAD_MTEXT_COLUMN_INFO_BEGIN
1070
    75
1070
     2
1070
    79
1070
     0
1070
    76
1070
     1
1070
    78
1070
     0
1070
    48
1040
1.205858884206142
1070
    49
1040
0.5311136352752596
1070
    50
1070
     1
1040
-0.1416303027400692
1000
ACAD_MTEXT_COLUMN_INFO_END
  0
LWPOLYLINE
  5
2838
330
2706
100
AcDbEntity
  8
0
 62
     1
100
AcDbPolyline
 90
        4
 70
     1
 43
0.0
 10
2.666565785870517
 20
6.024778521272772
 10
1.282004437078285
 20
6.024778521272772
 10
1.282004437078285
 20
5.723063765941335
 10
2.666565785870517
 20
5.723063765941335
  0
TEXT
  5
2839
330
2706
100
AcDbEntity
  8
HCOM
100
AcDbText
 10
1.504173288537601
 20
5.833859509491347
 30
0.0
 40
0.1
  1
PLTG
  7
ROMANS
100
AcDbText
  0
MTEXT
  5
283A
330
2706
100
AcDbEntity
  8
0
100
AcDbMText
 10
0.2209952146476155
 20
5.950164662088483
 30
0.0
 40
0.1062227270550519
 41
1.205858884206142
 71
     1
 72
     5
  1
Mneumonic:
  7
ROMANS
 73
     1
 44
1.0
1001
ACAD
1000
ACAD_MTEXT_COLUMN_INFO_BEGIN
1070
    75
1070
     2
1070
    79
1070
     0
1070
    76
1070
     1
1070
    78
1070
     0
1070
    48
1040
1.205858884206142
1070
    49
1040
0.5311136352752596
1070
    50
1070
     1
1040
-0.1062227270550519
1000
ACAD_MTEXT_COLUMN_INFO_END
  0
LWPOLYLINE
  5
283B
330
2706
100
AcDbEntity
  8
0
 62
     1
100
AcDbPolyline
 90
        4
 70
     1
 43
0.0
 10
2.666340808172492
 20
6.455921757642543
 10
1.28177945938026
 20
6.455921757642543
 10
1.28177945938026
 20
6.154207002311106
 10
2.666340808172492
 20
6.154207002311106
  0
TEXT
  5
283C
330
2706
100
AcDbEntity
  8
HCOM
100
AcDbText
 10
1.48809210766089
 20
6.258505112779801
 30
0.0
 40
0.1
  1
PLENTONG
  7
ROMANS
100
AcDbText
  0
MTEXT
  5
283D
330
2706
100
AcDbEntity
  8
0
100
AcDbMText
 10
0.2049140337709048
 20
6.374810265376937
 30
0.0
 40
0.1062227270550519
 41
1.205858884206142
 71
     1
 72
     5
  1
Substation:
  7
ROMANS
 73
     1
 44
1.0
1001
ACAD
1000
ACAD_MTEXT_COLUMN_INFO_BEGIN
1070
    75
1070
     2
1070
    79
1070
     0
1070
    76
1070
     1
1070
    78
1070
     0
1070
    48
1040
1.205858884206142
1070
    49
1040
0.5311136352752596
1070
    50
1070
     1
1040
-0.106222727055052
1000
ACAD_MTEXT_COLUMN_INFO_END
  0
TEXT
  5
283E
330
2706
100
AcDbEntity
  8
0
100
AcDbText
 10
6.875999893039319
 20
0.4286348665910977
 30
0.0
 40
0.08
  1
1/22
  7
ROMANS
100
AcDbText
  0
TEXT
  5
283F
330
2706
100
AcDbEntity
  8
0
100
AcDbText
 10
6.876531065384325
 20
0.2704139760852242
 30
0.0
 40
0.08
  1
2/22
  7
ROMANS
100
AcDbText
  0
ENDBLK
  5
2843
330
2706
100
AcDbEntity
  8
0
100
AcDbBlockEnd
  0
BLOCK
  5
2AD1
330
2ACA
100
AcDbEntity
  8
0
100
AcDbBlockBegin
  2
A$Cd43a1861
 70
     0
 10
0.0
 20
0.0
 30
0.0
  3
A$Cd43a1861
  1

  0
LWPOLYLINE
  5
2ACB
330
2ACA
100
AcDbEntity
  8
0
 62
   146
420
  1070729
100
AcDbPolyline
 90
        4
 70
     1
 43
0.0
 10
1.093472678991575
 20
0.2674407695743246
 10
0.0
 20
0.2674407695743246
 10
0.0
 20
0.0
 10
1.093472678991575
 20
0.0
  0
TEXT
  5
2ACC
330
2ACA
100
AcDbEntity
  8
0
100
AcDbText
 10
0.0996791337367577
 20
0.0857821111094965
 30
0.0
 40
0.08
  1
T1
  7
ROMANT
100
AcDbText
  0
LINE
  5
2ACD
330
2ACA
100
AcDbEntity
  8
0
 62
   146
420
  1070729
100
AcDbLine
 10
0.3271263277327572
 20
0.2674407695743246
 30
0.0
 11
0.3271263277327572
 21
0.0
 31
0.0
  0
TEXT
  5
2ACE
330
2ACA
100
AcDbEntity
  8
HCOM
100
AcDbText
 10
0.4004825072473333
 20
0.0864242312995913
 30
0.0
 40
0.0800000000000001
  1
03/12/88
  7
ROMANS
100
AcDbText
  0
ENDBLK
  5
2AD2
330
2ACA
100
AcDbEntity
  8
0
100
AcDbBlockEnd
  0
BLOCK
  5
2B19
330
2B0E
100
AcDbEntity
  8
0
100
AcDbBlockBegin
  2
A$Ca40cd030
 70
     0
 10
0.0
 20
0.0
 30
0.0
  3
A$Ca40cd030
  1

  0
LWPOLYLINE
  5
2B0F
330
2B0E
100
AcDbEntity
  8
0
 62
   146
420
  1070729
100
AcDbPolyline
 90
        4
 70
     1
 43
0.0
 10
1.005603428345453
 20
0.2686855709874612
 10
0.0
 20
0.2686855709874612
 10
0.0
 20
0.0012448014131365
 10
1.005603428345453
 20
0.0012448014131365
  0
TEXT
  5
2B10
330
2B0E
100
AcDbEntity
  8
0
100
AcDbText
 10
0.0588820597643727
 20
0.0885953650794293
 30
0.0
 40
0.08
  1
T1
  7
ROMANT
100
AcDbText
  0
LINE
  5
2B11
330
2B0E
100
AcDbEntity
  8
0
 62
   146
420
  1070729
100
AcDbLine
 10
0.2612238553634407
 20
0.2686855709874612
 30
0.0
 11
0.2612238553634407
 21
0.0012448014131365
 31
0.0
  0
TEXT
  5
2B12
330
2B0E
100
AcDbEntity
  8
HCOM
100
AcDbText
 10
0.3188890718157191
 20
0.0861009321426025
 30
0.0
 40
0.0800000000000001
  1
03/12/88
  7
ROMANS
100
AcDbText
  0
LWPOLYLINE
  5
2B13
330
2B0E
100
AcDbEntity
  8
0
 62
   146
420
  1070729
100
AcDbPolyline
 90
        4
 70
     1
 43
0.0
 10
2.073970708940097
 20
0.2674407695743246
 10
1.068367280594644
 20
0.2674407695743246
 10
1.068367280594644
 20
0.0
 10
2.073970708940097
 20
0.0
  0
TEXT
  5
2B14
330
2B0E
100
AcDbEntity
  8
0
100
AcDbText
 10
1.127249340359016
 20
0.0873505636662928
 30
0.0
 40
0.08
  1
T1
  7
ROMANT
100
AcDbText
  0
LINE
  5
2B15
330
2B0E
100
AcDbEntity
  8
0
 62
   146
420
  1070729
100
AcDbLine
 10
1.329591135958085
 20
0.2674407695743246
 30
0.0
 11
1.329591135958085
 21
0.0
 31
0.0
  0
TEXT
  5
2B16
330
2B0E
100
AcDbEntity
  8
HCOM
100
AcDbText
 10
1.387256352410363
 20
0.084856130729466
 30
0.0
 40
0.0800000000000001
  1
03/12/88
  7
ROMANS
100
AcDbText
  0
ENDBLK
  5
2B1A
330
2B0E
100
AcDbEntity
  8
0
100
AcDbBlockEnd
  0
ENDSEC
  0
SECTION
  2
ENTITIES
  0
TEXT
  5
29
330
18
100
AcDbEntity
  8
0
 62
   146
420
  1070729
370
    -1
100
AcDbText
 10
4.272474817524284
 20
6.823939458470615
 30
0.0
 40
0.2
  1
GRID SYSTEM OPERATOR 
  7
ROMANT
100
AcDbText
  0
LWPOLYLINE
  5
50
330
18
100
AcDbEntity
  8
0
 62
   252
420
  9672088
370
    -1
100
AcDbPolyline
 90
        2
 70
     0
 43
0.04
 10
0.0899783273177661
 20
6.563069874135697
 10
12.24906157554568
 20
6.563069874135697
  0
LWPOLYLINE
  5
54
330
18
100
AcDbEntity
  8
0
 62
   252
420
  9672088
370
    -1
100
AcDbPolyline
 90
        2
 70
     0
 43
0.04
 10
0.0913437169670317
 20
0.7420590934534204
 10
12.26029628685166
 20
0.7420590934534204
  0
LWPOLYLINE
  5
58
330
18
100
AcDbEntity
  8
0
 62
   251
420
  6513766
370
    -1
100
AcDbPolyline
 90
        4
 70
     1
 43
0.0654802089638338
 10
0.0899783273177661
 20
7.280461167590953
 10
12.25623926402329
 20
7.280461167590953
 10
12.25623926402329
 20
-1.434674110518969
 10
0.0899783273177661
 20
-1.434674110518969
  0
TEXT
  5
70
330
18
100
AcDbEntity
  8
0
370
    -1
100
AcDbText
 10
6.895629422169163
 20
0.5753635544244999
 30
0.0
 40
0.08
  1
REMARKS:
  7
ITALICT
100
AcDbText
  0
TEXT
  5
71
330
18
100
AcDbEntity
  8
0
370
    -1
100
AcDbText
 10
1.584908110315638
 20
0.583663425411297
 30
0.0
 40
0.09
  1
Transformer Rating
  7
ROMANS
100
AcDbText
  0
LWPOLYLINE
  5
78
330
18
100
AcDbEntity
  8
0
 62
   146
420
  1070729
100
AcDbPolyline
 90
        4
 70
     1
 43
0.0
 10
2.017588239969314
 20
0.2967890548654877
 10
1.229118095141418
 20
0.2967890548654877
 10
1.229118095141418
 20
0.1280849853045547
 10
2.017588239969314
 20
0.1280849853045547
  0
TEXT
  5
7F
330
18
100
AcDbEntity
  8
0
370
    -1
100
AcDbText
 10
0.5508852445079029
 20
0.1671111215511303
 30
0.0
 40
0.0768
  1
132/33kV
  7
ROMANS
100
AcDbText
  0
LWPOLYLINE
  5
80
330
18
100
AcDbEntity
  8
0
 62
   146
420
  1070729
100
AcDbPolyline
 90
        4
 70
     1
 43
0.0
 10
3.39985797404583
 20
0.1280849853045547
 10
3.858324022784014
 20
0.1280849853045547
 10
3.858324022784014
 20
0.2967890548654877
 10
3.39985797404583
 20
0.2967890548654877
  0
LWPOLYLINE
  5
8D
330
18
100
AcDbEntity
  8
0
 62
   146
420
  1070729
100
AcDbPolyline
 90
        4
 70
     1
 43
0.0
 10
2.495395837070967
 20
0.1280849853045547
 10
2.870390543170623
 20
0.1280849853045547
 10
2.870390543170623
 20
0.2967890548654877
 10
2.495395837070967
 20
0.2967890548654877
  0
LWPOLYLINE
  5
B6
330
18
100
AcDbEntity
  8
0
 62
   252
420
  9672088
370
    -1
100
AcDbPolyline
 90
        2
 70
     0
 43
0.025
 10
3.106241115742392
 20
6.563069874135697
 10
3.106241115742392
 20
0.7231713355171525
  0
LWPOLYLINE
  5
BA
330
18
100
AcDbEntity
  8
0
 62
   252
420
  9672088
370
    -1
100
AcDbPolyline
 90
        2
 70
     0
 43
0.025
 10
4.334148853793039
 20
0.7341978448092661
 10
4.334148853793039
 20
-0.8851504969919333
  0
LWPOLYLINE
  5
111
330
18
100
AcDbEntity
  8
0
 62
     5
370
    -1
100
AcDbPolyline
 90
        6
 70
     0
 43
0.02
 10
1.516952471740467
 20
0.6160975957356581
 10
0.2147219365160993
 20
0.616097595735658
 10
0.2147219365160993
 20
-0.7814477220041172
 10
4.247479345318965
 20
-0.7814477220041167
 10
4.247479345318965
 20
0.6160975957356576
 10
2.947903546931144
 20
0.6160975957356581
  0
TEXT
  5
11A
330
18
100
AcDbEntity
  8
0
370
    -1
100
AcDbText
 10
4.968655718162365
 20
0.5836634254112969
 30
0.0
 40
0.09
  1
Commissioning Date
  7
ROMANS
100
AcDbText
  0
LWPOLYLINE
  5
11B
330
18
100
AcDbEntity
  8
0
 62
   252
420
  9672088
370
    -1
100
AcDbPolyline
 90
        2
 70
     0
 43
0.025
 10
6.799392097949978
 20
0.7373107939651149
 10
6.799392097949978
 20
-0.8820375478360845
  0
LWPOLYLINE
  5
126
330
18
100
AcDbEntity
  8
0
 62
   146
420
  1070729
100
AcDbPolyline
 90
        4
 70
     1
 43
0.0
 10
5.532154936930624
 20
0.3983735614824899
 10
4.526551508585171
 20
0.3983735614824899
 10
4.526551508585171
 20
0.1309327919081653
 10
5.532154936930624
 20
0.1309327919081653
  0
TEXT
  5
12C
330
18
100
AcDbEntity
  8
0
370
    -1
100
AcDbText
 10
4.585433568349544
 20
0.2182833555744581
 30
0.0
 40
0.08
  1
T1
  7
ROMANT
100
AcDbText
  0
LINE
  5
12D
330
18
100
AcDbEntity
  8
0
 62
   146
420
  1070729
100
AcDbLine
 10
4.787775363948612
 20
0.3983735614824899
 30
0.0
 11
4.787775363948612
 21
0.1309327919081653
 31
0.0
  0
LWPOLYLINE
  5
13E
330
18
100
AcDbEntity
  8
0
 62
     5
370
    -1
100
AcDbPolyline
 90
        3
 70
     0
 43
0.02
 10
4.420333985283349
 20
-0.7845591009724018
 10
4.420333985283349
 20
0.6154464538070852
 10
4.925537727888843
 20
0.6154464538070852
  0
LWPOLYLINE
  5
143
330
18
100
AcDbEntity
  8
0
 62
     5
370
    -1
100
AcDbPolyline
 90
        4
 70
     0
 43
0.02
 10
6.409735396805932
 20
0.6154464538070852
 10
6.726243351085344
 20
0.6154464538070852
 10
6.726243351085344
 20
-0.7772981350283032
 10
4.417166299295246
 20
-0.7772981350283032
  0
TEXT
  5
297
330
18
100
AcDbEntity
  8
HCOM
370
    -1
100
AcDbText
 10
1.325612415925333
 20
0.1707957771432524
 30
0.0
 40
0.08
  1
2x90 MVA
  7
ROMANS
100
AcDbText
  0
TEXT
  5
298
330
18
100
AcDbEntity
  8
HCOM
370
    -1
100
AcDbText
 10
2.567758641889652
 20
0.1800473402328295
 30
0.0
 40
0.08
  1
180
  7
ROMANS
100
AcDbText
  0
TEXT
  5
299
330
18
100
AcDbEntity
  8
HCOM
370
    -1
100
AcDbText
 10
3.534175489459069
 20
0.1732286673624805
 30
0.0
 40
0.08
  1
Yd1
  7
ROMANS
100
AcDbText
  0
TEXT
  5
29A
330
18
100
AcDbEntity
  8
HCOM
370
    -1
100
AcDbText
 10
4.84544058040089
 20
0.2157889226376312
 30
0.0
 40
0.0800000000000001
  1
29/03/00
  7
ROMANS
100
AcDbText
  0
TEXT
  5
35F
330
18
100
AcDbEntity
  8
HCOM
370
    -1
100
AcDbText
 10
10.97752395603868
 20
-0.7585199480901252
 30
0.0
 40
0.1
  1
1-A-ABBA-335
100
AcDbText
  0
LWPOLYLINE
  5
2493
330
18
100
AcDbEntity
  8
0
 62
   252
420
  9672088
100
AcDbPolyline
 90
        2
 70
     0
 43
0.04
 10
0.0899783273177661
 20
-1.317744232635604
 10
12.25623926402329
 20
-1.317744232635605
  0
LWPOLYLINE
  5
249E
330
18
100
AcDbEntity
  8
0
 62
   252
420
  9672088
100
AcDbPolyline
 90
        2
 70
     0
 43
0.04
 10
0.0896260122426611
 20
-0.8879048676511161
 10
12.25623926402329
 20
-0.887904867651117
  0
TEXT
  5
24A8
330
18
100
AcDbEntity
  8
0
 62
     1
100
AcDbText
 10
5.384230234497835
 20
-1.177984455862131
 30
0.0
 40
0.1544300530228801
  1
RESTRICTED
  7
ROMANT
100
AcDbText
  0
TEXT
  5
2583
330
18
100
AcDbEntity
  8
HCOM
100
AcDbText
 10
1.737287571322156
 20
1.02281291909317
 30
0.0
 40
0.1
  1
HAFZANIZAM
  7
ROMANS
100
AcDbText
  0
MTEXT
  5
25C5
330
18
100
AcDbEntity
  8
0
100
AcDbMText
 10
0.235930134152909
 20
1.139118071690305
 30
0.0
 40
0.1062227270550519
 41
1.205858884206142
 71
     1
 72
     5
  1
Approved by:
  7
ROMANS
 73
     1
 44
1.0
1001
ACAD
1000
ACAD_MTEXT_COLUMN_INFO_BEGIN
1070
    75
1070
     2
1070
    79
1070
     0
1070
    76
1070
     1
1070
    78
1070
     0
1070
    48
1040
1.205858884206142
1070
    49
1040
0.5311136352752596
1070
    50
1070
     1
1040
-0.1416303027400692
1000
ACAD_MTEXT_COLUMN_INFO_END
  0
TEXT
  5
25D0
330
18
100
AcDbEntity
  8
HCOM
100
AcDbText
 10
1.832319334533111
 20
1.425784885516165
 30
0.0
 40
0.1
  1
HAMIZAH
  7
ROMANS
100
AcDbText
  0
MTEXT
  5
25D1
330
18
100
AcDbEntity
  8
0
100
AcDbMText
 10
0.2332198278248825
 20
1.544133399597243
 30
0.0
 40
0.1062227270550519
 41
1.205858884206142
 71
     1
 72
     5
  1
Checked by:
  7
ROMANS
 73
     1
 44
1.0
1001
ACAD
1000
ACAD_MTEXT_COLUMN_INFO_BEGIN
1070
    75
1070
     2
1070
    79
1070
     0
1070
    76
1070
     1
1070
    78
1070
     0
1070
    48
1040
1.205858884206142
1070
    49
1040
0.5311136352752596
1070
    50
1070
     1
1040
-0.1416303027400692
1000
ACAD_MTEXT_COLUMN_INFO_END
  0
TEXT
  5
25DC
330
18
100
AcDbEntity
  8
HCOM
100
AcDbText
 10
1.760859568434341
 20
1.884611925649381
 30
0.0
 40
0.1
  1
YUSFAUZAN
  7
ROMANS
100
AcDbText
  0
MTEXT
  5
25DD
330
18
100
AcDbEntity
  8
0
100
AcDbMText
 10
0.2310836645821723
 20
2.000917078246516
 30
0.0
 40
0.1062227270550519
 41
1.205858884206142
 71
     1
 72
     5
  1
Drawn by:
  7
ROMANS
 73
     1
 44
1.0
1001
ACAD
1000
ACAD_MTEXT_COLUMN_INFO_BEGIN
1070
    75
1070
     2
1070
    79
1070
     0
1070
    76
1070
     1
1070
    78
1070
     0
1070
    48
1040
1.205858884206142
1070
    49
1040
0.5311136352752596
1070
    50
1070
     1
1040
-0.1416303027400692
1000
ACAD_MTEXT_COLUMN_INFO_END
  0
TEXT
  5
25E8
330
18
100
AcDbEntity
  8
HCOM
100
AcDbText
 10
2.036246063228447
 20
2.314537022874049
 30
0.0
 40
0.1
  1
-
  7
ROMANS
100
AcDbText
  0
MTEXT
  5
25E9
330
18
100
AcDbEntity
  8
0
100
AcDbMText
 10
0.2268115630745058
 20
2.430842175471184
 30
0.0
 40
0.1062227270550519
 41
1.205858884206142
 71
     1
 72
     5
  1
Telephone:
  7
ROMANS
 73
     1
 44
1.0
1001
ACAD
1000
ACAD_MTEXT_COLUMN_INFO_BEGIN
1070
    75
1070
     2
1070
    79
1070
     0
1070
    76
1070
     1
1070
    78
1070
     0
1070
    48
1040
1.205858884206142
1070
    49
1040
0.5311136352752596
1070
    50
1070
     1
1040
-0.1416303027400692
1000
ACAD_MTEXT_COLUMN_INFO_END
  0
TEXT
  5
25F4
330
18
100
AcDbEntity
  8
HCOM
100
AcDbText
 10
1.984505491584343
 20
2.748329806069833
 30
0.0
 40
0.1
  1
3530
  7
ROMANS
100
AcDbText
  0
MTEXT
  5
25F5
330
18
100
AcDbEntity
  8
0
100
AcDbMText
 10
0.2289610000013624
 20
2.864634958666969
 30
0.0
 40
0.1062227270550519
 41
1.205858884206142
 71
     1
 72
     5
  1
PLC:
  7
ROMANS
 73
     1
 44
1.0
1001
ACAD
1000
ACAD_MTEXT_COLUMN_INFO_BEGIN
1070
    75
1070
     2
1070
    79
1070
     0
1070
    76
1070
     1
1070
    78
1070
     0
1070
    48
1040
1.205858884206142
1070
    49
1040
0.5311136352752596
1070
    50
1070
     1
1040
-0.1062227270550519
1000
ACAD_MTEXT_COLUMN_INFO_END
  0
TEXT
  5
2600
330
18
100
AcDbEntity
  8
HCOM
100
AcDbText
 10
1.659698225089954
 20
3.171649124275106
 30
0.0
 40
0.1
  1
KUALA LUMPUR
  7
ROMANS
100
AcDbText
  0
MTEXT
  5
2601
330
18
100
AcDbEntity
  8
0
100
AcDbMText
 10
0.2289610000013624
 20
3.287954276872242
 30
0.0
 40
0.1062227270550519
 41
1.205858884206142
 71
     1
 72
     5
  1
Area:
  7
ROMANS
 73
     1
 44
1.0
1001
ACAD
1000
ACAD_MTEXT_COLUMN_INFO_BEGIN
1070
    75
1070
     2
1070
    79
1070
     0
1070
    76
1070
     1
1070
    78
1070
     0
1070
    48
1040
1.205858884206142
1070
    49
1040
0.5311136352752596
1070
    50
1070
     1
1040
-0.1062227270550519
1000
ACAD_MTEXT_COLUMN_INFO_END
  0
TEXT
  5
2604
330
18
100
AcDbEntity
  8
HCOM
100
AcDbText
 10
1.901154998954382
 20
3.633049782393982
 30
0.0
 40
0.1
  1
2/23
  7
ROMANS
100
AcDbText
  0
MTEXT
  5
2605
330
18
100
AcDbEntity
  8
0
100
AcDbMText
 10
0.2259874697666362
 20
3.749354934991118
 30
0.0
 40
0.1062227270550519
 41
1.205858884206142
 71
     1
 72
     5
  1
Revision:
  7
ROMANS
 73
     1
 44
1.0
1001
ACAD
1000
ACAD_MTEXT_COLUMN_INFO_BEGIN
1070
    75
1070
     2
1070
    79
1070
     0
1070
    76
1070
     1
1070
    78
1070
     0
1070
    48
1040
1.205858884206142
1070
    49
1040
0.5311136352752596
1070
    50
1070
     1
1040
-0.1062227270550519
1000
ACAD_MTEXT_COLUMN_INFO_END
  0
TEXT
  5
2608
330
18
100
AcDbEntity
  8
HCOM
100
AcDbText
 10
1.525727124528155
 20
4.0822386732262
 30
0.0
 40
0.1
  1
10th. OCT. 2023
  7
ROMANS
100
AcDbText
  0
MTEXT
  5
2609
330
18
100
AcDbEntity
  8
0
100
AcDbMText
 10
0.2081642375267796
 20
4.173809545501685
 30
0.0
 40
0.0953483869164517
 41
1.082411482415992
 71
     1
 72
     5
  1
Date Updated:
  7
ROMANS
 73
     1
 44
1.0
1001
ACAD
1000
ACAD_MTEXT_COLUMN_INFO_BEGIN
1070
    75
1070
     2
1070
    79
1070
     0
1070
    76
1070
     1
1070
    78
1070
     0
1070
    48
1040
1.082411482415992
1070
    49
1040
0.4767419345822586
1070
    50
1070
     1
1040
-0.127131182555269
1000
ACAD_MTEXT_COLUMN_INFO_END
  0
MTEXT
  5
264D
330
18
100
AcDbEntity
  8
0
100
AcDbMText
 10
0.2378935145235062
 20
4.691952024378111
 30
0.0
 40
0.1062227270550519
 41
1.205858884206142
 71
     1
 72
     5
  1
PMU Comm.\PDate:
  7
ROMANS
 73
     1
 44
1.0
1001
ACAD
1000
ACAD_MTEXT_COLUMN_INFO_BEGIN
1070
    75
1070
     2
1070
    79
1070
     0
1070
    76
1070
     1
1070
    78
1070
     0
1070
    48
1040
1.205858884206142
1070
    49
1040
0.5311136352752596
1070
    50
1070
     1
1040
-0.2832606054801384
1000
ACAD_MTEXT_COLUMN_INFO_END
  0
TEXT
  5
265B
330
18
100
AcDbEntity
  8
HCOM
100
AcDbText
 10
1.55899228655978
 20
4.498019206970312
 30
0.0
 40
0.1
  1
2nd. JAN. 2000
  7
ROMANS
100
AcDbText
  0
TEXT
  5
2666
330
18
100
AcDbEntity
  8
HCOM
100
AcDbText
 10
1.563901182488621
 20
4.954444669364051
 30
0.0
 40
0.1
  1
1-A-ABBA-335
  7
ROMANS
100
AcDbText
  0
MTEXT
  5
2667
330
18
100
AcDbEntity
  8
0
100
AcDbMText
 10
0.2279168785048569
 20
5.073740300624166
 30
0.0
 40
0.1062227270550519
 41
1.205858884206142
 71
     1
 72
     5
  1
Drawing No:
  7
ROMANS
 73
     1
 44
1.0
1001
ACAD
1000
ACAD_MTEXT_COLUMN_INFO_BEGIN
1070
    75
1070
     2
1070
    79
1070
     0
1070
    76
1070
     1
1070
    78
1070
     0
1070
    48
1040
1.205858884206142
1070
    49
1040
0.5311136352752596
1070
    50
1070
     1
1040
-0.1416303027400692
1000
ACAD_MTEXT_COLUMN_INFO_END
  0
TEXT
  5
2672
330
18
100
AcDbEntity
  8
HCOM
100
AcDbText
 10
1.961530463276574
 20
5.389863647600933
 30
0.0
 40
0.1
  1
132kV
  7
ROMANS
100
AcDbText
  0
MTEXT
  5
2673
330
18
100
AcDbEntity
  8
0
100
AcDbMText
 10
0.2280649138301669
 20
5.506168800198068
 30
0.0
 40
0.1062227270550519
 41
1.205858884206142
 71
     1
 72
     5
  1
Voltage:
  7
ROMANS
 73
     1
 44
1.0
1001
ACAD
1000
ACAD_MTEXT_COLUMN_INFO_BEGIN
1070
    75
1070
     2
1070
    79
1070
     0
1070
    76
1070
     1
1070
    78
1070
     0
1070
    48
1040
1.205858884206142
1070
    49
1040
0.5311136352752596
1070
    50
1070
     1
1040
-0.1416303027400692
1000
ACAD_MTEXT_COLUMN_INFO_END
  0
TEXT
  5
267E
330
18
100
AcDbEntity
  8
HCOM
100
AcDbText
 10
1.955781682618067
 20
5.833859509491347
 30
0.0
 40
0.1
  1
ABBA
  7
ROMANS
100
AcDbText
  0
MTEXT
  5
267F
330
18
100
AcDbEntity
  8
0
100
AcDbMText
 10
0.2209952146476155
 20
5.950164662088483
 30
0.0
 40
0.1062227270550519
 41
1.205858884206142
 71
     1
 72
     5
  1
Mneumonic:
  7
ROMANS
 73
     1
 44
1.0
1001
ACAD
1000
ACAD_MTEXT_COLUMN_INFO_BEGIN
1070
    75
1070
     2
1070
    79
1070
     0
1070
    76
1070
     1
1070
    78
1070
     0
1070
    48
1040
1.205858884206142
1070
    49
1040
0.5311136352752596
1070
    50
1070
     1
1040
-0.1062227270550519
1000
ACAD_MTEXT_COLUMN_INFO_END
  0
LWPOLYLINE
  5
269B
330
18
100
AcDbEntity
  8
0
 62
     1
100
AcDbPolyline
 90
        4
 70
     1
 43
0.0
 10
3.017970089364809
 20
6.455921757642543
 10
1.28177945938026
 20
6.455921757642543
 10
1.28177945938026
 20
6.154207002311106
 10
3.017970089364809
 20
6.154207002311106
  0
TEXT
  5
269C
330
18
100
AcDbEntity
  8
HCOM
100
AcDbText
 10
1.380316569365817
 20
6.269930599762176
 30
0.0
 40
0.1
  1
ABU BAKAR BAGINDA
  7
ROMANS
100
AcDbText
  0
MTEXT
  5
269D
330
18
100
AcDbEntity
  8
0
100
AcDbMText
 10
0.2049140337709048
 20
6.374810265376937
 30
0.0
 40
0.1062227270550519
 41
1.205858884206142
 71
     1
 72
     5
  1
Substation:
  7
ROMANS
 73
     1
 44
1.0
1001
ACAD
1000
ACAD_MTEXT_COLUMN_INFO_BEGIN
1070
    75
1070
     2
1070
    79
1070
     0
1070
    76
1070
     1
1070
    78
1070
     0
1070
    48
1040
1.205858884206142
1070
    49
1040
0.5311136352752596
1070
    50
1070
     1
1040
-0.106222727055052
1000
ACAD_MTEXT_COLUMN_INFO_END
  0
LWPOLYLINE
  5
284B
330
18
100
AcDbEntity
  8
0
 62
     1
100
AcDbPolyline
 90
        4
 70
     1
 43
0.0
 10
3.017970213134163
 20
6.035374848407969
 10
1.281779583149614
 20
6.035374848407969
 10
1.281779583149614
 20
5.733660093076532
 10
3.017970213134163
 20
5.733660093076532
  0
LWPOLYLINE
  5
2853
330
18
100
AcDbEntity
  8
0
 62
     1
100
AcDbPolyline
 90
        4
 70
     1
 43
0.0
 10
3.017970336903517
 20
5.595648259664912
 10
1.281779706918968
 20
5.595648259664912
 10
1.281779706918968
 20
5.293933504333475
 10
3.017970336903517
 20
5.293933504333475
  0
LWPOLYLINE
  5
285B
330
18
100
AcDbEntity
  8
0
 62
     1
100
AcDbPolyline
 90
        4
 70
     1
 43
0.0
 10
3.017970460672871
 20
5.162519390532779
 10
1.281779830688322
 20
5.162519390532779
 10
1.281779830688322
 20
4.860804635201342
 10
3.017970460672871
 20
4.860804635201342
  0
LWPOLYLINE
  5
2863
330
18
100
AcDbEntity
  8
0
 62
     1
100
AcDbPolyline
 90
        4
 70
     1
 43
0.0
 10
3.017970584442224
 20
4.697868975602788
 10
1.281779954457676
 20
4.697868975602788
 10
1.281779954457676
 20
4.396154220271351
 10
3.017970584442224
 20
4.396154220271351
  0
LWPOLYLINE
  5
286B
330
18
100
AcDbEntity
  8
0
 62
     1
100
AcDbPolyline
 90
        4
 70
     1
 43
0.0
 10
3.017970708211578
 20
4.277061835103453
 10
1.28178007822703
 20
4.277061835103453
 10
1.28178007822703
 20
3.975347079772016
 10
3.017970708211578
 20
3.975347079772016
  0
LWPOLYLINE
  5
2873
330
18
100
AcDbEntity
  8
0
 62
     1
100
AcDbPolyline
 90
        4
 70
     1
 43
0.0
 10
3.017970831980932
 20
3.828433922674705
 10
1.281780201996384
 20
3.828433922674705
 10
1.281780201996384
 20
3.526719167343268
 10
3.017970831980932
 20
3.526719167343268
  0
LWPOLYLINE
  5
287B
330
18
100
AcDbEntity
  8
0
 62
     1
100
AcDbPolyline
 90
        4
 70
     1
 43
0.0
 10
3.017970955750286
 20
3.370457342902924
 10
1.281780325765737
 20
3.370457342902924
 10
1.281780325765737
 20
3.068742587571487
 10
3.017970955750286
 20
3.068742587571487
  0
LWPOLYLINE
  5
2883
330
18
100
AcDbEntity
  8
0
 62
     1
100
AcDbPolyline
 90
        4
 70
     1
 43
0.0
 10
3.01797107951964
 20
2.959215109821073
 10
1.281780449535091
 20
2.959215109821073
 10
1.281780449535091
 20
2.657500354489637
 10
3.01797107951964
 20
2.657500354489637
  0
LWPOLYLINE
  5
288B
330
18
100
AcDbEntity
  8
0
 62
     1
100
AcDbPolyline
 90
        4
 70
     1
 43
0.0
 10
3.017971203288994
 20
2.499600787179403
 10
1.281780573304445
 20
2.499600787179403
 10
1.281780573304445
 20
2.197886031847966
 10
3.017971203288994
 20
2.197886031847966
  0
LWPOLYLINE
  5
2893
330
18
100
AcDbEntity
  8
0
 62
     1
100
AcDbPolyline
 90
        4
 70
     1
 43
0.0
 10
3.017971327058348
 20
2.093440675315236
 10
1.281780697073799
 20
2.093440675315236
 10
1.281780697073799
 20
1.791725919983799
 10
3.017971327058348
 20
1.791725919983799
  0
LWPOLYLINE
  5
289B
330
18
100
AcDbEntity
  8
0
 62
     1
100
AcDbPolyline
 90
        4
 70
     1
 43
0.0
 10
3.017971450827702
 20
1.641076748118977
 10
1.281780820843153
 20
1.641076748118977
 10
1.281780820843153
 20
1.33936199278754
 10
3.017971450827702
 20
1.33936199278754
  0
LWPOLYLINE
  5
28A3
330
18
100
AcDbEntity
  8
0
 62
     1
100
AcDbPolyline
 90
        4
 70
     1
 43
0.0
 10
3.017971574597055
 20
1.233394924644401
 10
1.281780944612507
 20
1.233394924644401
 10
1.281780944612507
 20
0.9316801693129638
 10
3.017971574597055
 20
0.9316801693129638
  0
LWPOLYLINE
  5
2ADD
330
18
100
AcDbEntity
  8
0
 62
   146
420
  1070729
100
AcDbPolyline
 90
        4
 70
     1
 43
0.0
 10
6.600522217525268
 20
0.3971287600693534
 10
5.594918789179815
 20
0.3971287600693534
 10
5.594918789179815
 20
0.1296879904950288
 10
6.600522217525268
 20
0.1296879904950288
  0
TEXT
  5
2ADE
330
18
100
AcDbEntity
  8
0
100
AcDbText
 10
5.653800848944187
 20
0.2170385541613216
 30
0.0
 40
0.08
  1
T2
  7
ROMANT
100
AcDbText
  0
LINE
  5
2ADF
330
18
100
AcDbEntity
  8
0
 62
   146
420
  1070729
100
AcDbLine
 10
5.856142644543255
 20
0.3971287600693534
 30
0.0
 11
5.856142644543255
 21
0.1296879904950288
 31
0.0
  0
TEXT
  5
2AE0
330
18
100
AcDbEntity
  8
HCOM
100
AcDbText
 10
5.913807860995534
 20
0.2145441212244947
 30
0.0
 40
0.0800000000000001
  1
29/03/00
  7
ROMANS
100
AcDbText
  0
LWPOLYLINE
  5
2AEF
330
18
100
AcDbEntity
  8
0
 62
   146
420
  1070729
100
AcDbPolyline
 90
        4
 70
     1
 43
0.0
 10
5.529729059387578
 20
0.0599401478634467
 10
4.524125631042125
 20
0.0599401478634467
 10
4.524125631042125
 20
-0.2075006217108779
 10
5.529729059387578
 20
-0.2075006217108779
  0
TEXT
  5
2AF0
330
18
100
AcDbEntity
  8
0
100
AcDbText
 10
4.583007690806498
 20
-0.1201500580445851
 30
0.0
 40
0.08
  1
T3
  7
ROMANT
100
AcDbText
  0
LINE
  5
2AF1
330
18
100
AcDbEntity
  8
0
 62
   146
420
  1070729
100
AcDbLine
 10
4.785349486405566
 20
0.0599401478634467
 30
0.0
 11
4.785349486405566
 21
-0.2075006217108779
 31
0.0
  0
TEXT
  5
2AF2
330
18
100
AcDbEntity
  8
HCOM
100
AcDbText
 10
4.843014702857844
 20
-0.122644490981412
 30
0.0
 40
0.0800000000000001
  1
29/03/00
  7
ROMANS
100
AcDbText
  0
LWPOLYLINE
  5
2AF3
330
18
100
AcDbEntity
  8
0
 62
   146
420
  1070729
100
AcDbPolyline
 90
        4
 70
     1
 43
0.0
 10
6.598096339982222
 20
0.0586953464503102
 10
5.592492911636769
 20
0.0586953464503102
 10
5.592492911636769
 20
-0.2087454231240145
 10
6.598096339982222
 20
-0.2087454231240145
  0
TEXT
  5
2AF4
330
18
100
AcDbEntity
  8
0
100
AcDbText
 10
5.651374971401141
 20
-0.1213948594577217
 30
0.0
 40
0.08
  1
T4
  7
ROMANT
100
AcDbText
  0
LINE
  5
2AF5
330
18
100
AcDbEntity
  8
0
 62
   146
420
  1070729
100
AcDbLine
 10
5.853716767000209
 20
0.0586953464503102
 30
0.0
 11
5.853716767000209
 21
-0.2087454231240145
 31
0.0
  0
TEXT
  5
2AF6
330
18
100
AcDbEntity
  8
HCOM
100
AcDbText
 10
5.911381983452488
 20
-0.1238892923945485
 30
0.0
 40
0.0800000000000001
  1
29/03/00
  7
ROMANS
100
AcDbText
  0
LWPOLYLINE
  5
2B05
330
18
100
AcDbEntity
  8
0
 62
   146
420
  1070729
100
AcDbPolyline
 90
        4
 70
     1
 43
0.0
 10
5.532249218153866
 20
-0.2825734951178129
 10
4.526645789808413
 20
-0.2825734951178129
 10
4.526645789808413
 20
-0.5500142646921375
 10
5.532249218153866
 20
-0.5500142646921375
  0
TEXT
  5
2B06
330
18
100
AcDbEntity
  8
0
100
AcDbText
 10
4.585527849572785
 20
-0.4626637010258448
 30
0.0
 40
0.08
  1
T5
  7
ROMANT
100
AcDbText
  0
LINE
  5
2B07
330
18
100
AcDbEntity
  8
0
 62
   146
420
  1070729
100
AcDbLine
 10
4.787869645171853
 20
-0.2825734951178129
 30
0.0
 11
4.787869645171853
 21
-0.5500142646921375
 31
0.0
  0
TEXT
  5
2B08
330
18
100
AcDbEntity
  8
HCOM
100
AcDbText
 10
4.845534861624132
 20
-0.4651581339626716
 30
0.0
 40
0.0800000000000001
  1
27/09/13
  7
ROMANS
100
AcDbText
  0
LWPOLYLINE
  5
2B09
330
18
100
AcDbEntity
  8
0
 62
   146
420
  1070729
100
AcDbPolyline
 90
        4
 70
     1
 43
0.0
 10
6.60061649874851
 20
-0.2838182965309495
 10
5.595013070403057
 20
-0.2838182965309495
 10
5.595013070403057
 20
-0.5512590661052741
 10
6.60061649874851
 20
-0.5512590661052741
  0
TEXT
  5
2B0A
330
18
100
AcDbEntity
  8
0
100
AcDbText
 10
5.653895130167429
 20
-0.4639085024389813
 30
0.0
 40
0.08
  1
T6
  7
ROMANT
100
AcDbText
  0
LINE
  5
2B0B
330
18
100
AcDbEntity
  8
0
 62
   146
420
  1070729
100
AcDbLine
 10
5.856236925766497
 20
-0.2838182965309495
 30
0.0
 11
5.856236925766497
 21
-0.5512590661052741
 31
0.0
  0
TEXT
  5
2B0C
330
18
100
AcDbEntity
  8
HCOM
100
AcDbText
 10
5.913902142218776
 20
-0.4664029353758081
 30
0.0
 40
0.0800000000000001
  1
27/09/13
  7
ROMANS
100
AcDbText
  0
LWPOLYLINE
  5
2B2C
330
18
100
AcDbEntity
  8
0
 62
   146
420
  1070729
100
AcDbPolyline
 90
        4
 70
     1
 43
0.0
 10
2.023422961650009
 20
0.0259011251693109
 10
1.234952816822114
 20
0.0259011251693109
 10
1.234952816822114
 20
-0.1428029443916221
 10
2.023422961650009
 20
-0.1428029443916221
  0
TEXT
  5
2B2D
330
18
100
AcDbEntity
  8
0
100
AcDbText
 10
0.5567199661885988
 20
-0.1037768081450465
 30
0.0
 40
0.0768
  1
132/33kV
  7
ROMANS
100
AcDbText
  0
LWPOLYLINE
  5
2B2E
330
18
100
AcDbEntity
  8
0
 62
   146
420
  1070729
100
AcDbPolyline
 90
        4
 70
     1
 43
0.0
 10
3.405692695726525
 20
-0.1428029443916221
 10
3.86415874446471
 20
-0.1428029443916221
 10
3.86415874446471
 20
0.0259011251693109
 10
3.405692695726525
 20
0.0259011251693109
  0
TEXT
  5
2B2F
330
18
100
AcDbEntity
  8
0
100
AcDbText
 10
2.961103468465987
 20
-0.0668119584780705
 30
0.0
 40
0.0768
  1
Vector
  7
ROMANS
100
AcDbText
  0
LWPOLYLINE
  5
2B30
330
18
100
AcDbEntity
  8
0
 62
   146
420
  1070729
100
AcDbPolyline
 90
        4
 70
     1
 43
0.0
 10
2.501230558751662
 20
-0.1428029443916221
 10
2.876225264851318
 20
-0.1428029443916221
 10
2.876225264851318
 20
0.0259011251693109
 10
2.501230558751662
 20
0.0259011251693109
  0
TEXT
  5
2B31
330
18
100
AcDbEntity
  8
0
100
AcDbText
 10
2.117137348512122
 20
-0.0706232135073147
 30
0.0
 40
0.0768
  1
Total
  7
ROMANS
100
AcDbText
  0
TEXT
  5
2B32
330
18
100
AcDbEntity
  8
0
100
AcDbText
 10
2.117137348512122
 20
-0.1739529395124436
 30
0.0
 40
0.0768
  1
Cap.:
  7
ROMANS
100
AcDbText
  0
TEXT
  5
2B33
330
18
100
AcDbEntity
  8
0
100
AcDbText
 10
2.961103468465987
 20
-0.1735295577865901
 30
0.0
 40
0.0768
  1
Group:
  7
ROMANS
100
AcDbText
  0
TEXT
  5
2B34
330
18
100
AcDbEntity
  8
HCOM
100
AcDbText
 10
1.331447137606029
 20
-0.1000921525529243
 30
0.0
 40
0.08
  1
2x90 MVA
  7
ROMANS
100
AcDbText
  0
TEXT
  5
2B35
330
18
100
AcDbEntity
  8
HCOM
100
AcDbText
 10
2.573593363570348
 20
-0.0908405894633472
 30
0.0
 40
0.08
  1
180
  7
ROMANS
100
AcDbText
  0
TEXT
  5
2B36
330
18
100
AcDbEntity
  8
HCOM
100
AcDbText
 10
3.494463524971656
 20
-0.0900721898782315
 30
0.0
 40
0.08
  1
YNd1
  7
ROMANS
100
AcDbText
  0
LWPOLYLINE
  5
2B48
330
18
100
AcDbEntity
  8
0
 62
   146
420
  1070729
100
AcDbPolyline
 90
        4
 70
     1
 43
0.0
 10
2.023422961650009
 20
-0.2364493159392269
 10
1.234952816822114
 20
-0.2364493159392269
 10
1.234952816822114
 20
-0.4051533855001598
 10
2.023422961650009
 20
-0.4051533855001598
  0
TEXT
  5
2B49
330
18
100
AcDbEntity
  8
0
100
AcDbText
 10
0.5567199661885988
 20
-0.3661272492535843
 30
0.0
 40
0.0768
  1
132/11kV
  7
ROMANS
100
AcDbText
  0
LWPOLYLINE
  5
2B4A
330
18
100
AcDbEntity
  8
0
 62
   146
420
  1070729
100
AcDbPolyline
 90
        4
 70
     1
 43
0.0
 10
3.405692695726525
 20
-0.4051533855001598
 10
3.86415874446471
 20
-0.4051533855001598
 10
3.86415874446471
 20
-0.2364493159392269
 10
3.405692695726525
 20
-0.2364493159392269
  0
LWPOLYLINE
  5
2B4C
330
18
100
AcDbEntity
  8
0
 62
   146
420
  1070729
100
AcDbPolyline
 90
        4
 70
     1
 43
0.0
 10
2.501230558751662
 20
-0.4051533855001598
 10
2.876225264851318
 20
-0.4051533855001598
 10
2.876225264851318
 20
-0.2364493159392269
 10
2.501230558751662
 20
-0.2364493159392269
  0
TEXT
  5
2B50
330
18
100
AcDbEntity
  8
HCOM
100
AcDbText
 10
1.331447137606029
 20
-0.3624425936614621
 30
0.0
 40
0.08
  1
2x30 MVA
  7
ROMANS
100
AcDbText
  0
TEXT
  5
2B51
330
18
100
AcDbEntity
  8
HCOM
100
AcDbText
 10
2.613977179956004
 20
-0.3572272616016574
 30
0.0
 40
0.08
  1
60
  7
ROMANS
100
AcDbText
  0
TEXT
  5
2B52
330
18
100
AcDbEntity
  8
HCOM
100
AcDbText
 10
3.474220315837051
 20
-0.3574806792904503
 30
0.0
 40
0.08
  1
Yy0d1
  7
ROMANS
100
AcDbText
  0
TEXT
  5
2B5D
330
18
100
AcDbEntity
  8
0
 62
     7
100
AcDbText
 10
6.904642952765744
 20
0.4194056299015674
 30
0.0
 40
0.0704167844827585
  1
1/13- Feeder to SRDN2 was comm. on 24/6/12.
  7
ROMANS
100
AcDbText
  0
TEXT
  5
2B5E
330
18
100
AcDbEntity
  8
0
 62
     7
100
AcDbText
 10
6.904642952765744
 20
0.2745953482685711
 30
0.0
 40
0.0704167844827585
  1
2/13- Feeder to SRDN1 was comm. on 22/3/13.
  7
ROMANS
100
AcDbText
  0
TEXT
  5
2B5F
330
18
100
AcDbEntity
  8
0
 62
     7
100
AcDbText
 10
6.904642952765744
 20
0.1264806892729841
 30
0.0
 40
0.0704167844827585
  1
3/13- Future T5 & T6 added.
  7
ROMANS
100
AcDbText
  0
TEXT
  5
2B60
330
18
100
AcDbEntity
  8
0
 62
     7
100
AcDbText
 10
6.904642952765744
 20
-0.0177271401021384
 30
0.0
 40
0.0704167844827585
  1
4/13- T5 & T6 was comm.(on soak bay) on 27/9/13.
  7
ROMANS
100
AcDbText
  0
TEXT
  5
2B61
330
18
100
AcDbEntity
  8
0
 62
     7
100
AcDbText
 10
6.904642952765744
 20
-0.1606769422850542
 30
0.0
 40
0.0704167844827585
  1
1/15- T5 & T6 was fully comm.on 20/1/15.
  7
ROMANS
100
AcDbText
  0
TEXT
  5
2B62
330
18
100
AcDbEntity
  8
0
 62
     7
100
AcDbText
 10
6.906221399207274
 20
-0.2898540300906757
 30
0.0
 40
0.0704167844827585
  1
1/22- SLD has been updated as per new format.
  7
ROMANS
100
AcDbText
  0
LINE
  5
2D11
330
18
100
AcDbEntity
  8
NLA2
 62
     2
100
AcDbLine
 10
6.698959868419937
 20
1.955067460110352
 30
0.0
 11
6.698959868419937
 21
2.269776845808857
 31
0.0
  0
LWPOLYLINE
  5
2D12
330
18
100
AcDbEntity
  8
NLA2
 62
     3
100
AcDbPolyline
 90
        4
 70
     1
 43
0.0
 10
6.735460311063257
 20
3.230600519485644
 10
6.663794128662584
 20
3.230600519485644
 10
6.663794128662584
 20
3.290939320596289
 10
6.735460311063257
 20
3.290939320596289
  0
LWPOLYLINE
  5
2D13
330
18
100
AcDbEntity
  8
NLA2
 62
     2
100
AcDbPolyline
 90
        4
 70
     1
 43
0.0
 10
6.735460311063257
 20
2.269776845808857
 10
6.663794128662584
 20
2.269776845808857
 10
6.663794128662584
 20
2.330115646919503
 10
6.735460311063257
 20
2.330115646919503
  0
CIRCLE
  5
2D14
330
18
100
AcDbEntity
  8
NLA2
 62
     3
100
AcDbCircle
 10
6.702693543996638
 20
2.734459446077504
 30
0.0
 40
0.0943539546836085
  0
CIRCLE
  5
2D15
330
18
100
AcDbEntity
  8
NLA2
 62
     2
100
AcDbCircle
 10
6.702693543996638
 20
2.654152213705724
 30
0.0
 40
0.0943539546836085
  0
LINE
  5
2D16
330
18
100
AcDbEntity
  8
NLA2
 62
     2
100
AcDbLine
 10
6.698959868419937
 20
2.330115646919505
 30
0.0
 11
6.698959868419937
 21
2.559872160507157
 31
0.0
  0
LWPOLYLINE
  5
2D17
330
18
100
AcDbEntity
  8
NLA2
 62
     2
100
AcDbPolyline
 90
        4
 70
     1
 43
0.0
 10
7.554910530316572
 20
1.922860251288007
 10
7.483244347915907
 20
1.922860251288007
 10
7.483244347915907
 20
1.983199052398656
 10
7.554910530316572
 20
1.983199052398656
  0
LINE
  5
2D18
330
18
100
AcDbEntity
  8
NLA2
 62
     2
100
AcDbLine
 10
8.466203592660523
 20
2.330115646919505
 30
0.0
 11
8.466203592660523
 21
2.559872160507157
 31
0.0
  0
CIRCLE
  5
2D19
330
18
100
AcDbEntity
  8
NLA2
 62
     2
100
AcDbCircle
 10
8.469937268237231
 20
2.654152213705724
 30
0.0
 40
0.0943539546836085
  0
CIRCLE
  5
2D1A
330
18
100
AcDbEntity
  8
NLA2
 62
     3
100
AcDbCircle
 10
8.469937268237231
 20
2.734459446077504
 30
0.0
 40
0.0943539546836085
  0
LWPOLYLINE
  5
2D1B
330
18
100
AcDbEntity
  8
NLA2
 62
     2
100
AcDbPolyline
 90
        4
 70
     1
 43
0.0
 10
8.50270403530385
 20
2.269776845808857
 10
8.431037852903177
 20
2.269776845808857
 10
8.431037852903177
 20
2.330115646919503
 10
8.50270403530385
 20
2.330115646919503
  0
LWPOLYLINE
  5
2D1C
330
18
100
AcDbEntity
  8
NLA2
 62
     3
100
AcDbPolyline
 90
        4
 70
     1
 43
0.0
 10
8.50270403530385
 20
3.230600519485644
 10
8.431037852903177
 20
3.230600519485644
 10
8.431037852903177
 20
3.290939320596289
 10
8.50270403530385
 20
3.290939320596289
  0
LINE
  5
2D1D
330
18
100
AcDbEntity
  8
NLA2
 62
     2
100
AcDbLine
 10
8.466203592660523
 20
1.955067460110352
 30
0.0
 11
8.466203592660523
 21
2.269776845808857
 31
0.0
  0
LINE
  5
2D1E
330
18
100
AcDbEntity
  8
NLA2
 62
     2
100
AcDbLine
 10
7.174705440343121
 20
2.947359744461149
 30
0.0
 11
7.174705440343121
 21
2.872452394109018
 31
0.0
  0
LWPOLYLINE
  5
2D1F
330
18
100
AcDbEntity
  8
NLA2
 62
     2
100
AcDbPolyline
 90
        4
 70
     1
 43
0.0
 10
7.175650615760954
 20
2.791652514926461
 10
7.20439456567517
 20
2.832730224231593
 10
7.175650615760954
 20
2.873807933536723
 10
7.147147705259016
 20
2.832929998858229
  0
LWPOLYLINE
  5
2D20
330
18
100
AcDbEntity
  8
NLA2
 62
     2
100
AcDbPolyline
 90
        4
 70
     1
 43
0.0
 10
7.951009962321315
 20
2.791652514926461
 10
7.97975391223553
 20
2.832730224231593
 10
7.951009962321315
 20
2.873807933536723
 10
7.922507051819373
 20
2.832929998858229
  0
LINE
  5
2D21
330
18
100
AcDbEntity
  8
NLA2
 62
     2
100
AcDbLine
 10
7.950064786903489
 20
2.947359744461149
 30
0.0
 11
7.950064786903489
 21
2.872452394109013
 31
0.0
  0
LWPOLYLINE
  5
2D22
330
18
100
AcDbEntity
  8
NLA2
 62
     2
100
AcDbPolyline
 90
        4
 70
     1
 43
0.0
 10
7.417311102444458
 20
2.791652514926461
 10
7.446055052358666
 20
2.832730224231593
 10
7.417311102444458
 20
2.873807933536723
 10
7.388808191942523
 20
2.832929998858229
  0
LINE
  5
2D23
330
18
100
AcDbEntity
  8
NLA2
 62
     7
100
AcDbLine
 10
7.41318444248385
 20
2.584909235424671
 30
0.0
 11
7.421408652179512
 21
2.584909235424671
 31
0.0
  0
LINE
  5
2D24
330
18
100
AcDbEntity
  8
NLA2
 62
     7
100
AcDbLine
 10
7.40583177370759
 20
2.595557259150079
 30
0.0
 11
7.428859560855432
 21
2.595557259150079
 31
0.0
  0
LINE
  5
2D25
330
18
100
AcDbEntity
  8
NLA2
 62
     7
100
AcDbLine
 10
7.398479104931329
 20
2.606205282875484
 30
0.0
 11
7.436310469531357
 21
2.606205282875484
 31
0.0
  0
LINE
  5
2D26
330
18
100
AcDbEntity
  8
NLA2
 62
     2
100
AcDbLine
 10
7.417269258470668
 20
2.947359744461149
 30
0.0
 11
7.417269258470668
 21
2.872452394109017
 31
0.0
  0
LINE
  5
2D27
330
18
100
AcDbEntity
  8
NLA2
 62
     2
100
AcDbLine
 10
7.680502405831582
 20
2.793021303672425
 30
0.0
 11
7.680502405831582
 21
2.606205282875484
 31
0.0
  0
LWPOLYLINE
  5
2D28
330
18
100
AcDbEntity
  8
NLA2
 62
     2
100
AcDbPolyline
 90
        4
 70
     1
 43
0.0
 10
7.681447581249415
 20
2.791652514926461
 10
7.710191531163627
 20
2.832730224231593
 10
7.681447581249415
 20
2.873807933536723
 10
7.652944670747484
 20
2.832929998858229
  0
LINE
  5
2D29
330
18
100
AcDbEntity
  8
NLA2
 62
     7
100
AcDbLine
 10
7.676417589844764
 20
2.584909235424671
 30
0.0
 11
7.684641799540426
 21
2.584909235424671
 31
0.0
  0
LINE
  5
2D2A
330
18
100
AcDbEntity
  8
NLA2
 62
     7
100
AcDbLine
 10
7.669064921068504
 20
2.595557259150079
 30
0.0
 11
7.692092708216357
 21
2.595557259150079
 31
0.0
  0
LINE
  5
2D2B
330
18
100
AcDbEntity
  8
NLA2
 62
     7
100
AcDbLine
 10
7.661712252292244
 20
2.606205282875484
 30
0.0
 11
7.699543616892264
 21
2.606205282875484
 31
0.0
  0
LINE
  5
2D2C
330
18
100
AcDbEntity
  8
NLA2
 62
     2
100
AcDbLine
 10
7.680502405831582
 20
2.947359744461149
 30
0.0
 11
7.680502405831582
 21
2.872452394109017
 31
0.0
  0
LWPOLYLINE
  5
2D2D
330
18
100
AcDbEntity
  8
NLA2
 62
     2
100
AcDbPolyline
 90
        2
 70
     0
 43
0.0350532375690862
 10
8.182761658977483
 20
2.947359744461149
 10
6.992475179909423
 20
2.947359744461149
  0
LWPOLYLINE
  5
2D2E
330
18
100
AcDbEntity
  8
NLA2
 62
     2
100
AcDbPolyline
 90
       12
 70
     0
 43
0.0
 10
7.417269258470668
 20
2.793021303672425
 10
7.417269258470668
 20
2.746544248667781
 10
7.44178286098035
 20
2.746544248667781
 10
7.44178286098035
 20
2.728574015243157
 10
7.392755655960976
 20
2.728574015243157
 10
7.392755655960976
 20
2.710603781818536
 10
7.44178286098035
 20
2.710603781818536
 10
7.44178286098035
 20
2.692633548393912
 10
7.392755655960976
 20
2.692633548393912
 10
7.392755655960976
 20
2.675139721459125
 10
7.417269258470668
 20
2.675139721459125
 10
7.417269258470668
 20
2.606205282875484
  0
TEXT
  5
2D2F
330
18
100
AcDbEntity
  8
NLA2
 62
     7
100
AcDbText
 10
7.988958538717512
 20
2.808569664223484
 30
0.0
 40
0.0525798563536294
  1
T2N1
100
AcDbText
  0
TEXT
  5
2D30
330
18
100
AcDbEntity
  8
NLA2
 62
     7
100
AcDbText
 10
7.735402681117233
 20
2.811109481143325
 30
0.0
 40
0.0525798563536293
  1
E1N1
100
AcDbText
  0
TEXT
  5
2D31
330
18
100
AcDbEntity
  8
NLA2
 62
     7
100
AcDbText
 10
7.466627779411528
 20
2.807637770673659
 30
0.0
 40
0.0525798563536293
  1
R1N1
100
AcDbText
  0
TEXT
  5
2D32
330
18
100
AcDbEntity
  8
NLA2
 62
     7
100
AcDbText
 10
7.212980452594383
 20
2.8101775875935
 30
0.0
 40
0.0525798563536295
  1
T1N1
100
AcDbText
  0
TEXT
  5
2D33
330
18
100
AcDbEntity
  8
NLA2
 62
     7
100
AcDbText
 10
6.519802361400522
 20
3.230536343498381
 30
0.0
 40
0.057837841988992
  1
110
100
AcDbText
  0
TEXT
  5
2D34
330
18
100
AcDbEntity
  8
NLA2
 62
     7
100
AcDbText
 10
8.555765398618234
 20
3.233494866704974
 30
0.0
 40
0.0578378419889922
  1
210
100
AcDbText
  0
TEXT
  5
2D35
330
18
100
AcDbEntity
  8
NLA2
 62
     7
100
AcDbText
 10
8.54220636165688
 20
2.271771656869375
 30
0.0
 40
0.0578378419889922
  1
32
100
AcDbText
  0
TEXT
  5
2D36
330
18
100
AcDbEntity
  8
NLA2
 62
     7
100
AcDbText
 10
7.463759069160314
 20
2.019697382406886
 30
0.0
 40
0.0578378419889923
  1
30
  7
ROMANS
100
AcDbText
  0
TEXT
  5
2D37
330
18
100
AcDbEntity
  8
NLA2
 62
     7
100
AcDbText
 10
6.556941394245246
 20
2.270480712049029
 30
0.0
 40
0.0578378419889924
  1
31
100
AcDbText
  0
TEXT
  5
2D38
330
18
100
AcDbEntity
  8
NLA2
 62
     7
100
AcDbText
 10
8.695549560994785
 20
1.527106105057352
 30
0.0
 40
0.0578378419889923
  1
11kV
  7
ROMANS
100
AcDbText
  0
TEXT
  5
2D39
330
18
100
AcDbEntity
  8
NLA2
 62
     7
100
AcDbText
 10
6.470320980230522
 20
2.662141618275772
 30
0.0
 40
0.0701064751381726
  1
T1
100
AcDbText
  0
TEXT
  5
2D3A
330
18
100
AcDbEntity
  8
NLA2
 62
     7
100
AcDbText
 10
8.610733008241517
 20
2.68892388940271
 30
0.0
 40
0.0701064751381725
  1
T2
100
AcDbText
  0
TEXT
  5
2D3B
330
18
100
AcDbEntity
  8
NLA2
 62
     7
100
AcDbText
 10
3.247914066034221
 20
3.471495573494122
 30
0.0
 40
0.0578378419889922
  1
R
100
AcDbText
  0
LINE
  5
2D3C
330
18
100
AcDbEntity
  8
NLA2
 62
     2
100
AcDbLine
 10
8.381427080611449
 20
2.621462529539529
 30
0.0
 11
7.950064786903489
 21
2.621462529539529
 31
0.0
  0
LINE
  5
2D3D
330
18
100
AcDbEntity
  8
NLA2
 62
     2
100
AcDbLine
 10
7.790954090823213
 20
1.555471642236508
 30
0.0
 11
7.790954090823213
 21
1.706709980455136
 31
0.0
  0
LINE
  5
2D3E
330
18
100
AcDbEntity
  8
NLA2
 62
     2
100
AcDbLine
 10
7.790954090823213
 20
1.76704878156578
 30
0.0
 11
7.790954090823206
 21
1.955067460110352
 31
0.0
  0
TEXT
  5
2D3F
330
18
100
AcDbEntity
  8
NLA2
 62
     7
100
AcDbText
 10
7.848255169036822
 20
1.71127759257901
 30
0.0
 40
0.0578378419889923
  1
34
  7
ROMANS
100
AcDbText
  0
LWPOLYLINE
  5
2D40
330
18
100
AcDbEntity
  8
NLA2
 62
     2
100
AcDbPolyline
 90
        4
 70
     1
 43
0.0
 10
7.827454533466529
 20
1.706709980455136
 10
7.755788351065867
 20
1.706709980455136
 10
7.755788351065867
 20
1.76704878156578
 10
7.827454533466529
 20
1.76704878156578
  0
LWPOLYLINE
  5
2D41
330
18
100
AcDbEntity
  8
NLA2
 62
     2
100
AcDbPolyline
 90
        2
 70
     0
 43
0.0350532375690862
 10
8.603191761077646
 20
1.955067460110352
 10
7.603901883605094
 20
1.955067460110352
  0
LWPOLYLINE
  5
2D42
330
18
100
AcDbEntity
  8
NLA2
 62
     2
100
AcDbPolyline
 90
        2
 70
     0
 43
0.0350532375690862
 10
8.604094094295181
 20
1.555471642236508
 10
6.567245445812368
 20
1.555471642236508
  0
LWPOLYLINE
  5
2D43
330
18
100
AcDbEntity
  8
NLA2
 62
     2
100
AcDbPolyline
 90
        2
 70
     0
 43
0.0350532375690862
 10
7.669706677169259
 20
1.955067460110352
 10
7.554349078128507
 20
1.955067460110352
  0
LWPOLYLINE
  5
2D44
330
18
100
AcDbEntity
  8
NLA2
 62
     2
100
AcDbPolyline
 90
        2
 70
     0
 43
0.0350532375690862
 10
7.483244347915907
 20
1.955067460110352
 10
6.550643405156773
 20
1.955067460110352
  0
TEXT
  5
2D45
330
18
100
AcDbEntity
  8
NLA2
 62
     7
100
AcDbText
 10
3.229864380450882
 20
3.930272531762605
 30
0.0
 40
0.0578378419889922
  1
M
100
AcDbText
  0
TEXT
  5
2D46
330
18
100
AcDbEntity
  8
NLA2
 62
     7
100
AcDbText
 10
11.91076028385881
 20
3.391820317229535
 30
0.0
 40
0.0578378419889922
  1
132kV
100
AcDbText
  0
LINE
  5
2D47
330
18
100
AcDbEntity
  8
NLA2
 62
     3
100
AcDbLine
 10
4.540653086061287
 20
4.605126958191659
 30
0.0
 11
4.540653086061287
 21
4.330446598936538
 31
0.0
  0
LWPOLYLINE
  5
2D48
330
18
100
AcDbEntity
  8
NLA2
 62
     3
100
AcDbPolyline
 90
        4
 70
     1
 43
0.0
 10
4.57715352870461
 20
4.330446598936538
 10
4.505487346303937
 20
4.330446598936538
 10
4.505487346303937
 20
4.270107797825895
 10
4.57715352870461
 20
4.270107797825895
  0
TEXT
  5
2D49
330
18
100
AcDbEntity
  8
NLA2
 62
     7
100
AcDbText
 10
4.615429633415804
 20
4.278420004189183
 30
0.0
 40
0.0578378419889922
  1
505
100
AcDbText
  0
LINE
  5
2D4A
330
18
100
AcDbEntity
  8
NLA2
 62
     3
100
AcDbLine
 10
4.540653086061287
 20
5.140406496100987
 30
0.0
 11
4.540653086061287
 21
4.718814341989314
 31
0.0
  0
LWPOLYLINE
  5
2D4B
330
18
100
AcDbEntity
  8
NLA2
 62
     3
100
AcDbPolyline
 90
        4
 70
     1
 43
0.0
 10
4.539366428703532
 20
4.603288208226017
 10
4.580429214295261
 20
4.661970650090488
 10
4.539366428703532
 20
4.720653091954963
 10
4.498647985129342
 20
4.662256042414255
  0
TEXT
  5
2D4C
330
18
100
AcDbEntity
  8
NLA2
 62
     7
100
AcDbText
 10
4.602838198991009
 20
4.631942500006934
 30
0.0
 40
0.0578378419889923
  1
503
100
AcDbText
  0
TEXT
  5
2D4D
330
18
100
AcDbEntity
  8
NLA2
 62
     7
100
AcDbText
 10
4.602945098329323
 20
4.986118017785496
 30
0.0
 40
0.0525798563536294
  1
501
100
AcDbText
  0
LWPOLYLINE
  5
2D4E
330
18
100
AcDbEntity
  8
NLA2
 62
     1
100
AcDbPolyline
 90
        2
 70
     0
 43
0.0350532375690862
 10
4.44141961614042
 20
1.947995204251671
 10
3.508818673381283
 20
1.947995204251671
  0
LWPOLYLINE
  5
2D4F
330
18
100
AcDbEntity
  8
NLA2
 62
     1
100
AcDbPolyline
 90
        2
 70
     0
 43
0.0350532375690862
 10
5.562269362519695
 20
1.548399386377825
 10
3.525420714036889
 20
1.548399386377825
  0
LWPOLYLINE
  5
2D50
330
18
100
AcDbEntity
  8
NLA2
 62
     1
100
AcDbPolyline
 90
        2
 70
     0
 43
0.0350532375690862
 10
5.561367029302163
 20
1.947995204251671
 10
4.513085798541089
 20
1.947995204251671
  0
LWPOLYLINE
  5
2D51
330
18
100
AcDbEntity
  8
NLA2
 62
     1
100
AcDbPolyline
 90
        4
 70
     1
 43
0.0
 10
4.785629801691051
 20
1.699637724596454
 10
4.713963619290377
 20
1.699637724596454
 10
4.713963619290377
 20
1.759976525707098
 10
4.785629801691051
 20
1.759976525707098
  0
TEXT
  5
2D52
330
18
100
AcDbEntity
  8
NLA2
 62
     7
100
AcDbText
 10
4.794698855203697
 20
1.70163253565697
 30
0.0
 40
0.0578378419889922
  1
1W0
  7
ROMANS
100
AcDbText
  0
LINE
  5
2D53
330
18
100
AcDbEntity
  8
NLA2
 62
     1
100
AcDbLine
 10
4.749129359047728
 20
1.759976525707098
 30
0.0
 11
4.749129359047725
 21
1.947995204251671
 31
0.0
  0
LINE
  5
2D54
330
18
100
AcDbEntity
  8
NLA2
 62
     1
100
AcDbLine
 10
4.749129359047728
 20
1.548399386377825
 30
0.0
 11
4.749129359047728
 21
1.699637724596454
 31
0.0
  0
LINE
  5
2D55
330
18
100
AcDbEntity
  8
NLA2
 62
     1
100
AcDbLine
 10
5.339602348835967
 20
2.614390273680848
 30
0.0
 11
5.211676340433335
 21
2.614390273680848
 31
0.0
  0
TEXT
  5
2D56
330
18
100
AcDbEntity
  8
NLA2
 62
     7
100
AcDbText
 10
5.565575740859964
 20
2.681851633544027
 30
0.0
 40
0.0701064751381724
  1
T4
100
AcDbText
  0
TEXT
  5
2D57
330
18
100
AcDbEntity
  8
NLA2
 62
     7
100
AcDbText
 10
3.405790015943582
 20
2.655069362417092
 30
0.0
 40
0.0701064751381724
  1
T3
100
AcDbText
  0
TEXT
  5
2D58
330
18
100
AcDbEntity
  8
NLA2
 62
     7
100
AcDbText
 10
5.650660789628049
 20
1.531027874122844
 30
0.0
 40
0.0578378419889923
  1
33kV
  7
ROMANS
100
AcDbText
  0
TEXT
  5
2D59
330
18
100
AcDbEntity
  8
NLA2
 62
     7
100
AcDbText
 10
3.436024020267432
 20
2.263408456190348
 30
0.0
 40
0.0578378419889923
  1
3T0
100
AcDbText
  0
TEXT
  5
2D5A
330
18
100
AcDbEntity
  8
NLA2
 62
     7
100
AcDbText
 10
4.39439375273386
 20
1.999761121231408
 30
0.0
 40
0.0578378419889923
  1
1S0
  7
ROMANS
100
AcDbText
  0
TEXT
  5
2D5B
330
18
100
AcDbEntity
  8
NLA2
 62
     7
100
AcDbText
 10
5.501659739614096
 20
2.264699401010692
 30
0.0
 40
0.0578378419889923
  1
4T0
100
AcDbText
  0
TEXT
  5
2D5C
330
18
100
AcDbEntity
  8
NLA2
 62
     7
100
AcDbText
 10
5.507815944131821
 20
3.226422610846291
 30
0.0
 40
0.0578378419889921
  1
410
100
AcDbText
  0
TEXT
  5
2D5D
330
18
100
AcDbEntity
  8
NLA2
 62
     7
100
AcDbText
 10
3.448543710409899
 20
3.223464087639699
 30
0.0
 40
0.0578378419889923
  1
310
100
AcDbText
  0
TEXT
  5
2D5E
330
18
100
AcDbEntity
  8
NLA2
 62
     7
100
AcDbText
 10
4.141756989589329
 20
2.817249843452181
 30
0.0
 40
0.0525798563536293
  1
T3N2
100
AcDbText
  0
TEXT
  5
2D5F
330
18
100
AcDbEntity
  8
NLA2
 62
     7
100
AcDbText
 10
4.431317760257073
 20
2.81471002653234
 30
0.0
 40
0.0525798563536293
  1
R2N2
100
AcDbText
  0
TEXT
  5
2D60
330
18
100
AcDbEntity
  8
NLA2
 62
     7
100
AcDbText
 10
4.735262234172298
 20
2.818181737002005
 30
0.0
 40
0.0525798563536292
  1
E2N2
100
AcDbText
  0
TEXT
  5
2D61
330
18
100
AcDbEntity
  8
NLA2
 62
     7
100
AcDbText
 10
5.017408051929717
 20
2.815641920082165
 30
0.0
 40
0.0525798563536295
  1
T4N2
100
AcDbText
  0
LWPOLYLINE
  5
2D62
330
18
100
AcDbEntity
  8
NLA2
 62
     1
100
AcDbPolyline
 90
       12
 70
     0
 43
0.0
 10
4.381959239316224
 20
2.800093559531105
 10
4.381959239316224
 20
2.753616504526463
 10
4.406472841825916
 20
2.753616504526463
 10
4.406472841825916
 20
2.735646271101841
 10
4.357445636806538
 20
2.735646271101841
 10
4.357445636806538
 20
2.717676037677219
 10
4.406472841825916
 20
2.717676037677219
 10
4.406472841825916
 20
2.699705804252593
 10
4.357445636806538
 20
2.699705804252593
 10
4.357445636806538
 20
2.682211977317809
 10
4.381959239316224
 20
2.682211977317809
 10
4.381959239316224
 20
2.613277538734166
  0
LWPOLYLINE
  5
2D63
330
18
100
AcDbEntity
  8
NLA2
 62
     1
100
AcDbPolyline
 90
        2
 70
     0
 43
0.0350532375690862
 10
5.160705884781557
 20
2.954432000319831
 10
3.955242848535164
 20
2.954432000319831
  0
LINE
  5
2D64
330
18
100
AcDbEntity
  8
NLA2
 62
     1
100
AcDbLine
 10
4.680361958886643
 20
2.954432000319831
 30
0.0
 11
4.680361958886643
 21
2.879524649967698
 31
0.0
  0
LINE
  5
2D65
330
18
100
AcDbEntity
  8
NLA2
 62
     7
100
AcDbLine
 10
4.661571805347309
 20
2.613277538734166
 30
0.0
 11
4.69940316994732
 21
2.613277538734166
 31
0.0
  0
LINE
  5
2D66
330
18
100
AcDbEntity
  8
NLA2
 62
     7
100
AcDbLine
 10
4.66892447412356
 20
2.602629515008763
 30
0.0
 11
4.691952261271407
 21
2.602629515008763
 31
0.0
  0
LINE
  5
2D67
330
18
100
AcDbEntity
  8
NLA2
 62
     7
100
AcDbLine
 10
4.676277142899828
 20
2.591981491283352
 30
0.0
 11
4.684501352595488
 21
2.591981491283352
 31
0.0
  0
LWPOLYLINE
  5
2D68
330
18
100
AcDbEntity
  8
NLA2
 62
     1
100
AcDbPolyline
 90
        4
 70
     1
 43
0.0
 10
4.681307134304474
 20
2.798724770785142
 10
4.710051084218687
 20
2.839802480090277
 10
4.681307134304474
 20
2.880880189395404
 10
4.652804223802541
 20
2.840002254716912
  0
LINE
  5
2D69
330
18
100
AcDbEntity
  8
NLA2
 62
     1
100
AcDbLine
 10
4.680361958886643
 20
2.800093559531105
 30
0.0
 11
4.680361958886643
 21
2.613277538734166
 31
0.0
  0
LINE
  5
2D6A
330
18
100
AcDbEntity
  8
NLA2
 62
     1
100
AcDbLine
 10
4.381959239316224
 20
2.954432000319831
 30
0.0
 11
4.381959239316224
 21
2.879524649967698
 31
0.0
  0
LINE
  5
2D6B
330
18
100
AcDbEntity
  8
NLA2
 62
     7
100
AcDbLine
 10
4.363169085776883
 20
2.613277538734166
 30
0.0
 11
4.401000450376907
 21
2.613277538734166
 31
0.0
  0
LINE
  5
2D6C
330
18
100
AcDbEntity
  8
NLA2
 62
     7
100
AcDbLine
 10
4.370521754553142
 20
2.602629515008763
 30
0.0
 11
4.393549541700988
 21
2.602629515008763
 31
0.0
  0
LINE
  5
2D6D
330
18
100
AcDbEntity
  8
NLA2
 62
     7
100
AcDbLine
 10
4.377874423329409
 20
2.591981491283352
 30
0.0
 11
4.386098633025075
 21
2.591981491283352
 31
0.0
  0
LWPOLYLINE
  5
2D6E
330
18
100
AcDbEntity
  8
NLA2
 62
     1
100
AcDbPolyline
 90
        4
 70
     1
 43
0.0
 10
4.382001083290007
 20
2.798724770785142
 10
4.410745033204227
 20
2.839802480090277
 10
4.382001083290007
 20
2.880880189395404
 10
4.353498172788074
 20
2.840002254716912
  0
LINE
  5
2D6F
330
18
100
AcDbEntity
  8
NLA2
 62
     1
100
AcDbLine
 10
4.978514300115688
 20
2.954432000319831
 30
0.0
 11
4.978514300115688
 21
2.879524649967699
 31
0.0
  0
LWPOLYLINE
  5
2D70
330
18
100
AcDbEntity
  8
NLA2
 62
     1
100
AcDbPolyline
 90
        4
 70
     1
 43
0.0
 10
4.979459475533517
 20
2.798724770785142
 10
5.00820342544773
 20
2.839802480090277
 10
4.979459475533517
 20
2.880880189395404
 10
4.950956565031579
 20
2.840002254716912
  0
LWPOLYLINE
  5
2D71
330
18
100
AcDbEntity
  8
NLA2
 62
     1
100
AcDbPolyline
 90
        4
 70
     1
 43
0.0
 10
4.104427152755893
 20
2.798724770785142
 10
4.133171102670113
 20
2.839802480090277
 10
4.104427152755893
 20
2.880880189395404
 10
4.075924242253956
 20
2.840002254716912
  0
LINE
  5
2D72
330
18
100
AcDbEntity
  8
NLA2
 62
     1
100
AcDbLine
 10
4.103481977338072
 20
2.954432000319831
 30
0.0
 11
4.103481977338072
 21
2.879524649967714
 31
0.0
  0
LINE
  5
2D73
330
18
100
AcDbEntity
  8
NLA2
 62
     1
100
AcDbLine
 10
5.424378860885035
 20
1.947995204251671
 30
0.0
 11
5.424378860885035
 21
2.262704589950174
 31
0.0
  0
LWPOLYLINE
  5
2D74
330
18
100
AcDbEntity
  8
NLA2
 62
     3
100
AcDbPolyline
 90
        4
 70
     1
 43
0.0
 10
5.460879303528362
 20
3.223528263626961
 10
5.389213121127689
 20
3.223528263626961
 10
5.389213121127689
 20
3.283867064737608
 10
5.460879303528362
 20
3.283867064737608
  0
LWPOLYLINE
  5
2D75
330
18
100
AcDbEntity
  8
NLA2
 62
     1
100
AcDbPolyline
 90
        4
 70
     1
 43
0.0
 10
5.460879303528362
 20
2.262704589950174
 10
5.389213121127689
 20
2.262704589950174
 10
5.389213121127689
 20
2.323043391060819
 10
5.460879303528362
 20
2.323043391060819
  0
CIRCLE
  5
2D76
330
18
100
AcDbEntity
  8
NLA2
 62
     3
100
AcDbCircle
 10
5.42811253646174
 20
2.727387190218822
 30
0.0
 40
0.0943539546836156
  0
CIRCLE
  5
2D77
330
18
100
AcDbEntity
  8
NLA2
 62
     1
100
AcDbCircle
 10
5.42811253646174
 20
2.647079957847043
 30
0.0
 40
0.0943539546836156
  0
LINE
  5
2D78
330
18
100
AcDbEntity
  8
NLA2
 62
     1
100
AcDbLine
 10
5.424378860885035
 20
2.323043391060823
 30
0.0
 11
5.424378860885035
 21
2.552799904648473
 31
0.0
  0
LWPOLYLINE
  5
2D79
330
18
100
AcDbEntity
  8
NLA2
 62
     1
100
AcDbPolyline
 90
        4
 70
     1
 43
0.0
 10
4.513085798541089
 20
1.915787995429326
 10
4.44141961614042
 20
1.915787995429326
 10
4.44141961614042
 20
1.976126796539975
 10
4.513085798541089
 20
1.976126796539975
  0
LINE
  5
2D7A
330
18
100
AcDbEntity
  8
NLA2
 62
     1
100
AcDbLine
 10
3.657135136644451
 20
2.323043391060823
 30
0.0
 11
3.657135136644451
 21
2.552799904648473
 31
0.0
  0
CIRCLE
  5
2D7B
330
18
100
AcDbEntity
  8
NLA2
 62
     1
100
AcDbCircle
 10
3.660868812221155
 20
2.647079957847043
 30
0.0
 40
0.0943539546836085
  0
CIRCLE
  5
2D7C
330
18
100
AcDbEntity
  8
NLA2
 62
     3
100
AcDbCircle
 10
3.660868812221155
 20
2.727387190218822
 30
0.0
 40
0.0943539546836085
  0
LWPOLYLINE
  5
2D7D
330
18
100
AcDbEntity
  8
NLA2
 62
     1
100
AcDbPolyline
 90
        4
 70
     1
 43
0.0
 10
3.693635579287772
 20
2.262704589950174
 10
3.621969396887099
 20
2.262704589950174
 10
3.621969396887099
 20
2.323043391060819
 10
3.693635579287772
 20
2.323043391060819
  0
LWPOLYLINE
  5
2D7E
330
18
100
AcDbEntity
  8
NLA2
 62
     3
100
AcDbPolyline
 90
        4
 70
     1
 43
0.0
 10
3.693635579287772
 20
3.223528263626961
 10
3.621969396887099
 20
3.223528263626961
 10
3.621969396887099
 20
3.283867064737608
 10
3.693635579287772
 20
3.283867064737608
  0
LINE
  5
2D7F
330
18
100
AcDbEntity
  8
NLA2
 62
     1
100
AcDbLine
 10
3.657135136644451
 20
1.947995204251671
 30
0.0
 11
3.657135136644451
 21
2.262704589950174
 31
0.0
  0
TEXT
  5
2D80
330
18
100
AcDbEntity
  8
NLA2
 62
     7
100
AcDbText
 10
4.316588988626625
 20
2.324776781187973
 30
0.0
 40
0.0578378419889921
  1
2x90MVA
  7
ROMANS
100
AcDbText
  0
TEXT
  5
2D81
330
18
100
AcDbEntity
  8
NLA2
 62
     7
100
AcDbText
 10
4.429350060216589
 20
2.215288901837057
 30
0.0
 40
0.0578378419889921
  1
Yd1
  7
ROMANS
100
AcDbText
  0
TEXT
  5
2D82
330
18
100
AcDbEntity
  8
NLA2
 62
     7
100
AcDbText
 10
4.287920919578326
 20
2.43276576692212
 30
0.0
 40
0.0578378419889921
  1
132/33kV
  7
ROMANS
100
AcDbText
  0
LINE
  5
2D83
330
18
100
AcDbEntity
  8
NLA2
 62
     3
100
AcDbLine
 10
5.986076311388517
 20
5.140406496100987
 30
0.0
 11
5.986076311388517
 21
4.718814341989314
 31
0.0
  0
TEXT
  5
2D84
330
18
100
AcDbEntity
  8
NLA2
 62
     7
100
AcDbText
 10
5.856445610949272
 20
5.190388667519198
 30
0.0
 40
0.0701064751381725
  1
IOIM2
  7
ROMANS
100
AcDbText
  0
LINE
  5
2D85
330
18
100
AcDbEntity
  8
NLA2
 62
     3
100
AcDbLine
 10
5.986076311388517
 20
4.930386320167311
 30
0.0
 11
6.049091117590782
 21
4.930386320167311
 31
0.0
  0
LWPOLYLINE
  5
2D86
330
18
100
AcDbEntity
  8
NLA2
 62
     3
100
AcDbPolyline
 90
        3
 70
     0
 43
0.0
 10
6.105218492263329
 20
4.932435474399071
 10
6.157849929837115
 20
4.932435474399071
 10
6.157849929837115
 20
4.898134207130963
  0
LWPOLYLINE
  5
2D87
330
18
100
AcDbEntity
  8
NLA2
 62
     3
100
AcDbPolyline
 90
        4
 70
     1
 43
0.0
 10
6.076968567928812
 20
4.970758022148714
 10
6.105712517843029
 20
4.929680312843585
 10
6.076968567928812
 20
4.888602603538454
 10
6.048465657426878
 20
4.929480538216946
  0
LINE
  5
2D88
330
18
100
AcDbEntity
  8
NLA2
 62
     7
100
AcDbLine
 10
6.139059776297778
 20
4.898134207130963
 30
0.0
 11
6.176891140897805
 21
4.898134207130963
 31
0.0
  0
LINE
  5
2D89
330
18
100
AcDbEntity
  8
NLA2
 62
     7
100
AcDbLine
 10
6.146412445074041
 20
4.887486183405553
 30
0.0
 11
6.16944023222189
 21
4.887486183405553
 31
0.0
  0
LINE
  5
2D8A
330
18
100
AcDbEntity
  8
NLA2
 62
     7
100
AcDbLine
 10
6.153765113850307
 20
4.876838159680148
 30
0.0
 11
6.16198932354596
 21
4.876838159680148
 31
0.0
  0
LWPOLYLINE
  5
2D8B
330
18
100
AcDbEntity
  8
NLA2
 62
     3
100
AcDbPolyline
 90
        4
 70
     1
 43
0.0
 10
6.02257675403184
 20
4.330446598936538
 10
5.950910571631166
 20
4.330446598936538
 10
5.950910571631166
 20
4.270107797825895
 10
6.02257675403184
 20
4.270107797825895
  0
LINE
  5
2D8C
330
18
100
AcDbEntity
  8
NLA2
 62
     3
100
AcDbLine
 10
5.986076311388517
 20
4.605126958191659
 30
0.0
 11
5.986076311388521
 21
4.330446598936538
 31
0.0
  0
LWPOLYLINE
  5
2D8D
330
18
100
AcDbEntity
  8
NLA2
 62
     3
100
AcDbPolyline
 90
        4
 70
     1
 43
0.0
 10
5.984789654030767
 20
4.603288208226017
 10
6.025852439622494
 20
4.661970650090488
 10
5.984789654030767
 20
4.720653091954963
 10
5.944071210456569
 20
4.662256042414255
  0
LINE
  5
2D8E
330
18
100
AcDbEntity
  8
NLA2
 62
     3
100
AcDbLine
 10
7.548254676968298
 20
5.140406496100987
 30
0.0
 11
7.548254676968298
 21
4.718814341989314
 31
0.0
  0
TEXT
  5
2D8F
330
18
100
AcDbEntity
  8
NLA2
 62
     7
100
AcDbText
 10
7.418623976529052
 20
5.190388667519198
 30
0.0
 40
0.0701064751381725
  1
IOIM1
  7
ROMANS
100
AcDbText
  0
LWPOLYLINE
  5
2D90
330
18
100
AcDbEntity
  8
NLA2
 62
     3
100
AcDbPolyline
 90
        4
 70
     1
 43
0.0
 10
7.584755119611618
 20
4.330446598936538
 10
7.513088937210945
 20
4.330446598936538
 10
7.513088937210945
 20
4.270107797825895
 10
7.584755119611618
 20
4.270107797825895
  0
LINE
  5
2D91
330
18
100
AcDbEntity
  8
NLA2
 62
     3
100
AcDbLine
 10
7.548254676968298
 20
4.605126958191659
 30
0.0
 11
7.548254676968298
 21
4.330446598936538
 31
0.0
  0
LWPOLYLINE
  5
2D92
330
18
100
AcDbEntity
  8
NLA2
 62
     3
100
AcDbPolyline
 90
        4
 70
     1
 43
0.0
 10
7.546968019610539
 20
4.603288208226017
 10
7.588030805202269
 20
4.661970650090488
 10
7.546968019610539
 20
4.720653091954963
 10
7.506249576036339
 20
4.662256042414255
  0
LINE
  5
2D93
330
18
100
AcDbEntity
  8
NLA2
 62
     3
100
AcDbLine
 10
8.982902665154704
 20
5.140406496100987
 30
0.0
 11
8.982902665154704
 21
4.718814341989314
 31
0.0
  0
TEXT
  5
2D94
330
18
100
AcDbEntity
  8
NLA2
 62
     7
100
AcDbText
 10
8.853271964715457
 20
5.190388667519198
 30
0.0
 40
0.0701064751381725
  1
SRDN2
  7
ROMANS
100
AcDbText
  0
LWPOLYLINE
  5
2D95
330
18
100
AcDbEntity
  8
NLA2
 62
     3
100
AcDbPolyline
 90
        4
 70
     1
 43
0.0
 10
9.019403107798023
 20
4.330446598936538
 10
8.947736925397358
 20
4.330446598936538
 10
8.947736925397358
 20
4.270107797825895
 10
9.019403107798023
 20
4.270107797825895
  0
LINE
  5
2D96
330
18
100
AcDbEntity
  8
NLA2
 62
     3
100
AcDbLine
 10
8.982902665154704
 20
4.605126958191659
 30
0.0
 11
8.982902665154704
 21
4.330446598936538
 31
0.0
  0
LWPOLYLINE
  5
2D97
330
18
100
AcDbEntity
  8
NLA2
 62
     3
100
AcDbPolyline
 90
        4
 70
     1
 43
0.0
 10
8.981616007796951
 20
4.603288208226017
 10
9.022678793388682
 20
4.661970650090488
 10
8.981616007796951
 20
4.720653091954963
 10
8.940897564222752
 20
4.662256042414255
  0
LWPOLYLINE
  5
2D98
330
18
100
AcDbEntity
  8
NLA2
 62
     3
100
AcDbPolyline
 90
        2
 70
     0
 43
0.0
 10
3.657135136644451
 20
2.821667243417383
 10
3.657135136644451
 20
3.223528263626961
  0
LWPOLYLINE
  5
2D99
330
18
100
AcDbEntity
  8
NLA2
 62
     3
100
AcDbPolyline
 90
        2
 70
     0
 43
0.0
 10
5.423183632883578
 20
2.821612317833181
 10
5.423183632883578
 20
3.223528263626961
  0
LWPOLYLINE
  5
2D9A
330
18
100
AcDbEntity
  8
NLA2
 62
     3
100
AcDbPolyline
 90
        2
 70
     0
 43
0.0
 10
6.698959868419937
 20
2.828739499276012
 10
6.698959868419937
 20
3.230600519485644
  0
LWPOLYLINE
  5
2D9B
330
18
100
AcDbEntity
  8
NLA2
 62
     3
100
AcDbPolyline
 90
        2
 70
     0
 43
0.0
 10
8.466203592660523
 20
2.828739499276121
 10
8.466203592660523
 20
3.230600519485642
  0
LWPOLYLINE
  5
2D9C
330
18
100
AcDbEntity
  8
NLA2
 62
     3
100
AcDbPolyline
 90
        2
 70
     0
 43
0.0350532375690862
 10
12.16597520612968
 20
3.952432637750677
 10
3.348226199133011
 20
3.952432637750677
  0
LWPOLYLINE
  5
2D9D
330
18
100
AcDbEntity
  8
NLA2
 62
     3
100
AcDbPolyline
 90
        2
 70
     0
 43
0.0350532375690862
 10
12.17473222510112
 20
3.498685815855849
 10
3.348226199133011
 20
3.498685815855849
  0
LINE
  5
2D9E
330
18
100
AcDbEntity
  8
NLA2
 62
     3
100
AcDbLine
 10
11.13095759288859
 20
4.270107797825895
 30
0.0
 11
11.13095759288859
 21
3.727650532703673
 31
0.0
  0
LWPOLYLINE
  5
2D9F
330
18
100
AcDbEntity
  8
NLA2
 62
     3
100
AcDbPolyline
 90
        4
 70
     1
 43
0.0
 10
11.12967093553084
 20
4.603288208226017
 10
11.17073372112257
 20
4.661970650090488
 10
11.12967093553084
 20
4.720653091954963
 10
11.08895249195664
 20
4.662256042414255
  0
LINE
  5
2DA0
330
18
100
AcDbEntity
  8
NLA2
 62
     3
100
AcDbLine
 10
11.13095759288859
 20
4.605126958191659
 30
0.0
 11
11.13095759288859
 21
4.330446598936538
 31
0.0
  0
LWPOLYLINE
  5
2DA1
330
18
100
AcDbEntity
  8
NLA2
 62
     3
100
AcDbPolyline
 90
        4
 70
     1
 43
0.0
 10
11.1674580355319
 20
4.330446598936538
 10
11.09579185313124
 20
4.330446598936538
 10
11.09579185313124
 20
4.270107797825895
 10
11.1674580355319
 20
4.270107797825895
  0
LINE
  5
2DA2
330
18
100
AcDbEntity
  8
NLA2
 62
     3
100
AcDbLine
 10
11.13095759288859
 20
5.140406496100987
 30
0.0
 11
11.13095759288859
 21
4.718814341989314
 31
0.0
  0
LWPOLYLINE
  5
2DA3
330
18
100
AcDbEntity
  8
NLA2
 62
     3
100
AcDbPolyline
 90
        4
 70
     1
 43
0.0
 10
10.40388963872199
 20
4.603288208226017
 10
10.44495242431372
 20
4.661970650090488
 10
10.40388963872199
 20
4.720653091954963
 10
10.36317119514779
 20
4.662256042414255
  0
LINE
  5
2DA4
330
18
100
AcDbEntity
  8
NLA2
 62
     3
100
AcDbLine
 10
10.40517629607974
 20
4.605126958191659
 30
0.0
 11
10.40517629607974
 21
4.330446598936538
 31
0.0
  0
LWPOLYLINE
  5
2DA5
330
18
100
AcDbEntity
  8
NLA2
 62
     3
100
AcDbPolyline
 90
        4
 70
     1
 43
0.0
 10
10.44167673872306
 20
4.330446598936538
 10
10.37001055632239
 20
4.330446598936538
 10
10.37001055632239
 20
4.270107797825895
 10
10.44167673872306
 20
4.270107797825895
  0
TEXT
  5
2DA6
330
18
100
AcDbEntity
  8
NLA2
 62
     7
100
AcDbText
 10
10.25436633428422
 20
5.190388667519198
 30
0.0
 40
0.0701064751381725
  1
PJYC1
  7
ROMANS
100
AcDbText
  0
LINE
  5
2DA7
330
18
100
AcDbEntity
  8
NLA2
 62
     3
100
AcDbLine
 10
10.40517629607974
 20
5.140406496100987
 30
0.0
 11
10.40517629607974
 21
4.718814341989314
 31
0.0
  0
LWPOLYLINE
  5
2DA8
330
18
100
AcDbEntity
  8
NLA2
 62
     3
100
AcDbPolyline
 90
        4
 70
     1
 43
0.0
 10
11.32795427528612
 20
3.652138146780387
 10
11.36080450375951
 20
3.60519219328881
 10
11.32795427528612
 20
3.558246239797233
 10
11.29537952042677
 20
3.604963879429796
  0
LINE
  5
2DA9
330
18
100
AcDbEntity
  8
0
 62
     3
100
AcDbLine
 10
11.32983215184879
 20
3.498685815855849
 30
0.0
 11
11.32983215184879
 21
3.560929895585049
 31
0.0
  0
LINE
  5
2DAA
330
18
100
AcDbEntity
  8
NLA2
 62
     7
100
AcDbLine
 10
4.708622940305823
 20
4.876838159680148
 30
0.0
 11
4.716847150001477
 21
4.876838159680148
 31
0.0
  0
LINE
  5
2DAB
330
18
100
AcDbEntity
  8
NLA2
 62
     7
100
AcDbLine
 10
4.701270271529557
 20
4.887486183405553
 30
0.0
 11
4.724298058677403
 21
4.887486183405553
 31
0.0
  0
LINE
  5
2DAC
330
18
100
AcDbEntity
  8
NLA2
 62
     7
100
AcDbLine
 10
4.693917602753295
 20
4.898134207130963
 30
0.0
 11
4.731748967353321
 21
4.898134207130963
 31
0.0
  0
LWPOLYLINE
  5
2DAD
330
18
100
AcDbEntity
  8
NLA2
 62
     3
100
AcDbPolyline
 90
        4
 70
     1
 43
0.0
 10
4.631826394384333
 20
4.970758022148714
 10
4.660570344298545
 20
4.929680312843585
 10
4.631826394384333
 20
4.888602603538454
 10
4.603323483882393
 20
4.929480538216946
  0
LWPOLYLINE
  5
2DAE
330
18
100
AcDbEntity
  8
NLA2
 62
     3
100
AcDbPolyline
 90
        3
 70
     0
 43
0.0
 10
4.660076318718847
 20
4.932435474399071
 10
4.712707756292629
 20
4.932435474399071
 10
4.712707756292629
 20
4.898134207130963
  0
LINE
  5
2DAF
330
18
100
AcDbEntity
  8
NLA2
 62
     3
100
AcDbLine
 10
4.540934137844035
 20
4.930386320167311
 30
0.0
 11
4.603948944046296
 21
4.930386320167311
 31
0.0
  0
LINE
  5
2DB0
330
18
100
AcDbEntity
  8
NLA2
 62
     7
100
AcDbLine
 10
7.712847417211126
 20
4.876838159680148
 30
0.0
 11
7.721071626906788
 21
4.876838159680148
 31
0.0
  0
LINE
  5
2DB1
330
18
100
AcDbEntity
  8
NLA2
 62
     7
100
AcDbLine
 10
7.705494748434859
 20
4.887486183405553
 30
0.0
 11
7.728522535582712
 21
4.887486183405553
 31
0.0
  0
LINE
  5
2DB2
330
18
100
AcDbEntity
  8
NLA2
 62
     7
100
AcDbLine
 10
7.698142079658599
 20
4.898134207130963
 30
0.0
 11
7.735973444258626
 21
4.898134207130963
 31
0.0
  0
LWPOLYLINE
  5
2DB3
330
18
100
AcDbEntity
  8
NLA2
 62
     3
100
AcDbPolyline
 90
        4
 70
     1
 43
0.0
 10
7.636050871289637
 20
4.970758022148714
 10
7.664794821203852
 20
4.929680312843585
 10
7.636050871289637
 20
4.888602603538454
 10
7.607547960787702
 20
4.929480538216946
  0
LWPOLYLINE
  5
2DB4
330
18
100
AcDbEntity
  8
NLA2
 62
     3
100
AcDbPolyline
 90
        3
 70
     0
 43
0.0
 10
7.664300795624154
 20
4.932435474399071
 10
7.716932233197937
 20
4.932435474399071
 10
7.716932233197937
 20
4.898134207130963
  0
LINE
  5
2DB5
330
18
100
AcDbEntity
  8
NLA2
 62
     3
100
AcDbLine
 10
7.548254676968298
 20
4.930386320167311
 30
0.0
 11
7.608173420951605
 21
4.930386320167311
 31
0.0
  0
LINE
  5
2DB6
330
18
100
AcDbEntity
  8
NLA2
 62
     3
100
AcDbLine
 10
8.987960760913715
 20
4.930386320167311
 30
0.0
 11
9.050975567115977
 21
4.930386320167311
 31
0.0
  0
LWPOLYLINE
  5
2DB7
330
18
100
AcDbEntity
  8
NLA2
 62
     3
100
AcDbPolyline
 90
        3
 70
     0
 43
0.0
 10
9.107102941788522
 20
4.932435474399071
 10
9.159734379362309
 20
4.932435474399071
 10
9.159734379362309
 20
4.898134207130963
  0
LWPOLYLINE
  5
2DB8
330
18
100
AcDbEntity
  8
NLA2
 62
     3
100
AcDbPolyline
 90
        4
 70
     1
 43
0.0
 10
9.078853017454012
 20
4.970758022148714
 10
9.107596967368224
 20
4.929680312843585
 10
9.078853017454012
 20
4.888602603538454
 10
9.050350106952077
 20
4.929480538216946
  0
LINE
  5
2DB9
330
18
100
AcDbEntity
  8
NLA2
 62
     7
100
AcDbLine
 10
9.140944225822977
 20
4.898134207130963
 30
0.0
 11
9.178775590423005
 21
4.898134207130963
 31
0.0
  0
LINE
  5
2DBA
330
18
100
AcDbEntity
  8
NLA2
 62
     7
100
AcDbLine
 10
9.14829689459923
 20
4.887486183405553
 30
0.0
 11
9.171324681747084
 21
4.887486183405553
 31
0.0
  0
LINE
  5
2DBB
330
18
100
AcDbEntity
  8
NLA2
 62
     7
100
AcDbLine
 10
9.155649563375505
 20
4.876838159680148
 30
0.0
 11
9.16387377307116
 21
4.876838159680148
 31
0.0
  0
LINE
  5
2DBC
330
18
100
AcDbEntity
  8
NLA2
 62
     7
100
AcDbLine
 10
10.57472892709021
 20
4.876838159680148
 30
0.0
 11
10.58295313678585
 21
4.876838159680148
 31
0.0
  0
LINE
  5
2DBD
330
18
100
AcDbEntity
  8
NLA2
 62
     7
100
AcDbLine
 10
10.56737625831394
 20
4.887486183405553
 30
0.0
 11
10.59040404546178
 21
4.887486183405553
 31
0.0
  0
LINE
  5
2DBE
330
18
100
AcDbEntity
  8
NLA2
 62
     7
100
AcDbLine
 10
10.56002358953767
 20
4.898134207130963
 30
0.0
 11
10.59785495413771
 21
4.898134207130963
 31
0.0
  0
LWPOLYLINE
  5
2DBF
330
18
100
AcDbEntity
  8
NLA2
 62
     3
100
AcDbPolyline
 90
        4
 70
     1
 43
0.0
 10
10.49793238116871
 20
4.970758022148714
 10
10.52667633108292
 20
4.929680312843585
 10
10.49793238116871
 20
4.888602603538454
 10
10.46942947066676
 20
4.929480538216946
  0
LWPOLYLINE
  5
2DC0
330
18
100
AcDbEntity
  8
NLA2
 62
     3
100
AcDbPolyline
 90
        3
 70
     0
 43
0.0
 10
10.52618230550322
 20
4.932435474399071
 10
10.57881374307701
 20
4.932435474399071
 10
10.57881374307701
 20
4.898134207130963
  0
LINE
  5
2DC1
330
18
100
AcDbEntity
  8
NLA2
 62
     3
100
AcDbLine
 10
10.40704012462841
 20
4.930386320167311
 30
0.0
 11
10.47005493083067
 21
4.930386320167311
 31
0.0
  0
LINE
  5
2DC2
330
18
100
AcDbEntity
  8
NLA2
 62
     3
100
AcDbLine
 10
11.13761252554161
 20
4.930386320167311
 30
0.0
 11
11.20062733174387
 21
4.930386320167311
 31
0.0
  0
LWPOLYLINE
  5
2DC3
330
18
100
AcDbEntity
  8
NLA2
 62
     3
100
AcDbPolyline
 90
        3
 70
     0
 43
0.0
 10
11.25675470641642
 20
4.932435474399071
 10
11.3093861439902
 20
4.932435474399071
 10
11.3093861439902
 20
4.898134207130963
  0
LWPOLYLINE
  5
2DC4
330
18
100
AcDbEntity
  8
NLA2
 62
     3
100
AcDbPolyline
 90
        4
 70
     1
 43
0.0
 10
11.2285047820819
 20
4.970758022148714
 10
11.25724873199611
 20
4.929680312843585
 10
11.2285047820819
 20
4.888602603538454
 10
11.20000187157997
 20
4.929480538216946
  0
LINE
  5
2DC5
330
18
100
AcDbEntity
  8
NLA2
 62
     7
100
AcDbLine
 10
11.29059599045086
 20
4.898134207130963
 30
0.0
 11
11.32842735505089
 21
4.898134207130963
 31
0.0
  0
LINE
  5
2DC6
330
18
100
AcDbEntity
  8
NLA2
 62
     7
100
AcDbLine
 10
11.29794865922712
 20
4.887486183405553
 30
0.0
 11
11.32097644637497
 21
4.887486183405553
 31
0.0
  0
LINE
  5
2DC7
330
18
100
AcDbEntity
  8
NLA2
 62
     7
100
AcDbLine
 10
11.30530132800339
 20
4.876838159680148
 30
0.0
 11
11.31352553769905
 21
4.876838159680148
 31
0.0
  0
TEXT
  5
2DC8
330
18
100
AcDbEntity
  8
NLA2
 62
     7
100
AcDbText
 10
10.97153254690012
 20
5.190388667519198
 30
0.0
 40
0.0701064751381725
  1
PJYC2
100
AcDbText
  0
LINE
  5
2DC9
330
18
100
AcDbEntity
  8
NLA2
 62
     1
100
AcDbLine
 10
4.103481977338072
 20
2.800093559531087
 30
0.0
 11
4.103481977338072
 21
2.615014425098769
 31
0.0
  0
LINE
  5
2DCA
330
18
100
AcDbEntity
  8
NLA2
 62
     1
100
AcDbLine
 10
4.978514300115688
 20
2.800093559531101
 30
0.0
 11
4.978514300115688
 21
2.614390273680848
 31
0.0
  0
LINE
  5
2DCB
330
18
100
AcDbEntity
  8
NLA2
 62
     2
100
AcDbLine
 10
7.950064786903489
 20
2.793021303672425
 30
0.0
 11
7.950064786903489
 21
2.621462529539529
 31
0.0
  0
LINE
  5
2DCC
330
18
100
AcDbEntity
  8
NLA2
 62
     2
100
AcDbLine
 10
7.174705440343121
 20
2.793021303672421
 30
0.0
 11
7.174705440343121
 21
2.622086680957452
 31
0.0
  0
LWPOLYLINE
  5
2DCD
330
18
100
AcDbEntity
  8
NLA2
 62
     2
100
AcDbPolyline
 90
        2
 70
     0
 43
0.0
 10
7.174705440343121
 20
2.622086680957452
 10
6.791148745631062
 20
2.622086680957452
  0
TEXT
  5
2DCE
330
18
100
AcDbEntity
  8
NLA2
 62
     7
100
AcDbText
 10
6.053726144752124
 20
4.986118017785496
 30
0.0
 40
0.0525798563536294
  1
801
100
AcDbText
  0
TEXT
  5
2DCF
330
18
100
AcDbEntity
  8
NLA2
 62
     7
100
AcDbText
 10
6.05361924541381
 20
4.631942500006934
 30
0.0
 40
0.0578378419889923
  1
803
100
AcDbText
  0
TEXT
  5
2DD0
330
18
100
AcDbEntity
  8
NLA2
 62
     7
100
AcDbText
 10
6.066210679838603
 20
4.278420004189183
 30
0.0
 40
0.0578378419889922
  1
805
100
AcDbText
  0
TEXT
  5
2DD1
330
18
100
AcDbEntity
  8
NLA2
 62
     7
100
AcDbText
 10
7.617017600600771
 20
4.986118017785496
 30
0.0
 40
0.0525798563536292
  1
701
100
AcDbText
  0
TEXT
  5
2DD2
330
18
100
AcDbEntity
  8
NLA2
 62
     7
100
AcDbText
 10
7.629502135687247
 20
4.278420004189183
 30
0.0
 40
0.057837841988992
  1
705
100
AcDbText
  0
TEXT
  5
2DD3
330
18
100
AcDbEntity
  8
NLA2
 62
     7
100
AcDbText
 10
7.616910701262455
 20
4.631942500006934
 30
0.0
 40
0.0578378419889921
  1
703
100
AcDbText
  0
TEXT
  5
2DD4
330
18
100
AcDbEntity
  8
NLA2
 62
     7
100
AcDbText
 10
9.059794209931422
 20
4.278420004189183
 30
0.0
 40
0.057837841988992
  1
605
100
AcDbText
  0
TEXT
  5
2DD5
330
18
100
AcDbEntity
  8
NLA2
 62
     7
100
AcDbText
 10
9.04720277550662
 20
4.631942500006934
 30
0.0
 40
0.0578378419889921
  1
603
100
AcDbText
  0
TEXT
  5
2DD6
330
18
100
AcDbEntity
  8
NLA2
 62
     7
100
AcDbText
 10
9.047309674844943
 20
4.986118017785496
 30
0.0
 40
0.0525798563536292
  1
601
100
AcDbText
  0
TEXT
  5
2DD7
330
18
100
AcDbEntity
  8
NLA2
 62
     7
100
AcDbText
 10
10.46872599278423
 20
4.986118017785496
 30
0.0
 40
0.0525798563536292
  1
301
100
AcDbText
  0
TEXT
  5
2DD8
330
18
100
AcDbEntity
  8
NLA2
 62
     7
100
AcDbText
 10
10.46861909344591
 20
4.631942500006934
 30
0.0
 40
0.0578378419889921
  1
303
100
AcDbText
  0
TEXT
  5
2DD9
330
18
100
AcDbEntity
  8
NLA2
 62
     7
100
AcDbText
 10
10.4812105278707
 20
4.278420004189183
 30
0.0
 40
0.057837841988992
  1
305
100
AcDbText
  0
TEXT
  5
2DDA
330
18
100
AcDbEntity
  8
NLA2
 62
     7
100
AcDbText
 10
11.20338961572824
 20
4.278420004189183
 30
0.0
 40
0.057837841988992
  1
405
100
AcDbText
  0
TEXT
  5
2DDB
330
18
100
AcDbEntity
  8
NLA2
 62
     7
100
AcDbText
 10
11.19079818130345
 20
4.631942500006934
 30
0.0
 40
0.0578378419889921
  1
403
100
AcDbText
  0
TEXT
  5
2DDC
330
18
100
AcDbEntity
  8
NLA2
 62
     7
100
AcDbText
 10
11.19090508064177
 20
4.986118017785496
 30
0.0
 40
0.0525798563536292
  1
401
100
AcDbText
  0
LWPOLYLINE
  5
2DDD
330
18
100
AcDbEntity
  8
NLA2
 62
     3
100
AcDbPolyline
 90
        4
 70
     1
 43
0.0
 10
11.32795427528612
 20
3.898628938978757
 10
11.36080450375951
 20
3.851682985487181
 10
11.32795427528612
 20
3.804737031995602
 10
11.29537952042677
 20
3.851454671628166
  0
LINE
  5
2DDE
330
18
100
AcDbEntity
  8
0
 62
     3
100
AcDbLine
 10
11.32983215184879
 20
3.807420687783423
 30
0.0
 11
11.32983215184879
 21
3.754088241403848
 31
0.0
  0
LINE
  5
2DDF
330
18
100
AcDbEntity
  8
0
 62
     3
100
AcDbLine
 10
11.32983215184879
 20
3.895945283190938
 30
0.0
 11
11.32983215184879
 21
3.957090075043834
 31
0.0
  0
LINE
  5
2DE0
330
18
100
AcDbEntity
  8
0
 62
     3
100
AcDbLine
 10
11.32983215184879
 20
3.649454490992561
 30
0.0
 11
11.32983215184879
 21
3.80742068778342
 31
0.0
  0
TEXT
  5
2DE1
330
18
100
AcDbEntity
  8
NLA2
 62
     7
100
AcDbText
 10
11.38643459813694
 20
3.818264448692865
 30
0.0
 40
0.057837841988992
  1
404
100
AcDbText
  0
TEXT
  5
2DE2
330
18
100
AcDbEntity
  8
NLA2
 62
     7
100
AcDbText
 10
11.38643459813694
 20
3.568252359463091
 30
0.0
 40
0.057837841988992
  1
406
100
AcDbText
  0
TEXT
  5
2DE3
330
18
100
AcDbEntity
  8
NLA2
 62
     7
100
AcDbText
 10
9.558929341810348
 20
3.568252359463091
 30
0.0
 40
0.057837841988992
  1
136
100
AcDbText
  0
TEXT
  5
2DE4
330
18
100
AcDbEntity
  8
NLA2
 62
     7
100
AcDbText
 10
9.558929341810348
 20
3.818264448692865
 30
0.0
 40
0.057837841988992
  1
134
100
AcDbText
  0
LINE
  5
2DE5
330
18
100
AcDbEntity
  8
0
 62
     3
100
AcDbLine
 10
9.488179244172201
 20
3.754088241403848
 30
0.0
 11
9.488179244172194
 21
3.80742068778342
 31
0.0
  0
LINE
  5
2DE6
330
18
100
AcDbEntity
  8
0
 62
     3
100
AcDbLine
 10
9.488179244172194
 20
3.895945283190938
 30
0.0
 11
9.488179244172194
 21
3.957090075043834
 31
0.0
  0
LINE
  5
2DE7
330
18
100
AcDbEntity
  8
0
 62
     3
100
AcDbLine
 10
9.488179244172194
 20
3.649454490992568
 30
0.0
 11
9.488179244172201
 21
3.693749440293206
 31
0.0
  0
LINE
  5
2DE8
330
18
100
AcDbEntity
  8
0
 62
     3
100
AcDbLine
 10
9.488179244172194
 20
3.693749440293206
 30
0.0
 11
9.488179244172194
 21
3.64945449099257
 31
0.0
  0
LINE
  5
2DE9
330
18
100
AcDbEntity
  8
0
 62
     3
100
AcDbLine
 10
9.488179244172201
 20
3.807420687783423
 30
0.0
 11
9.488179244172201
 21
3.754088241403848
 31
0.0
  0
TEXT
  5
2DEA
330
18
100
AcDbEntity
  8
NLA2
 62
     7
100
AcDbText
 10
9.558929341810348
 20
3.683361532352219
 30
0.0
 40
0.057837841988992
  1
130
100
AcDbText
  0
LWPOLYLINE
  5
2DEB
330
18
100
AcDbEntity
  8
NLA2
 62
     3
100
AcDbPolyline
 90
        4
 70
     1
 43
0.0
 10
9.522997761614011
 20
3.754088241403848
 10
9.451331579213345
 20
3.754088241403848
 10
9.451331579213345
 20
3.693749440293206
 10
9.522997761614011
 20
3.693749440293206
  0
LWPOLYLINE
  5
2DEC
330
18
100
AcDbEntity
  8
NLA2
 62
     3
100
AcDbPolyline
 90
        4
 70
     1
 43
0.0
 10
9.486301367609538
 20
3.898628938978757
 10
9.519151596082928
 20
3.851682985487181
 10
9.486301367609538
 20
3.804737031995602
 10
9.453726612750177
 20
3.851454671628166
  0
LINE
  5
2DED
330
18
100
AcDbEntity
  8
0
 62
     3
100
AcDbLine
 10
9.488179244172201
 20
3.952432637750677
 30
0.0
 11
9.488179244172201
 21
3.895945283190937
 31
0.0
  0
LINE
  5
2DEE
330
18
100
AcDbEntity
  8
0
 62
     3
100
AcDbLine
 10
9.488179244172194
 20
3.498685815855849
 30
0.0
 11
9.488179244172194
 21
3.560929895585049
 31
0.0
  0
LWPOLYLINE
  5
2DEF
330
18
100
AcDbEntity
  8
NLA2
 62
     3
100
AcDbPolyline
 90
        4
 70
     1
 43
0.0
 10
9.486301367609538
 20
3.652138146780387
 10
9.519151596082928
 20
3.60519219328881
 10
9.486301367609538
 20
3.558246239797233
 10
9.453726612750177
 20
3.604963879429796
  0
LINE
  5
2DF0
330
18
100
AcDbEntity
  8
0
 62
     3
100
AcDbLine
 10
11.13095759288859
 20
3.727650532703673
 30
0.0
 11
11.32983215184879
 21
3.727650532703673
 31
0.0
  0
LINE
  5
2DF1
330
18
100
AcDbEntity
  8
0
 62
     3
100
AcDbLine
 10
10.40476074179493
 20
3.727650532703673
 30
0.0
 11
10.60363530075513
 21
3.727650532703673
 31
0.0
  0
TEXT
  5
2DF2
330
18
100
AcDbEntity
  8
NLA2
 62
     7
100
AcDbText
 10
10.65375340684119
 20
3.568252359463091
 30
0.0
 40
0.057837841988992
  1
306
100
AcDbText
  0
TEXT
  5
2DF3
330
18
100
AcDbEntity
  8
NLA2
 62
     7
100
AcDbText
 10
10.65375340684119
 20
3.818264448692865
 30
0.0
 40
0.057837841988992
  1
304
100
AcDbText
  0
LINE
  5
2DF4
330
18
100
AcDbEntity
  8
0
 62
     3
100
AcDbLine
 10
10.60363530075513
 20
3.649454490992561
 30
0.0
 11
10.60363530075513
 21
3.80742068778342
 31
0.0
  0
LINE
  5
2DF5
330
18
100
AcDbEntity
  8
0
 62
     3
100
AcDbLine
 10
10.60363530075513
 20
3.895945283190938
 30
0.0
 11
10.60363530075513
 21
3.957090075043834
 31
0.0
  0
LINE
  5
2DF6
330
18
100
AcDbEntity
  8
0
 62
     3
100
AcDbLine
 10
10.60363530075513
 20
3.807420687783423
 30
0.0
 11
10.60363530075513
 21
3.754088241403848
 31
0.0
  0
LWPOLYLINE
  5
2DF7
330
18
100
AcDbEntity
  8
NLA2
 62
     3
100
AcDbPolyline
 90
        4
 70
     1
 43
0.0
 10
10.60175742419246
 20
3.898628938978757
 10
10.63460765266585
 20
3.851682985487181
 10
10.60175742419246
 20
3.804737031995602
 10
10.5691826693331
 20
3.851454671628166
  0
LINE
  5
2DF8
330
18
100
AcDbEntity
  8
0
 62
     3
100
AcDbLine
 10
10.60363530075513
 20
3.498685815855849
 30
0.0
 11
10.60363530075513
 21
3.560929895585049
 31
0.0
  0
LWPOLYLINE
  5
2DF9
330
18
100
AcDbEntity
  8
NLA2
 62
     3
100
AcDbPolyline
 90
        4
 70
     1
 43
0.0
 10
10.60175742419246
 20
3.652138146780387
 10
10.63460765266585
 20
3.60519219328881
 10
10.60175742419246
 20
3.558246239797233
 10
10.5691826693331
 20
3.604963879429796
  0
LINE
  5
2DFA
330
18
100
AcDbEntity
  8
NLA2
 62
     3
100
AcDbLine
 10
10.40476074179493
 20
4.270107797825895
 30
0.0
 11
10.40476074179493
 21
3.727650532703673
 31
0.0
  0
LINE
  5
2DFB
330
18
100
AcDbEntity
  8
0
 62
     3
100
AcDbLine
 10
8.987238246571057
 20
3.727650532703673
 30
0.0
 11
9.130373086099748
 21
3.727650532703673
 31
0.0
  0
TEXT
  5
2DFC
330
18
100
AcDbEntity
  8
NLA2
 62
     7
100
AcDbText
 10
9.1832068453492
 20
3.568252359463091
 30
0.0
 40
0.057837841988992
  1
606
100
AcDbText
  0
TEXT
  5
2DFD
330
18
100
AcDbEntity
  8
NLA2
 62
     7
100
AcDbText
 10
9.1832068453492
 20
3.818264448692865
 30
0.0
 40
0.057837841988992
  1
604
100
AcDbText
  0
LINE
  5
2DFE
330
18
100
AcDbEntity
  8
0
 62
     3
100
AcDbLine
 10
9.130373086099755
 20
3.649454490992561
 30
0.0
 11
9.130373086099748
 21
3.80742068778342
 31
0.0
  0
LINE
  5
2DFF
330
18
100
AcDbEntity
  8
0
 62
     3
100
AcDbLine
 10
9.130373086099748
 20
3.895945283190938
 30
0.0
 11
9.130373086099748
 21
3.957090075043834
 31
0.0
  0
LINE
  5
2E00
330
18
100
AcDbEntity
  8
0
 62
     3
100
AcDbLine
 10
9.130373086099748
 20
3.807420687783423
 30
0.0
 11
9.130373086099748
 21
3.754088241403848
 31
0.0
  0
LWPOLYLINE
  5
2E01
330
18
100
AcDbEntity
  8
NLA2
 62
     3
100
AcDbPolyline
 90
        4
 70
     1
 43
0.0
 10
9.128495209537085
 20
3.898628938978757
 10
9.161345438010471
 20
3.851682985487181
 10
9.128495209537085
 20
3.804737031995602
 10
9.095920454677728
 20
3.851454671628166
  0
LINE
  5
2E02
330
18
100
AcDbEntity
  8
0
 62
     3
100
AcDbLine
 10
9.130373086099748
 20
3.498685815855849
 30
0.0
 11
9.130373086099748
 21
3.560929895585049
 31
0.0
  0
LWPOLYLINE
  5
2E03
330
18
100
AcDbEntity
  8
NLA2
 62
     3
100
AcDbPolyline
 90
        4
 70
     1
 43
0.0
 10
9.128495209537085
 20
3.652138146780387
 10
9.161345438010471
 20
3.60519219328881
 10
9.128495209537085
 20
3.558246239797233
 10
9.095920454677728
 20
3.604963879429796
  0
LINE
  5
2E04
330
18
100
AcDbEntity
  8
NLA2
 62
     3
100
AcDbLine
 10
8.987238246571057
 20
4.270107797825895
 30
0.0
 11
8.987238246571057
 21
3.727650532703673
 31
0.0
  0
LINE
  5
2E05
330
18
100
AcDbEntity
  8
NLA2
 62
     3
100
AcDbLine
 10
7.553157695277662
 20
4.270107797825895
 30
0.0
 11
7.553157695277662
 21
3.727650532703673
 31
0.0
  0
LWPOLYLINE
  5
2E06
330
18
100
AcDbEntity
  8
NLA2
 62
     3
100
AcDbPolyline
 90
        4
 70
     1
 43
0.0
 10
7.750154377675202
 20
3.652138146780387
 10
7.783004606148591
 20
3.60519219328881
 10
7.750154377675202
 20
3.558246239797233
 10
7.717579622815848
 20
3.604963879429796
  0
LINE
  5
2E07
330
18
100
AcDbEntity
  8
0
 62
     3
100
AcDbLine
 10
7.752032254237868
 20
3.498685815855849
 30
0.0
 11
7.752032254237868
 21
3.560929895585049
 31
0.0
  0
LWPOLYLINE
  5
2E08
330
18
100
AcDbEntity
  8
NLA2
 62
     3
100
AcDbPolyline
 90
        4
 70
     1
 43
0.0
 10
7.750154377675202
 20
3.898628938978757
 10
7.783004606148591
 20
3.851682985487181
 10
7.750154377675202
 20
3.804737031995602
 10
7.717579622815848
 20
3.851454671628166
  0
LINE
  5
2E09
330
18
100
AcDbEntity
  8
0
 62
     3
100
AcDbLine
 10
7.752032254237868
 20
3.807420687783423
 30
0.0
 11
7.752032254237868
 21
3.754088241403848
 31
0.0
  0
LINE
  5
2E0A
330
18
100
AcDbEntity
  8
0
 62
     3
100
AcDbLine
 10
7.752032254237868
 20
3.895945283190938
 30
0.0
 11
7.752032254237868
 21
3.957090075043834
 31
0.0
  0
LINE
  5
2E0B
330
18
100
AcDbEntity
  8
0
 62
     3
100
AcDbLine
 10
7.752032254237868
 20
3.649454490992561
 30
0.0
 11
7.752032254237868
 21
3.80742068778342
 31
0.0
  0
TEXT
  5
2E0C
330
18
100
AcDbEntity
  8
NLA2
 62
     7
100
AcDbText
 10
7.822782351876015
 20
3.818264448692865
 30
0.0
 40
0.057837841988992
  1
704
100
AcDbText
  0
TEXT
  5
2E0D
330
18
100
AcDbEntity
  8
NLA2
 62
     7
100
AcDbText
 10
7.822782351876015
 20
3.568252359463091
 30
0.0
 40
0.057837841988992
  1
706
100
AcDbText
  0
LINE
  5
2E0E
330
18
100
AcDbEntity
  8
0
 62
     3
100
AcDbLine
 10
7.553157695277662
 20
3.727650532703673
 30
0.0
 11
7.752032254237868
 21
3.727650532703673
 31
0.0
  0
LINE
  5
2E0F
330
18
100
AcDbEntity
  8
0
 62
     3
100
AcDbLine
 10
5.991543483187325
 20
3.727650532703673
 30
0.0
 11
6.190418042147526
 21
3.727650532703673
 31
0.0
  0
TEXT
  5
2E10
330
18
100
AcDbEntity
  8
NLA2
 62
     7
100
AcDbText
 10
6.261168139785674
 20
3.568252359463091
 30
0.0
 40
0.0578378419889919
  1
806
100
AcDbText
  0
TEXT
  5
2E11
330
18
100
AcDbEntity
  8
NLA2
 62
     7
100
AcDbText
 10
6.261168139785674
 20
3.818264448692865
 30
0.0
 40
0.0578378419889919
  1
804
100
AcDbText
  0
LINE
  5
2E12
330
18
100
AcDbEntity
  8
0
 62
     3
100
AcDbLine
 10
6.190418042147533
 20
3.649454490992561
 30
0.0
 11
6.190418042147526
 21
3.80742068778342
 31
0.0
  0
LINE
  5
2E13
330
18
100
AcDbEntity
  8
0
 62
     3
100
AcDbLine
 10
6.190418042147526
 20
3.895945283190938
 30
0.0
 11
6.190418042147526
 21
3.957090075043834
 31
0.0
  0
LINE
  5
2E14
330
18
100
AcDbEntity
  8
0
 62
     3
100
AcDbLine
 10
6.190418042147526
 20
3.807420687783423
 30
0.0
 11
6.190418042147526
 21
3.754088241403848
 31
0.0
  0
LWPOLYLINE
  5
2E15
330
18
100
AcDbEntity
  8
NLA2
 62
     3
100
AcDbPolyline
 90
        4
 70
     1
 43
0.0
 10
6.188540165584858
 20
3.898628938978757
 10
6.221390394058247
 20
3.851682985487181
 10
6.188540165584858
 20
3.804737031995602
 10
6.155965410725504
 20
3.851454671628166
  0
LINE
  5
2E16
330
18
100
AcDbEntity
  8
0
 62
     3
100
AcDbLine
 10
6.190418042147526
 20
3.498685815855849
 30
0.0
 11
6.190418042147526
 21
3.560929895585049
 31
0.0
  0
LWPOLYLINE
  5
2E17
330
18
100
AcDbEntity
  8
NLA2
 62
     3
100
AcDbPolyline
 90
        4
 70
     1
 43
0.0
 10
6.188540165584858
 20
3.652138146780387
 10
6.221390394058247
 20
3.60519219328881
 10
6.188540165584858
 20
3.558246239797233
 10
6.155965410725504
 20
3.604963879429796
  0
LINE
  5
2E18
330
18
100
AcDbEntity
  8
NLA2
 62
     3
100
AcDbLine
 10
5.991543483187325
 20
4.270107797825895
 30
0.0
 11
5.991543483187325
 21
3.727650532703673
 31
0.0
  0
LINE
  5
2E19
330
18
100
AcDbEntity
  8
NLA2
 62
     3
100
AcDbLine
 10
4.537502966725484
 20
4.270107797825895
 30
0.0
 11
4.537502966725484
 21
3.727650532703673
 31
0.0
  0
LWPOLYLINE
  5
2E1A
330
18
100
AcDbEntity
  8
NLA2
 62
     3
100
AcDbPolyline
 90
        4
 70
     1
 43
0.0
 10
4.734499649123016
 20
3.652138146780387
 10
4.767349877596404
 20
3.60519219328881
 10
4.734499649123016
 20
3.558246239797233
 10
4.70192489426366
 20
3.604963879429796
  0
LINE
  5
2E1B
330
18
100
AcDbEntity
  8
0
 62
     3
100
AcDbLine
 10
4.736377525685683
 20
3.498685815855849
 30
0.0
 11
4.736377525685683
 21
3.560929895585049
 31
0.0
  0
LWPOLYLINE
  5
2E1C
330
18
100
AcDbEntity
  8
NLA2
 62
     3
100
AcDbPolyline
 90
        4
 70
     1
 43
0.0
 10
4.734499649123016
 20
3.898628938978757
 10
4.767349877596404
 20
3.851682985487181
 10
4.734499649123016
 20
3.804737031995602
 10
4.70192489426366
 20
3.851454671628166
  0
LINE
  5
2E1D
330
18
100
AcDbEntity
  8
0
 62
     3
100
AcDbLine
 10
4.736377525685683
 20
3.807420687783423
 30
0.0
 11
4.736377525685683
 21
3.754088241403848
 31
0.0
  0
LINE
  5
2E1E
330
18
100
AcDbEntity
  8
0
 62
     3
100
AcDbLine
 10
4.736377525685683
 20
3.895945283190938
 30
0.0
 11
4.736377525685683
 21
3.957090075043834
 31
0.0
  0
LINE
  5
2E1F
330
18
100
AcDbEntity
  8
0
 62
     3
100
AcDbLine
 10
4.736377525685686
 20
3.649454490992561
 30
0.0
 11
4.736377525685683
 21
3.80742068778342
 31
0.0
  0
TEXT
  5
2E20
330
18
100
AcDbEntity
  8
NLA2
 62
     7
100
AcDbText
 10
4.807127623323829
 20
3.818264448692865
 30
0.0
 40
0.0578378419889919
  1
504
100
AcDbText
  0
TEXT
  5
2E21
330
18
100
AcDbEntity
  8
NLA2
 62
     7
100
AcDbText
 10
4.807127623323829
 20
3.568252359463091
 30
0.0
 40
0.0578378419889919
  1
506
100
AcDbText
  0
LINE
  5
2E22
330
18
100
AcDbEntity
  8
0
 62
     3
100
AcDbLine
 10
4.537502966725484
 20
3.727650532703673
 30
0.0
 11
4.736377525685683
 21
3.727650532703673
 31
0.0
  0
TEXT
  5
2E23
330
18
100
AcDbEntity
  8
NLA2
 62
     7
100
AcDbText
 10
7.037344084562097
 20
3.818264448692865
 30
0.0
 40
0.057837841988992
  1
114
100
AcDbText
  0
LINE
  5
2E24
330
18
100
AcDbEntity
  8
0
 62
     3
100
AcDbLine
 10
8.717020652178046
 20
3.649454490992561
 30
0.0
 11
8.717020652178046
 21
3.80742068778342
 31
0.0
  0
LINE
  5
2E25
330
18
100
AcDbEntity
  8
0
 62
     3
100
AcDbLine
 10
8.717020652178046
 20
3.895945283190938
 30
0.0
 11
8.717020652178046
 21
3.957090075043834
 31
0.0
  0
LINE
  5
2E26
330
18
100
AcDbEntity
  8
0
 62
     3
100
AcDbLine
 10
8.717020652178046
 20
3.807420687783423
 30
0.0
 11
8.717020652178046
 21
3.754088241403848
 31
0.0
  0
LWPOLYLINE
  5
2E27
330
18
100
AcDbEntity
  8
NLA2
 62
     3
100
AcDbPolyline
 90
        4
 70
     1
 43
0.0
 10
8.71514277561538
 20
3.898628938978757
 10
8.74799300408877
 20
3.851682985487181
 10
8.71514277561538
 20
3.804737031995602
 10
8.682568020756019
 20
3.851454671628166
  0
TEXT
  5
2E28
330
18
100
AcDbEntity
  8
NLA2
 62
     7
100
AcDbText
 10
7.037344084562097
 20
3.568252359463091
 30
0.0
 40
0.057837841988992
  1
116
100
AcDbText
  0
LINE
  5
2E29
330
18
100
AcDbEntity
  8
0
 62
     3
100
AcDbLine
 10
8.717020652178046
 20
3.498685815855849
 30
0.0
 11
8.717020652178046
 21
3.560929895585049
 31
0.0
  0
LWPOLYLINE
  5
2E2A
330
18
100
AcDbEntity
  8
NLA2
 62
     3
100
AcDbPolyline
 90
        4
 70
     1
 43
0.0
 10
8.71514277561538
 20
3.652138146780387
 10
8.74799300408877
 20
3.60519219328881
 10
8.71514277561538
 20
3.558246239797233
 10
8.682568020756019
 20
3.604963879429796
  0
LWPOLYLINE
  5
2E2B
330
18
100
AcDbEntity
  8
NLA2
 62
     3
100
AcDbPolyline
 90
        2
 70
     0
 43
0.0
 10
8.466203592660523
 20
3.738382958419098
 10
8.717020652178046
 20
3.738382958419098
  0
LWPOLYLINE
  5
2E2C
330
18
100
AcDbEntity
  8
NLA2
 62
     3
100
AcDbPolyline
 90
        2
 70
     0
 43
0.0
 10
8.466203592660523
 20
3.290939320596289
 10
8.466203592660523
 20
3.738382958419098
  0
LWPOLYLINE
  5
2E2D
330
18
100
AcDbEntity
  8
NLA2
 62
     3
100
AcDbPolyline
 90
        2
 70
     0
 43
0.0
 10
6.698959868419937
 20
3.738382958419098
 10
6.950240423596398
 20
3.738382958419098
  0
LWPOLYLINE
  5
2E2E
330
18
100
AcDbEntity
  8
NLA2
 62
     3
100
AcDbPolyline
 90
        4
 70
     1
 43
0.0
 10
6.948362547033735
 20
3.652138146780387
 10
6.981212775507124
 20
3.60519219328881
 10
6.948362547033735
 20
3.558246239797233
 10
6.915787792174378
 20
3.604963879429796
  0
LINE
  5
2E2F
330
18
100
AcDbEntity
  8
0
 62
     3
100
AcDbLine
 10
6.950240423596398
 20
3.498685815855849
 30
0.0
 11
6.950240423596398
 21
3.560929895585049
 31
0.0
  0
TEXT
  5
2E30
330
18
100
AcDbEntity
  8
NLA2
 62
     7
100
AcDbText
 10
8.791929998972087
 20
3.568252359463091
 30
0.0
 40
0.057837841988992
  1
216
100
AcDbText
  0
LWPOLYLINE
  5
2E31
330
18
100
AcDbEntity
  8
NLA2
 62
     3
100
AcDbPolyline
 90
        4
 70
     1
 43
0.0
 10
6.948362547033735
 20
3.898628938978757
 10
6.981212775507124
 20
3.851682985487181
 10
6.948362547033735
 20
3.804737031995602
 10
6.915787792174378
 20
3.851454671628166
  0
LINE
  5
2E32
330
18
100
AcDbEntity
  8
0
 62
     3
100
AcDbLine
 10
6.950240423596398
 20
3.807420687783423
 30
0.0
 11
6.950240423596398
 21
3.754088241403848
 31
0.0
  0
LINE
  5
2E33
330
18
100
AcDbEntity
  8
0
 62
     3
100
AcDbLine
 10
6.950240423596398
 20
3.895945283190938
 30
0.0
 11
6.950240423596398
 21
3.957090075043834
 31
0.0
  0
LINE
  5
2E34
330
18
100
AcDbEntity
  8
0
 62
     3
100
AcDbLine
 10
6.950240423596398
 20
3.649454490992561
 30
0.0
 11
6.950240423596398
 21
3.80742068778342
 31
0.0
  0
TEXT
  5
2E35
330
18
100
AcDbEntity
  8
NLA2
 62
     7
100
AcDbText
 10
8.791929998972087
 20
3.818264448692865
 30
0.0
 40
0.057837841988992
  1
214
100
AcDbText
  0
LWPOLYLINE
  5
2E36
330
18
100
AcDbEntity
  8
NLA2
 62
     3
100
AcDbPolyline
 90
        2
 70
     0
 43
0.0
 10
6.698959868419937
 20
3.290939320596291
 10
6.698959868419937
 20
3.738382958419098
  0
TEXT
  5
2E37
330
18
100
AcDbEntity
  8
NLA2
 62
     7
100
AcDbText
 10
5.763929596240052
 20
3.818264448692865
 30
0.0
 40
0.057837841988992
  1
414
100
AcDbText
  0
LINE
  5
2E38
330
18
100
AcDbEntity
  8
0
 62
     3
100
AcDbLine
 10
5.693179498601912
 20
3.649454490992561
 30
0.0
 11
5.693179498601905
 21
3.80742068778342
 31
0.0
  0
LINE
  5
2E39
330
18
100
AcDbEntity
  8
0
 62
     3
100
AcDbLine
 10
5.693179498601905
 20
3.895945283190938
 30
0.0
 11
5.693179498601905
 21
3.957090075043834
 31
0.0
  0
LINE
  5
2E3A
330
18
100
AcDbEntity
  8
0
 62
     3
100
AcDbLine
 10
5.693179498601905
 20
3.807420687783423
 30
0.0
 11
5.693179498601905
 21
3.754088241403848
 31
0.0
  0
LWPOLYLINE
  5
2E3B
330
18
100
AcDbEntity
  8
NLA2
 62
     3
100
AcDbPolyline
 90
        4
 70
     1
 43
0.0
 10
5.691301622039243
 20
3.898628938978757
 10
5.72415185051263
 20
3.851682985487181
 10
5.691301622039243
 20
3.804737031995602
 10
5.658726867179887
 20
3.851454671628166
  0
TEXT
  5
2E3C
330
18
100
AcDbEntity
  8
NLA2
 62
     7
100
AcDbText
 10
5.763929596240052
 20
3.568252359463091
 30
0.0
 40
0.057837841988992
  1
416
100
AcDbText
  0
LINE
  5
2E3D
330
18
100
AcDbEntity
  8
0
 62
     3
100
AcDbLine
 10
5.693179498601905
 20
3.498685815855849
 30
0.0
 11
5.693179498601905
 21
3.560929895585049
 31
0.0
  0
LWPOLYLINE
  5
2E3E
330
18
100
AcDbEntity
  8
NLA2
 62
     3
100
AcDbPolyline
 90
        4
 70
     1
 43
0.0
 10
5.691301622039243
 20
3.652138146780387
 10
5.72415185051263
 20
3.60519219328881
 10
5.691301622039243
 20
3.558246239797233
 10
5.658726867179887
 20
3.604963879429796
  0
LWPOLYLINE
  5
2E3F
330
18
100
AcDbEntity
  8
NLA2
 62
     3
100
AcDbPolyline
 90
        2
 70
     0
 43
0.0
 10
5.423183632883578
 20
3.738382958419098
 10
5.693179498601905
 20
3.738382958419098
  0
LWPOLYLINE
  5
2E40
330
18
100
AcDbEntity
  8
NLA2
 62
     3
100
AcDbPolyline
 90
        2
 70
     0
 43
0.0
 10
5.423183632883578
 20
3.283867064737608
 10
5.423183632883578
 20
3.738382958419098
  0
LWPOLYLINE
  5
2E41
330
18
100
AcDbEntity
  8
NLA2
 62
     3
100
AcDbPolyline
 90
        4
 70
     1
 43
0.0
 10
3.92310813865017
 20
3.652138146780387
 10
3.955958367123557
 20
3.60519219328881
 10
3.92310813865017
 20
3.558246239797233
 10
3.890533383790812
 20
3.604963879429796
  0
LINE
  5
2E42
330
18
100
AcDbEntity
  8
0
 62
     3
100
AcDbLine
 10
3.924986015212836
 20
3.498685815855849
 30
0.0
 11
3.924986015212836
 21
3.560929895585049
 31
0.0
  0
TEXT
  5
2E43
330
18
100
AcDbEntity
  8
NLA2
 62
     7
100
AcDbText
 10
3.995736112850979
 20
3.568252359463091
 30
0.0
 40
0.057837841988992
  1
316
100
AcDbText
  0
LWPOLYLINE
  5
2E44
330
18
100
AcDbEntity
  8
NLA2
 62
     3
100
AcDbPolyline
 90
        4
 70
     1
 43
0.0
 10
3.92310813865017
 20
3.898628938978757
 10
3.955958367123557
 20
3.851682985487181
 10
3.92310813865017
 20
3.804737031995602
 10
3.890533383790812
 20
3.851454671628166
  0
LINE
  5
2E45
330
18
100
AcDbEntity
  8
0
 62
     3
100
AcDbLine
 10
3.924986015212836
 20
3.807420687783423
 30
0.0
 11
3.924986015212836
 21
3.754088241403848
 31
0.0
  0
LINE
  5
2E46
330
18
100
AcDbEntity
  8
0
 62
     3
100
AcDbLine
 10
3.924986015212836
 20
3.895945283190938
 30
0.0
 11
3.924986015212836
 21
3.957090075043834
 31
0.0
  0
LINE
  5
2E47
330
18
100
AcDbEntity
  8
0
 62
     3
100
AcDbLine
 10
3.924986015212838
 20
3.649454490992561
 30
0.0
 11
3.924986015212836
 21
3.80742068778342
 31
0.0
  0
TEXT
  5
2E48
330
18
100
AcDbEntity
  8
NLA2
 62
     7
100
AcDbText
 10
3.995736112850979
 20
3.818264448692865
 30
0.0
 40
0.057837841988992
  1
314
100
AcDbText
  0
TEXT
  5
2E49
330
18
100
AcDbEntity
  8
NLA2
 62
     7
100
AcDbText
 10
10.89177208668026
 20
5.314749145850512
 30
0.0
 40
0.0701064751381725
  1
(on soak)
  7
ROMANS
100
AcDbText
  0
TEXT
  5
2E4A
330
18
100
AcDbEntity
  8
NLA2
 62
     7
100
AcDbText
 10
4.366258689237149
 20
5.180385726347073
 30
0.0
 40
0.084127770165807
  1
SRDN1
  7
ROMANS
100
AcDbText
  0
LWPOLYLINE
  5
2E4B
330
18
100
AcDbEntity
  8
NLA2
 62
     3
100
AcDbPolyline
 90
        2
 70
     0
 43
0.0
 10
3.657135136644451
 20
3.738382958419098
 10
3.924986015212836
 20
3.738382958419098
  0
LWPOLYLINE
  5
2E4C
330
18
100
AcDbEntity
  8
NLA2
 62
     3
100
AcDbPolyline
 90
        2
 70
     0
 43
0.0
 10
3.657135136644451
 20
3.283867064737608
 10
3.657135136644451
 20
3.738382958419098
  0
TEXT
  5
2E4D
330
18
100
AcDbEntity
  8
NLA2
 62
     7
100
AcDbText
 10
7.384822386016278
 20
2.43276576692212
 30
0.0
 40
0.057837841988992
  1
132/11kV
  7
ROMANS
100
AcDbText
  0
TEXT
  5
2E4E
330
18
100
AcDbEntity
  8
NLA2
 62
     7
100
AcDbText
 10
7.471289969552107
 20
2.215288901837057
 30
0.0
 40
0.057837841988992
  1
Yy0d1
  7
ROMANS
100
AcDbText
  0
TEXT
  5
2E4F
330
18
100
AcDbEntity
  8
NLA2
 62
     7
100
AcDbText
 10
7.413490455064569
 20
2.324776781187973
 30
0.0
 40
0.057837841988992
  1
2x30MVA
  7
ROMANS
100
AcDbText
  0
LWPOLYLINE
  5
2E50
330
18
100
AcDbEntity
  8
NLA2
 62
     3
100
AcDbPolyline
 90
        2
 70
     0
 43
0.0
 10
9.842767499199411
 20
3.283867064737608
 10
9.842767499199411
 20
3.738382958419098
  0
LWPOLYLINE
  5
2E51
330
18
100
AcDbEntity
  8
NLA2
 62
     3
100
AcDbPolyline
 90
        2
 70
     0
 43
0.0
 10
11.60881599543854
 20
3.283867064737608
 10
11.60881599543854
 20
3.738382958419098
  0
LWPOLYLINE
  5
2E52
330
18
100
AcDbEntity
  8
NLA2
 62
     3
100
AcDbPolyline
 90
        2
 70
     0
 43
0.0
 10
11.60881599543854
 20
2.821612317833181
 10
11.60881599543854
 20
3.223528263626961
  0
LWPOLYLINE
  5
2E53
330
18
100
AcDbEntity
  8
NLA2
 62
     3
100
AcDbPolyline
 90
        2
 70
     0
 43
0.0
 10
9.842767499199411
 20
2.821667243417383
 10
9.842767499199411
 20
3.223528263626961
  0
TEXT
  5
2E54
330
18
100
AcDbEntity
  8
NLA2
 62
     7
100
AcDbText
 10
10.55117422029108
 20
2.490200800566154
 30
0.0
 40
0.0578378419889921
  1
132/33kV
  7
ROMANS
100
AcDbText
  0
TEXT
  5
2E55
330
18
100
AcDbEntity
  8
NLA2
 62
     7
100
AcDbText
 10
10.66456317981105
 20
2.272723935481091
 30
0.0
 40
0.0578378419889921
  1
YNd1
  7
ROMANS
100
AcDbText
  0
TEXT
  5
2E56
330
18
100
AcDbEntity
  8
NLA2
 62
     7
100
AcDbText
 10
10.59114881398384
 20
2.382211814832007
 30
0.0
 40
0.0578378419889921
  1
2x90MVA
  7
ROMANS
100
AcDbText
  0
LINE
  5
2E57
330
18
100
AcDbEntity
  8
NLA2
 62
     1
100
AcDbLine
 10
9.842767499199411
 20
1.947995204251671
 30
0.0
 11
9.842767499199411
 21
2.262704589950174
 31
0.0
  0
LWPOLYLINE
  5
2E58
330
18
100
AcDbEntity
  8
NLA2
 62
     3
100
AcDbPolyline
 90
        4
 70
     1
 43
0.0
 10
9.879267941842727
 20
3.223528263626961
 10
9.807601759442058
 20
3.223528263626961
 10
9.807601759442058
 20
3.283867064737608
 10
9.879267941842727
 20
3.283867064737608
  0
LWPOLYLINE
  5
2E59
330
18
100
AcDbEntity
  8
NLA2
 62
     1
100
AcDbPolyline
 90
        4
 70
     1
 43
0.0
 10
9.879267941842727
 20
2.262704589950174
 10
9.807601759442058
 20
2.262704589950174
 10
9.807601759442058
 20
2.323043391060819
 10
9.879267941842727
 20
2.323043391060819
  0
CIRCLE
  5
2E5A
330
18
100
AcDbEntity
  8
NLA2
 62
     3
100
AcDbCircle
 10
9.846501174776112
 20
2.727387190218822
 30
0.0
 40
0.0943539546836085
  0
CIRCLE
  5
2E5B
330
18
100
AcDbEntity
  8
NLA2
 62
     1
100
AcDbCircle
 10
9.846501174776112
 20
2.647079957847043
 30
0.0
 40
0.0943539546836085
  0
LINE
  5
2E5C
330
18
100
AcDbEntity
  8
NLA2
 62
     1
100
AcDbLine
 10
9.842767499199411
 20
2.323043391060823
 30
0.0
 11
9.842767499199411
 21
2.552799904648473
 31
0.0
  0
LWPOLYLINE
  5
2E5D
330
18
100
AcDbEntity
  8
NLA2
 62
     1
100
AcDbPolyline
 90
        4
 70
     1
 43
0.0
 10
10.88478817333883
 20
1.915787995429326
 10
10.81312199093816
 20
1.915787995429326
 10
10.81312199093816
 20
1.976126796539975
 10
10.88478817333883
 20
1.976126796539975
  0
LINE
  5
2E5E
330
18
100
AcDbEntity
  8
NLA2
 62
     1
100
AcDbLine
 10
11.61001122344
 20
2.323043391060823
 30
0.0
 11
11.61001122344
 21
2.552799904648473
 31
0.0
  0
CIRCLE
  5
2E5F
330
18
100
AcDbEntity
  8
NLA2
 62
     1
100
AcDbCircle
 10
11.6137448990167
 20
2.647079957847043
 30
0.0
 40
0.0943539546836156
  0
CIRCLE
  5
2E60
330
18
100
AcDbEntity
  8
NLA2
 62
     3
100
AcDbCircle
 10
11.6137448990167
 20
2.727387190218822
 30
0.0
 40
0.0943539546836156
  0
LWPOLYLINE
  5
2E61
330
18
100
AcDbEntity
  8
NLA2
 62
     1
100
AcDbPolyline
 90
        4
 70
     1
 43
0.0
 10
11.64651166608332
 20
2.262704589950174
 10
11.57484548368265
 20
2.262704589950174
 10
11.57484548368265
 20
2.323043391060819
 10
11.64651166608332
 20
2.323043391060819
  0
LWPOLYLINE
  5
2E62
330
18
100
AcDbEntity
  8
NLA2
 62
     3
100
AcDbPolyline
 90
        4
 70
     1
 43
0.0
 10
11.64651166608332
 20
3.223528263626961
 10
11.57484548368265
 20
3.223528263626961
 10
11.57484548368265
 20
3.283867064737608
 10
11.64651166608332
 20
3.283867064737608
  0
LINE
  5
2E63
330
18
100
AcDbEntity
  8
NLA2
 62
     1
100
AcDbLine
 10
11.61001122344
 20
1.947995204251671
 30
0.0
 11
11.61001122344
 21
2.262704589950174
 31
0.0
  0
TEXT
  5
2E64
330
18
100
AcDbEntity
  8
NLA2
 62
     7
100
AcDbText
 10
9.634176072964856
 20
3.223464087639699
 30
0.0
 40
0.0578378419889923
  1
510
100
AcDbText
  0
TEXT
  5
2E65
330
18
100
AcDbEntity
  8
NLA2
 62
     7
100
AcDbText
 10
11.69344830668678
 20
3.226422610846291
 30
0.0
 40
0.0578378419889921
  1
610
100
AcDbText
  0
TEXT
  5
2E66
330
18
100
AcDbEntity
  8
NLA2
 62
     7
100
AcDbText
 10
11.68729210216906
 20
2.264699401010692
 30
0.0
 40
0.0578378419889923
  1
6T0
100
AcDbText
  0
TEXT
  5
2E67
330
18
100
AcDbEntity
  8
NLA2
 62
     7
100
AcDbText
 10
10.78716369157984
 20
1.999761121231408
 30
0.0
 40
0.0578378419889923
  1
2S0
  7
ROMANS
100
AcDbText
  0
TEXT
  5
2E68
330
18
100
AcDbEntity
  8
NLA2
 62
     7
100
AcDbText
 10
9.62165638282239
 20
2.263408456190348
 30
0.0
 40
0.0578378419889923
  1
5T0
100
AcDbText
  0
TEXT
  5
2E69
330
18
100
AcDbEntity
  8
NLA2
 62
     7
100
AcDbText
 10
11.80544279482892
 20
1.531027874122844
 30
0.0
 40
0.0578378419889923
  1
33kV
  7
ROMANS
100
AcDbText
  0
TEXT
  5
2E6A
330
18
100
AcDbEntity
  8
NLA2
 62
     7
100
AcDbText
 10
9.591422378498539
 20
2.655069362417092
 30
0.0
 40
0.0701064751381724
  1
T5
100
AcDbText
  0
TEXT
  5
2E6B
330
18
100
AcDbEntity
  8
NLA2
 62
     7
100
AcDbText
 10
11.75120810341492
 20
2.681851633544027
 30
0.0
 40
0.0701064751381724
  1
T6
100
AcDbText
  0
LINE
  5
2E6C
330
18
100
AcDbEntity
  8
NLA2
 62
     1
100
AcDbLine
 10
10.60435370032391
 20
1.548399386377825
 30
0.0
 11
10.60435370032391
 21
1.699637724596454
 31
0.0
  0
LINE
  5
2E6D
330
18
100
AcDbEntity
  8
NLA2
 62
     1
100
AcDbLine
 10
10.60435370032391
 20
1.759976525707098
 30
0.0
 11
10.60435370032391
 21
1.947995204251671
 31
0.0
  0
TEXT
  5
2E6E
330
18
100
AcDbEntity
  8
NLA2
 62
     7
100
AcDbText
 10
10.36938687032923
 20
1.70163253565697
 30
0.0
 40
0.0578378419889922
  1
2W0
  7
ROMANS
100
AcDbText
  0
LWPOLYLINE
  5
2E6F
330
18
100
AcDbEntity
  8
NLA2
 62
     1
100
AcDbPolyline
 90
        4
 70
     1
 43
0.0
 10
10.64085414296723
 20
1.699637724596454
 10
10.56918796056656
 20
1.699637724596454
 10
10.56918796056656
 20
1.759976525707098
 10
10.64085414296723
 20
1.759976525707098
  0
LWPOLYLINE
  5
2E70
330
18
100
AcDbEntity
  8
NLA2
 62
     1
100
AcDbPolyline
 90
        2
 70
     0
 43
0.0350532375690862
 10
11.74699939185713
 20
1.947995204251671
 10
10.88478817333883
 20
1.947995204251671
  0
LWPOLYLINE
  5
2E71
330
18
100
AcDbEntity
  8
NLA2
 62
     1
100
AcDbPolyline
 90
        2
 70
     0
 43
0.0350532375690862
 10
11.74790172507466
 20
1.548399386377825
 10
9.711053076591845
 20
1.548399386377825
  0
LWPOLYLINE
  5
2E72
330
18
100
AcDbEntity
  8
NLA2
 62
     1
100
AcDbPolyline
 90
        2
 70
     0
 43
0.0350532375690862
 10
10.81312199093816
 20
1.947995204251671
 10
9.694451035936247
 20
1.947995204251671
  0
LWPOLYLINE
  5
2E73
330
18
100
AcDbEntity
  8
NLA2
 62
     3
100
AcDbPolyline
 90
        2
 70
     0
 43
0.0
 10
9.842767499199411
 20
3.738382958419098
 10
10.1106183777678
 20
3.738382958419098
  0
TEXT
  5
2E74
330
18
100
AcDbEntity
  8
NLA2
 62
     7
100
AcDbText
 10
10.16755240963445
 20
3.818264448692865
 30
0.0
 40
0.057837841988992
  1
514
100
AcDbText
  0
LINE
  5
2E75
330
18
100
AcDbEntity
  8
0
 62
     3
100
AcDbLine
 10
10.1106183777678
 20
3.651766739176708
 30
0.0
 11
10.11061837776779
 21
3.80742068778342
 31
0.0
  0
LINE
  5
2E76
330
18
100
AcDbEntity
  8
0
 62
     3
100
AcDbLine
 10
10.11061837776779
 20
3.898257531375084
 30
0.0
 11
10.11061837776779
 21
3.957090075043834
 31
0.0
  0
LINE
  5
2E77
330
18
100
AcDbEntity
  8
0
 62
     3
100
AcDbLine
 10
10.11061837776779
 20
3.805108439599275
 30
0.0
 11
10.11061837776779
 21
3.754088241403848
 31
0.0
  0
LWPOLYLINE
  5
2E78
330
18
100
AcDbEntity
  8
NLA2
 62
     3
100
AcDbPolyline
 90
        4
 70
     1
 43
0.0
 10
10.11035848689904
 20
3.898628938978757
 10
10.14320871537242
 20
3.851682985487181
 10
10.11035848689904
 20
3.804737031995602
 10
10.07778373203968
 20
3.851454671628166
  0
TEXT
  5
2E79
330
18
100
AcDbEntity
  8
NLA2
 62
     7
100
AcDbText
 10
10.16755240963445
 20
3.568252359463091
 30
0.0
 40
0.057837841988992
  1
516
100
AcDbText
  0
LINE
  5
2E7A
330
18
100
AcDbEntity
  8
0
 62
     3
100
AcDbLine
 10
10.11061837776779
 20
3.498685815855849
 30
0.0
 11
10.11061837776779
 21
3.558617647400905
 31
0.0
  0
LWPOLYLINE
  5
2E7B
330
18
100
AcDbEntity
  8
NLA2
 62
     3
100
AcDbPolyline
 90
        4
 70
     1
 43
0.0
 10
10.11035848689904
 20
3.652138146780387
 10
10.14320871537242
 20
3.60519219328881
 10
10.11035848689904
 20
3.558246239797233
 10
10.07778373203968
 20
3.604963879429796
  0
LWPOLYLINE
  5
2E7C
330
18
100
AcDbEntity
  8
NLA2
 62
     3
100
AcDbPolyline
 90
        2
 70
     0
 43
0.0
 10
11.60881599543854
 20
3.738382958419098
 10
11.78304680902621
 20
3.738382958419098
  0
LWPOLYLINE
  5
2E7D
330
18
100
AcDbEntity
  8
NLA2
 62
     3
100
AcDbPolyline
 90
        4
 70
     1
 43
0.0
 10
11.78116893246355
 20
3.652138146780387
 10
11.81401916093694
 20
3.60519219328881
 10
11.78116893246355
 20
3.558246239797233
 10
11.74859417760419
 20
3.604963879429796
  0
LINE
  5
2E7E
330
18
100
AcDbEntity
  8
0
 62
     3
100
AcDbLine
 10
11.78304680902621
 20
3.498685815855849
 30
0.0
 11
11.78304680902621
 21
3.560929895585049
 31
0.0
  0
TEXT
  5
2E7F
330
18
100
AcDbEntity
  8
NLA2
 62
     7
100
AcDbText
 10
11.8353754856357
 20
3.568252359463091
 30
0.0
 40
0.057837841988992
  1
616
100
AcDbText
  0
LWPOLYLINE
  5
2E80
330
18
100
AcDbEntity
  8
NLA2
 62
     3
100
AcDbPolyline
 90
        4
 70
     1
 43
0.0
 10
11.78116893246355
 20
3.898628938978757
 10
11.81401916093694
 20
3.851682985487181
 10
11.78116893246355
 20
3.804737031995602
 10
11.74859417760419
 20
3.851454671628166
  0
LINE
  5
2E81
330
18
100
AcDbEntity
  8
0
 62
     3
100
AcDbLine
 10
11.78304680902621
 20
3.807420687783423
 30
0.0
 11
11.78304680902621
 21
3.754088241403848
 31
0.0
  0
LINE
  5
2E82
330
18
100
AcDbEntity
  8
0
 62
     3
100
AcDbLine
 10
11.78304680902621
 20
3.895945283190938
 30
0.0
 11
11.78304680902621
 21
3.957090075043834
 31
0.0
  0
LINE
  5
2E83
330
18
100
AcDbEntity
  8
0
 62
     3
100
AcDbLine
 10
11.78304680902621
 20
3.649454490992561
 30
0.0
 11
11.78304680902621
 21
3.80742068778342
 31
0.0
  0
TEXT
  5
2E84
330
18
100
AcDbEntity
  8
NLA2
 62
     7
100
AcDbText
 10
11.8353754856357
 20
3.818264448692865
 30
0.0
 40
0.057837841988992
  1
614
100
AcDbText
  0
CIRCLE
  5
2E85
330
18
100
AcDbEntity
  8
NLA2
 62
     1
100
AcDbCircle
 10
3.908295089639111
 20
2.61463827015805
 30
0.0
 40
0.033023884139263
  0
CIRCLE
  5
2E86
330
18
100
AcDbEntity
  8
NLA2
 62
     1
100
AcDbCircle
 10
3.957849602673182
 20
2.61463827015805
 30
0.0
 40
0.033023884139263
  0
CIRCLE
  5
2E87
330
18
100
AcDbEntity
  8
NLA2
 62
     1
100
AcDbCircle
 10
5.178662143436755
 20
2.615190098858238
 30
0.0
 40
0.033023884139263
  0
CIRCLE
  5
2E88
330
18
100
AcDbEntity
  8
NLA2
 62
     1
100
AcDbCircle
 10
5.129107630402682
 20
2.615190098858238
 30
0.0
 40
0.033023884139263
  0
LWPOLYLINE
  5
2E89
330
18
100
AcDbEntity
  8
NLA2
 62
     1
100
AcDbPolyline
 90
        2
 70
     0
 43
0.0
 10
3.875273347845198
 20
2.615014425098769
 10
3.749324013855576
 20
2.615014425098769
  0
LWPOLYLINE
  5
2E8A
330
18
100
AcDbEntity
  8
NLA2
 62
     1
100
AcDbPolyline
 90
        2
 70
     0
 43
0.0
 10
4.103481977338072
 20
2.615014425098769
 10
3.990871344467099
 20
2.615014425098769
  0
LINE
  5
2E8B
330
18
100
AcDbEntity
  8
NLA2
 62
     1
100
AcDbLine
 10
5.096093433406102
 20
2.614390273680848
 30
0.0
 11
4.978514300115688
 21
2.614390273680848
 31
0.0
  0
TEXT
  5
2E8C
330
18
100
AcDbEntity
  8
NLA2
 62
     7
100
AcDbText
 10
3.877450376197366
 20
2.516077837624175
 30
0.0
 40
0.0420638850829035
  1
ET3
100
AcDbText
  0
TEXT
  5
2E8D
330
18
100
AcDbEntity
  8
NLA2
 62
     7
100
AcDbText
 10
5.097753488275105
 20
2.516077837624175
 30
0.0
 40
0.0420638850829035
  1
ET4
100
AcDbText
  0
TEXT
  5
2E8E
330
18
100
AcDbEntity
  8
NLA2
 62
     7
100
AcDbText
 10
11.27833820271714
 20
2.58843959534877
 30
0.0
 40
0.0420638850829035
  1
ET6
100
AcDbText
  0
TEXT
  5
2E8F
330
18
100
AcDbEntity
  8
NLA2
 62
     7
100
AcDbText
 10
10.05803509063941
 20
2.58843959534877
 30
0.0
 40
0.0420638850829035
  1
ET5
100
AcDbText
  0
LINE
  5
2E90
330
18
100
AcDbEntity
  8
NLA2
 62
     1
100
AcDbLine
 10
11.27667814784814
 20
2.686752031405443
 30
0.0
 11
11.15909901455773
 21
2.686752031405443
 31
0.0
  0
LWPOLYLINE
  5
2E91
330
18
100
AcDbEntity
  8
NLA2
 62
     1
100
AcDbPolyline
 90
        2
 70
     0
 43
0.0
 10
10.28406669178012
 20
2.687376182823363
 10
10.17145605890914
 20
2.687376182823363
  0
LWPOLYLINE
  5
2E92
330
18
100
AcDbEntity
  8
NLA2
 62
     1
100
AcDbPolyline
 90
        2
 70
     0
 43
0.0
 10
10.05585806228725
 20
2.687376182823363
 10
9.929908728297612
 20
2.687376182823363
  0
CIRCLE
  5
2E93
330
18
100
AcDbEntity
  8
NLA2
 62
     1
100
AcDbCircle
 10
11.30969234484472
 20
2.687551856582833
 30
0.0
 40
0.033023884139263
  0
CIRCLE
  5
2E94
330
18
100
AcDbEntity
  8
NLA2
 62
     1
100
AcDbCircle
 10
11.3592468578788
 20
2.687551856582833
 30
0.0
 40
0.033023884139263
  0
CIRCLE
  5
2E95
330
18
100
AcDbEntity
  8
NLA2
 62
     1
100
AcDbCircle
 10
10.13843431711523
 20
2.687000027882645
 30
0.0
 40
0.033023884139263
  0
CIRCLE
  5
2E96
330
18
100
AcDbEntity
  8
NLA2
 62
     1
100
AcDbCircle
 10
10.08887980408116
 20
2.687000027882645
 30
0.0
 40
0.033023884139263
  0
LINE
  5
2E97
330
18
100
AcDbEntity
  8
NLA2
 62
     1
100
AcDbLine
 10
11.15909901455773
 20
2.872455317255696
 30
0.0
 11
11.15909901455773
 21
2.686752031405443
 31
0.0
  0
LINE
  5
2E98
330
18
100
AcDbEntity
  8
NLA2
 62
     1
100
AcDbLine
 10
10.28406669178012
 20
2.872455317255681
 30
0.0
 11
10.28406669178012
 21
2.687376182823363
 31
0.0
  0
LINE
  5
2E99
330
18
100
AcDbEntity
  8
NLA2
 62
     1
100
AcDbLine
 10
10.28406669178012
 20
3.026793758044426
 30
0.0
 11
10.28406669178012
 21
2.951886407692309
 31
0.0
  0
LWPOLYLINE
  5
2E9A
330
18
100
AcDbEntity
  8
NLA2
 62
     1
100
AcDbPolyline
 90
        4
 70
     1
 43
0.0
 10
10.28501186719793
 20
2.871086528509736
 10
10.31375581711216
 20
2.912164237814872
 10
10.28501186719793
 20
2.95324194712
 10
10.256508956696
 20
2.912364012441507
  0
LWPOLYLINE
  5
2E9B
330
18
100
AcDbEntity
  8
NLA2
 62
     1
100
AcDbPolyline
 90
        4
 70
     1
 43
0.0
 10
11.16004418997556
 20
2.871086528509736
 10
11.18878813988978
 20
2.912164237814872
 10
11.16004418997556
 20
2.95324194712
 10
11.13154127947362
 20
2.912364012441507
  0
LINE
  5
2E9C
330
18
100
AcDbEntity
  8
NLA2
 62
     1
100
AcDbLine
 10
11.15909901455773
 20
3.026793758044426
 30
0.0
 11
11.15909901455773
 21
2.951886407692294
 31
0.0
  0
LWPOLYLINE
  5
2E9D
330
18
100
AcDbEntity
  8
NLA2
 62
     1
100
AcDbPolyline
 90
        4
 70
     1
 43
0.0
 10
10.56258579773205
 20
2.871086528509736
 10
10.59132974764628
 20
2.912164237814872
 10
10.56258579773205
 20
2.95324194712
 10
10.53408288723012
 20
2.912364012441507
  0
LINE
  5
2E9E
330
18
100
AcDbEntity
  8
NLA2
 62
     7
100
AcDbLine
 10
10.55845913777145
 20
2.664343249007947
 30
0.0
 11
10.56668334746711
 21
2.664343249007947
 31
0.0
  0
LINE
  5
2E9F
330
18
100
AcDbEntity
  8
NLA2
 62
     7
100
AcDbLine
 10
10.55110646899519
 20
2.674991272733358
 30
0.0
 11
10.57413425614303
 21
2.674991272733358
 31
0.0
  0
LINE
  5
2EA0
330
18
100
AcDbEntity
  8
NLA2
 62
     7
100
AcDbLine
 10
10.54375380021893
 20
2.685639296458761
 30
0.0
 11
10.58158516481895
 21
2.685639296458761
 31
0.0
  0
LINE
  5
2EA1
330
18
100
AcDbEntity
  8
NLA2
 62
     1
100
AcDbLine
 10
10.56254395375826
 20
3.026793758044426
 30
0.0
 11
10.56254395375826
 21
2.951886407692293
 31
0.0
  0
LINE
  5
2EA2
330
18
100
AcDbEntity
  8
NLA2
 62
     1
100
AcDbLine
 10
10.86094667332868
 20
2.872455317255701
 30
0.0
 11
10.86094667332868
 21
2.685639296458761
 31
0.0
  0
LWPOLYLINE
  5
2EA3
330
18
100
AcDbEntity
  8
NLA2
 62
     1
100
AcDbPolyline
 90
        4
 70
     1
 43
0.0
 10
10.86189184874652
 20
2.871086528509736
 10
10.89063579866073
 20
2.912164237814872
 10
10.86189184874652
 20
2.95324194712
 10
10.83338893824458
 20
2.912364012441507
  0
LINE
  5
2EA4
330
18
100
AcDbEntity
  8
NLA2
 62
     7
100
AcDbLine
 10
10.85686185734187
 20
2.664343249007947
 30
0.0
 11
10.86508606703753
 21
2.664343249007947
 31
0.0
  0
LINE
  5
2EA5
330
18
100
AcDbEntity
  8
NLA2
 62
     7
100
AcDbLine
 10
10.84950918856561
 20
2.674991272733358
 30
0.0
 11
10.87253697571345
 21
2.674991272733358
 31
0.0
  0
LINE
  5
2EA6
330
18
100
AcDbEntity
  8
NLA2
 62
     7
100
AcDbLine
 10
10.84215651978935
 20
2.685639296458761
 30
0.0
 11
10.87998788438937
 21
2.685639296458761
 31
0.0
  0
LINE
  5
2EA7
330
18
100
AcDbEntity
  8
NLA2
 62
     1
100
AcDbLine
 10
10.86094667332868
 20
3.026793758044426
 30
0.0
 11
10.86094667332868
 21
2.951886407692293
 31
0.0
  0
LWPOLYLINE
  5
2EA8
330
18
100
AcDbEntity
  8
NLA2
 62
     1
100
AcDbPolyline
 90
        2
 70
     0
 43
0.0350532375690862
 10
11.3412905992236
 20
3.026793758044426
 10
10.1358275629772
 20
3.026793758044426
  0
LWPOLYLINE
  5
2EA9
330
18
100
AcDbEntity
  8
NLA2
 62
     1
100
AcDbPolyline
 90
       12
 70
     0
 43
0.0
 10
10.56254395375826
 20
2.872455317255701
 10
10.56254395375826
 20
2.825978262251059
 10
10.58705755626796
 20
2.825978262251059
 10
10.58705755626796
 20
2.808008028826436
 10
10.53803035124858
 20
2.808008028826436
 10
10.53803035124858
 20
2.790037795401813
 10
10.58705755626796
 20
2.790037795401813
 10
10.58705755626796
 20
2.772067561977188
 10
10.53803035124858
 20
2.772067561977188
 10
10.53803035124858
 20
2.754573735042403
 10
10.56254395375826
 20
2.754573735042403
 10
10.56254395375826
 20
2.685639296458761
  0
TEXT
  5
2EAA
330
18
100
AcDbEntity
  8
NLA2
 62
     7
100
AcDbText
 10
11.19799276637176
 20
2.888003677806761
 30
0.0
 40
0.0525798563536295
  1
T6N3
100
AcDbText
  0
TEXT
  5
2EAB
330
18
100
AcDbEntity
  8
NLA2
 62
     7
100
AcDbText
 10
10.91584694861434
 20
2.8905434947266
 30
0.0
 40
0.0525798563536292
  1
E3N3
100
AcDbText
  0
TEXT
  5
2EAC
330
18
100
AcDbEntity
  8
NLA2
 62
     7
100
AcDbText
 10
10.61190247469913
 20
2.887071784256935
 30
0.0
 40
0.0525798563536293
  1
R3N3
100
AcDbText
  0
TEXT
  5
2EAD
330
18
100
AcDbEntity
  8
NLA2
 62
     7
100
AcDbText
 10
10.32234170403137
 20
2.889611601176775
 30
0.0
 40
0.0525798563536293
  1
T5N3
100
AcDbText
  0
LINE
  5
2EAE
330
18
100
AcDbEntity
  8
NLA2
 62
     1
100
AcDbLine
 10
11.52523471139091
 20
2.686752031405443
 30
0.0
 11
11.39226105487538
 21
2.686752031405443
 31
0.0
  0
LWPOLYLINE
  5
2EAF
330
18
100
AcDbEntity
  8
0
100
AcDbPolyline
 90
        4
 70
     0
 43
0.0
 10
7.740157778188106
 20
3.00082184253066
 10
7.769414638188071
 20
3.00082184253066
 42
-3.024709481901759
 10
7.807503677594898
 20
3.000821842530636
 10
7.832896479543862
 20
3.00082184253066
  0
TEXT
  5
2EB0
330
18
100
AcDbEntity
  8
BTNG
100
AcDbText
 10
7.327387439615411
 20
3.000701431155059
 30
0.0
 40
0.0570444335036035
  1
1600A, 4
  7
ROMANS
100
AcDbText
  0
TEXT
  5
2EB1
330
18
100
AcDbEntity
  8
BTNG
100
AcDbText
 10
4.287038833165822
 20
3.000701431155059
 30
0.0
 40
0.0570444335036036
  1
1600A, 12
  7
ROMANS
100
AcDbText
  0
LWPOLYLINE
  5
2EB2
330
18
100
AcDbEntity
  8
0
100
AcDbPolyline
 90
        4
 70
     0
 43
0.0
 10
4.762997839674249
 20
3.00082184253066
 10
4.792254699674219
 20
3.00082184253066
 42
-3.024709481901759
 10
4.83034373908105
 20
3.000821842530636
 10
4.85573654103001
 20
3.00082184253066
  0
LWPOLYLINE
  5
2EB3
330
18
100
AcDbEntity
  8
0
100
AcDbPolyline
 90
        4
 70
     0
 43
0.0
 10
10.92370591009683
 20
3.073183600255255
 10
10.9529627700968
 20
3.073183600255255
 42
-3.024709481901759
 10
10.99105180950362
 20
3.07318360025523
 10
11.01644461145258
 20
3.073183600255255
  0
TEXT
  5
2EB4
330
18
100
AcDbEntity
  8
BTNG
100
AcDbText
 10
10.44774690358839
 20
3.073063188879654
 30
0.0
 40
0.0570444335036036
  1
1600A, 12
  7
ROMANS
100
AcDbText
  0
IMAGE
  5
2EB7
330
18
100
AcDbEntity
  8
0
 92
      304
310
3001000002000000A40000000B00000060E1565D38C32540C5D786A6D6441A40000000000000000000000000000000000000000000000000000000000000F03F000000000000F03F0000000000000000000000000000000041634462526173746572496D616765000F000000000000000000000000000000000000000000F0
310
3F0000000000000000000000000000F03F0000000000000000000000000000000000000000747874000000000084000000060000000500000060E1565D38C32540C5D786A6D6441A400000000000000000CA084170F4762840C5D786A6D6441A400000000000000000CA084170F476284030FF70B992F81C40000000000000
310
000060E1565D38C3254030FF70B992F81C40000000000000000060E1565D38C32540C5D786A6D6441A400000000000000000
100
AcDbRasterImage
 90
        0
 10
10.88128940282394
 20
6.567225076656489
 30
0.0
 11
0.001250966911919248
 21
0.0
 31
0.0
 12
7.659963122605777E-20
 22
0.001250966911919248
 32
0.0
 13
1080.0
 23
540.0
340
2EB5
 70
    15
280
     0
281
    50
282
    50
283
     0
360
2EB6
 71
     1
 91
        2
 14
-0.5
 24
-0.5
 14
1079.5
 24
539.5
  0
TEXT
  5
2F25
330
18
100
AcDbEntity
  8
0
 62
     7
100
AcDbText
 10
6.905689206565918
 20
-0.4370499679797488
 30
0.0
 40
0.0704167844827585
  1
2/22- Future IOIM has been added.
  7
ROMANS
100
AcDbText
  0
TEXT
  5
2F36
330
18
100
AcDbEntity
  8
0
 62
     7
100
AcDbText
 10
6.902111389641466
 20
-0.5817463089223862
 30
0.0
 40
0.0704167844827585
  1
1/23- Line ABBA-IOIM2 has been successfully comm. on 29Sep23
  7
ROMANS
100
AcDbText
  0
TEXT
  5
2F4A
330
18
100
AcDbEntity
  8
0
 62
     7
100
AcDbText
 10
6.907328294049493
 20
-0.711887350047859
 30
0.0
 40
0.0704167844827585
  1
2/23- Line ABBA-IOIM1 has been successfully comm. on 9/10/23
  7
ROMANS
100
AcDbText
  0
ENDSEC
  0
SECTION
  2
OBJECTS
  0
DICTIONARY
  5
C
330
0
100
AcDbDictionary
281
     1
  3
ACAD_ASSOCPERSSUBENTMANAGER
350
243A
  3
ACAD_CIP_PREVIOUS_PRODUCT_INFO
350
23C9
  3
ACAD_COLOR
350
23A6
  3
ACAD_DETAILVIEWSTYLE
350
23C6
  3
ACAD_GROUP
350
D
  3
ACAD_IMAGE_DICT
350
241C
  3
ACAD_IMAGE_VARS
350
2425
  3
ACAD_LAYOUT
350
2370
  3
ACAD_MATERIAL
350
2374
  3
ACAD_MLEADERSTYLE
350
23C2
  3
ACAD_MLINESTYLE
350
E
  3
ACAD_PERSUBENTMGR
350
243B
  3
ACAD_PLOTSETTINGS
350
2373
  3
ACAD_PLOTSTYLENAME
350
2371
  3
ACAD_SCALELIST
350
23A7
  3
ACAD_SECTIONVIEWSTYLE
350
23C4
  3
ACAD_TABLESTYLE
350
23B9
  3
ACAD_VISUALSTYLE
350
238D
  3
ACAD_WIPEOUT_VARS
350
2EBC
  3
ACDB_RECOMPOSE_DATA
350
2FAE
  3
AcDbVariableDictionary
350
2401
  3
AcDsDecomposeData
350
2FAF
  3
ASE_INDEX_DICTIONARY
350
23CB
  0
DICTIONARY
  5
2F6B
330
8
100
AcDbDictionary
280
     1
281
     1
  3
ACAD_XREC_ROUNDTRIP
360
2F6C
  0
DICTIONARY
  5
23F6
330
2
100
AcDbDictionary
280
     1
281
     1
  3
ACAD_LAYERSTATES
360
23F7
  0
DICTIONARY
  5
23ED
330
F
100
AcDbDictionary
280
     1
281
     1
  3
ADSK_XREC_LAYER_RECONCILED
360
23EE
  0
DICTIONARY
  5
23EF
330
23
100
AcDbDictionary
280
     1
281
     1
  3
ADSK_XREC_LAYER_RECONCILED
360
23F0
  0
DICTIONARY
  5
23F1
330
1282
100
AcDbDictionary
280
     1
281
     1
  3
ADSK_XREC_LAYER_RECONCILED
360
23F2
  0
DICTIONARY
  5
249F
330
18
100
AcDbDictionary
280
     1
281
     1
  3
ACAD_SORTENTS
360
24A0
  0
DICTIONARY
  5
25BA
330
25B8
100
AcDbDictionary
280
     1
281
     1
  3
ACAD_SORTENTS
360
25BB
  0
DICTIONARY
  5
25FA
330
25F6
100
AcDbDictionary
280
     1
281
     1
  3
ACAD_SORTENTS
360
25FB
  0
DICTIONARY
  5
2682
330
2680
100
AcDbDictionary
280
     1
281
     1
  3
ACAD_SORTENTS
360
2683
  0
DICTIONARY
  5
2840
330
2706
100
AcDbDictionary
280
     1
281
     1
  3
ACAD_SORTENTS
360
2841
  0
DICTIONARY
  5
2ACF
330
2ACA
100
AcDbDictionary
280
     1
281
     1
  3
ACAD_SORTENTS
360
2AD0
  0
DICTIONARY
  5
2B17
330
2B0E
100
AcDbDictionary
280
     1
281
     1
  3
ACAD_SORTENTS
360
2B18
  0
IMAGEDEF_REACTOR
  5
2418
330
2417
100
AcDbRasterImageDefReactor
 90
        2
330
2417
  0
IMAGEDEF_REACTOR
  5
280B
330
280A
100
AcDbRasterImageDefReactor
 90
        2
330
280A
  0
IMAGEDEF_REACTOR
  5
2EB6
330
2EB7
100
AcDbRasterImageDefReactor
 90
        2
330
2EB7
  0
ACAD_PROXY_OBJECT
  5
243A
102
{ACAD_REACTORS
330
C
102
}
330
C
100
AcDbProxyObject
 90
      499
 91
      535
 95
 14942241
 70
     0
 93
      628
310
409039024590241E4050B41AAAA41E4051641AAAA45901409034110541907421094290B4310D4390F441114491345115459164050240D044150641D084250A42D0C4350E43D104451244D144551680
  0
XRECORD
  5
23C9
102
{ACAD_REACTORS
330
C
102
}
330
C
100
AcDbXrecord
280
     1
300
ACDLT
300
2023
300

  0
DICTIONARY
  5
23A6
102
{ACAD_REACTORS
330
C
102
}
330
C
100
AcDbDictionary
281
     1
  0
DICTIONARY
  5
23C6
102
{ACAD_REACTORS
330
C
102
}
330
C
100
AcDbDictionary
281
     1
  3
Imperial24
350
23C7
  0
DICTIONARY
  5
D
102
{ACAD_REACTORS
330
C
102
}
330
C
100
AcDbDictionary
281
     1
  0
DICTIONARY
  5
241C
102
{ACAD_REACTORS
330
C
102
}
330
C
100
AcDbDictionary
281
     1
  3
GSO logo
350
241D
  3
GSO_png_Transparent
350
2EB5
  0
RASTERVARIABLES
  5
2425
102
{ACAD_REACTORS
330
C
102
}
330
C
100
AcDbRasterVariables
 90
        0
 70
     0
 71
     1
 72
     0
  0
DICTIONARY
  5
2370
102
{ACAD_REACTORS
330
C
102
}
330
C
100
AcDbDictionary
281
     1
  3
Layout1
350
23BC
  3
Model
350
23BB
  0
DICTIONARY
  5
2374
102
{ACAD_REACTORS
330
C
102
}
330
C
100
AcDbDictionary
281
     1
  3
ByBlock
350
237D
  3
ByLayer
350
2375
  3
Global
350
2385
  0
DICTIONARY
  5
23C2
102
{ACAD_REACTORS
330
C
102
}
330
C
100
AcDbDictionary
281
     1
  3
Standard
350
23C3
  0
DICTIONARY
  5
E
102
{ACAD_REACTORS
330
C
102
}
330
C
100
AcDbDictionary
281
     1
  3
STANDARD
350
1B
  0
ACAD_PROXY_OBJECT
  5
243B
102
{ACAD_REACTORS
330
C
102
}
330
C
100
AcDbProxyObject
 90
      499
 91
      536
 95
 14942241
 70
     0
 93
       29
310
40A40AA0
  0
DICTIONARY
  5
2373
102
{ACAD_REACTORS
330
C
102
}
330
C
100
AcDbDictionary
281
     1
  0
ACDBDICTIONARYWDFLT
  5
2371
102
{ACAD_REACTORS
330
C
102
}
330
C
100
AcDbDictionary
281
     1
  3
Normal
350
2372
100
AcDbDictionaryWithDefault
340
2372
  0
DICTIONARY
  5
23A7
102
{ACAD_REACTORS
330
C
102
}
330
C
100
AcDbDictionary
281
     1
  3
A0
350
23A8
  3
A1
350
23A9
  3
A2
350
23AA
  3
A3
350
23AB
  3
A4
350
23AC
  3
A5
350
23AD
  3
A6
350
23AE
  3
A7
350
23AF
  3
A8
350
23B0
  3
A9
350
23B1
  3
B0
350
23B2
  3
B1
350
23B3
  3
B2
350
23B4
  3
B3
350
23B5
  3
B4
350
23B6
  3
B5
350
23B7
  3
B6
350
23B8
  0
DICTIONARY
  5
23C4
102
{ACAD_REACTORS
330
C
102
}
330
C
100
AcDbDictionary
281
     1
  3
Imperial24
350
23C5
  0
DICTIONARY
  5
23B9
102
{ACAD_REACTORS
330
C
102
}
330
C
100
AcDbDictionary
281
     1
  3
Standard
350
23BA
  0
DICTIONARY
  5
238D
102
{ACAD_REACTORS
330
C
102
}
330
C
100
AcDbDictionary
281
     1
  3
2dWireframe
350
2393
  3
Basic
350
2392
  3
Brighten
350
2399
  3
ColorChange
350
239D
  3
Conceptual
350
2396
  3
Dim
350
2398
  3
EdgeColorOff
350
23A5
  3
Facepattern
350
239C
  3
Flat
350
238E
  3
FlatWithEdges
350
238F
  3
Gouraud
350
2390
  3
GouraudWithEdges
350
2391
  3
Hidden
350
2395
  3
JitterOff
350
23A3
  3
Linepattern
350
239B
  3
OverhangOff
350
23A4
  3
Realistic
350
2397
  3
Shaded
350
23A2
  3
Shaded with edges
350
23A1
  3
Shades of Gray
350
239E
  3
Sketchy
350
239F
  3
Thicken
350
239A
  3
Wireframe
350
2394
  3
X-Ray
350
23A0
  0
WIPEOUTVARIABLES
  5
2EBC
102
{ACAD_REACTORS
330
C
102
}
330
C
100
AcDbWipeoutVariables
 70
     0
  0
XRECORD
  5
2FAE
102
{ACAD_REACTORS
330
C
102
}
330
C
100
AcDbXrecord
280
     1
 90
        1
330
23BA
  0
DICTIONARY
  5
2401
102
{ACAD_REACTORS
330
C
102
}
330
C
100
AcDbDictionary
281
     1
  3
CANNOSCALE
350
2407
  3
CMLEADERSTYLE
350
2403
  3
CTABLESTYLE
350
2402
  3
CVIEWDETAILSTYLE
350
2404
  3
CVIEWSECTIONSTYLE
350
2405
  3
DWFFRAME
350
2FB8
  3
FRAME
350
2EBE
  3
LAYEREVAL
350
2409
  3
LAYERNOTIFY
350
240A
  3
LIGHTINGUNITS
350
2408
  3
MSLTSCALE
350
2406
  3
PDFFRAME
350
2EC3
  3
POINTCLOUDCLIPFRAME
350
2EC0
  3
WIPEOUTFRAME
350
2EBF
  3
XCLIPFRAME
350
2FB9
  0
DICTIONARY
  5
2FAF
102
{ACAD_REACTORS
330
C
102
}
330
C
100
AcDbDictionary
281
     1
  3
AcDsRecords
350
2FB0
  3
AcDsSchemas
350
2FB1
1001
ACAD
1070
     2
  0
DICTIONARY
  5
23CB
102
{ACAD_REACTORS
330
C
102
}
330
C
100
AcDbDictionary
281
     1
  3
ASEBlockHierarchyIndexRecord
350
23CD
1001
DCO15
1040
1980993604.355
  0
XRECORD
  5
2F6C
102
{ACAD_REACTORS
330
2F6B
102
}
330
2F6B
100
AcDbXrecord
280
     1
102
VTR_0.000_0.000_1.000_1.000_VISUALSTYLE
340
2393
102
VTR_0.000_0.000_1.000_1.000_GRIDDISPLAY
 70
     3
102
VTR_0.000_0.000_1.000_1.000_GRIDMAJOR
 70
     5
102
VTR_0.000_0.000_1.000_1.000_DEFAULTLIGHTING
280
     1
102
VTR_0.000_0.000_1.000_1.000_DEFAULTLIGHTINGTYPE
 70
     1
102
VTR_0.000_0.000_1.000_1.000_BRIGHTNESS
141
0.0
102
VTR_0.000_0.000_1.000_1.000_CONTRAST
142
0.0
  0
DICTIONARY
  5
23F7
102
{ACAD_REACTORS
330
23F6
102
}
330
23F6
100
AcDbDictionary
281
     1
  0
XRECORD
  5
23EE
102
{ACAD_REACTORS
330
23ED
102
}
330
23ED
100
AcDbXrecord
280
     1
290
     1
  0
XRECORD
  5
23F0
102
{ACAD_REACTORS
330
23EF
102
}
330
23EF
100
AcDbXrecord
280
     1
290
     1
  0
XRECORD
  5
23F2
102
{ACAD_REACTORS
330
23F1
102
}
330
23F1
100
AcDbXrecord
280
     1
290
     1
  0
SORTENTSTABLE
  5
24A0
102
{ACAD_REACTORS
330
249F
102
}
330
249F
100
AcDbSortentsTable
330
18
331
29
  5
47
331
50
  5
58
331
54
  5
5E
331
58
  5
64
331
70
  5
78
331
71
  5
7F
331
78
  5
80
331
7F
  5
8C
331
80
  5
8D
331
8D
  5
9A
331
B6
  5
BE
331
BA
  5
FE
331
111
  5
11B
331
11A
  5
126
331
11B
  5
12C
331
126
  5
12D
331
12C
  5
12E
331
12D
  5
13C
331
13E
  5
149
331
143
  5
14F
331
297
  5
299
331
298
  5
29A
331
299
  5
29C
331
29A
  5
2A2
331
35F
  5
376
331
2493
  5
28
331
249E
  5
29
  0
SORTENTSTABLE
  5
25BB
102
{ACAD_REACTORS
330
25BA
102
}
330
25BA
100
AcDbSortentsTable
330
25B8
  0
SORTENTSTABLE
  5
25FB
102
{ACAD_REACTORS
330
25FA
102
}
330
25FA
100
AcDbSortentsTable
330
25F6
  0
SORTENTSTABLE
  5
2683
102
{ACAD_REACTORS
330
2682
102
}
330
2682
100
AcDbSortentsTable
330
2680
  0
SORTENTSTABLE
  5
2841
102
{ACAD_REACTORS
330
2840
102
}
330
2840
100
AcDbSortentsTable
330
2706
331
2707
  5
2709
331
2708
  5
270A
331
2709
  5
270B
331
270A
  5
270C
331
270B
  5
270D
331
270C
  5
270E
331
270D
  5
270F
331
270E
  5
2710
331
270F
  5
2711
331
2710
  5
2712
331
2711
  5
2713
331
2712
  5
2714
331
2713
  5
2715
331
2714
  5
2716
331
2715
  5
2717
331
2716
  5
2718
331
2717
  5
2719
331
2718
  5
271A
331
2719
  5
271B
331
271A
  5
271C
331
271B
  5
271D
331
271C
  5
271E
331
271D
  5
271F
331
271E
  5
2720
331
271F
  5
2721
331
2720
  5
2722
331
2721
  5
2723
331
2722
  5
2724
331
2723
  5
2725
331
2724
  5
2726
331
2725
  5
2727
331
2726
  5
2728
331
2727
  5
2729
331
2728
  5
272A
331
2729
  5
272B
331
272A
  5
272C
331
272B
  5
272D
331
272C
  5
272E
331
272D
  5
272F
331
272E
  5
2730
331
272F
  5
2731
331
2730
  5
2732
331
2731
  5
2733
331
2732
  5
2734
331
2733
  5
2735
331
2734
  5
2736
331
2735
  5
2737
331
2736
  5
2738
331
2737
  5
2739
331
2738
  5
273A
331
2739
  5
273B
331
273A
  5
273C
331
273B
  5
273D
331
273C
  5
273E
331
273D
  5
273F
331
273E
  5
2740
331
273F
  5
2741
331
2740
  5
2742
331
2741
  5
2743
331
2742
  5
2744
331
2743
  5
2745
331
2744
  5
2746
331
2745
  5
2747
331
2746
  5
2748
331
2747
  5
2749
331
2748
  5
274A
331
2749
  5
274B
331
274A
  5
274C
331
274B
  5
274D
331
274C
  5
274E
331
274D
  5
274F
331
274E
  5
2750
331
274F
  5
2751
331
2750
  5
2752
331
2751
  5
2753
331
2752
  5
2754
331
2753
  5
2755
331
2754
  5
2756
331
2755
  5
2757
331
2756
  5
2758
331
2757
  5
2759
331
2758
  5
275A
331
2759
  5
275B
331
275A
  5
275C
331
275B
  5
275D
331
275C
  5
275E
331
275D
  5
275F
331
275E
  5
2760
331
275F
  5
2761
331
2760
  5
2762
331
2761
  5
2763
331
2762
  5
2764
331
2763
  5
2765
331
2764
  5
2766
331
2765
  5
2767
331
2766
  5
2768
331
2767
  5
2769
331
2768
  5
276A
331
2769
  5
276B
331
276A
  5
276C
331
276B
  5
276D
331
276C
  5
276E
331
276D
  5
276F
331
276E
  5
2770
331
276F
  5
2771
331
2770
  5
2772
331
2771
  5
2773
331
2772
  5
2774
331
2773
  5
2775
331
2774
  5
2776
331
2775
  5
2777
331
2776
  5
2778
331
2777
  5
2779
331
2778
  5
277A
331
2779
  5
277B
331
277A
  5
277C
331
277B
  5
277D
331
277C
  5
277E
331
277D
  5
277F
331
277E
  5
2780
331
277F
  5
2781
331
2780
  5
2782
331
2781
  5
2783
331
2782
  5
2784
331
2783
  5
2785
331
2784
  5
2786
331
2785
  5
2787
331
2786
  5
2788
331
2787
  5
2789
331
2788
  5
278A
331
2789
  5
278B
331
278A
  5
278C
331
278B
  5
278D
331
278C
  5
278E
331
278D
  5
278F
331
278E
  5
2790
331
278F
  5
2791
331
2790
  5
2792
331
2791
  5
2793
331
2792
  5
2794
331
2793
  5
2795
331
2794
  5
2796
331
2795
  5
2797
331
2796
  5
2798
331
2797
  5
2799
331
2798
  5
279A
331
2799
  5
279B
331
279A
  5
279C
331
279B
  5
279D
331
279C
  5
279E
331
279D
  5
279F
331
279E
  5
27A0
331
279F
  5
27A1
331
27A0
  5
27A2
331
27A1
  5
27A3
331
27A2
  5
27A4
331
27A3
  5
27A5
331
27A4
  5
27A6
331
27A5
  5
27A7
331
27A6
  5
27A8
331
27A7
  5
27A9
331
27A8
  5
27AA
331
27A9
  5
27AB
331
27AA
  5
27AC
331
27AB
  5
27AD
331
27AC
  5
27AE
331
27AD
  5
27AF
331
27AE
  5
27B0
331
27AF
  5
27B1
331
27B0
  5
27B2
331
27B1
  5
27B3
331
27B2
  5
27B4
331
27B3
  5
27B5
331
27B4
  5
27B6
331
27B5
  5
27B7
331
27B6
  5
27B8
331
27B7
  5
27B9
331
27B8
  5
27BA
331
27B9
  5
27BB
331
27BA
  5
27BC
331
27BB
  5
27BD
331
27BC
  5
27BE
331
27BD
  5
27BF
331
27BE
  5
27C0
331
27BF
  5
27C1
331
27C0
  5
27C2
331
27C1
  5
27C3
331
27C2
  5
27C4
331
27C3
  5
27C5
331
27C4
  5
27C6
331
27C5
  5
27C7
331
27C6
  5
27C8
331
27C7
  5
27C9
331
27C8
  5
27CA
331
27C9
  5
27CB
331
27CA
  5
27CC
331
27CB
  5
27CD
331
27CC
  5
27CE
331
27CD
  5
27CF
331
27CE
  5
27D0
331
27CF
  5
27D1
331
27D0
  5
27D2
331
27D1
  5
27D3
331
27D2
  5
27D4
331
27D3
  5
27D5
331
27D4
  5
27D6
331
27D5
  5
27D7
331
27D6
  5
27D8
331
27D7
  5
27D9
331
27D8
  5
27DA
331
27D9
  5
27DB
331
27DA
  5
27DC
331
27DB
  5
27DD
331
27DC
  5
27DE
331
27DD
  5
27DF
331
27DE
  5
27E0
331
27DF
  5
27E1
331
27E0
  5
27E2
331
27E1
  5
27E3
331
27E2
  5
27E4
331
27E3
  5
27E5
331
27E4
  5
27E6
331
27E5
  5
27E7
331
27E6
  5
27E8
331
27E7
  5
27E9
331
27E8
  5
27EA
331
27E9
  5
27EB
331
27EA
  5
27EC
331
27EB
  5
27ED
331
27EC
  5
27EE
331
27ED
  5
27EF
331
27EE
  5
27F0
331
27EF
  5
27F1
331
27F0
  5
27F2
331
27F1
  5
27F3
331
27F2
  5
27F4
331
27F3
  5
27F5
331
27F4
  5
27F6
331
27F5
  5
27F7
331
27F6
  5
27F8
331
27F7
  5
27F9
331
27F8
  5
27FA
331
27F9
  5
27FB
331
27FA
  5
27FC
331
27FB
  5
27FD
331
27FC
  5
27FE
331
27FD
  5
27FF
331
27FE
  5
2800
331
27FF
  5
2801
331
2800
  5
2802
331
2801
  5
2803
331
2802
  5
2804
331
2803
  5
2805
331
2804
  5
2806
331
2805
  5
2807
331
2806
  5
2808
331
2807
  5
2809
331
2808
  5
280A
331
2809
  5
280C
331
280A
  5
280D
331
280C
  5
2707
331
280D
  5
2708
  0
SORTENTSTABLE
  5
2AD0
102
{ACAD_REACTORS
330
2ACF
102
}
330
2ACF
100
AcDbSortentsTable
330
2ACA
  0
SORTENTSTABLE
  5
2B18
102
{ACAD_REACTORS
330
2B17
102
}
330
2B17
100
AcDbSortentsTable
330
2B0E
  0
ACDBDETAILVIEWSTYLE
  5
23C7
102
{ACAD_REACTORS
330
23C6
102
}
102
{ACAD_XDICTIONARY
360
2F6D
102
}
330
23C6
100
AcDbModelDocViewStyle
 70
     0
  3
Imperial24
290
     0
100
AcDbDetailViewStyle
 70
     0
 71
     0
 90
        3
 71
     1
340
10
 62
   256
 40
0.24
340
0
 62
   256
 40
0.24
300

 40
0.36
280
     3
 71
     2
340
14
 90
       25
 62
   256
 71
     3
340
10
 62
   256
 40
0.24
 90
        1
 40
0.75
 90
        1
300
%<\AcVar ViewType \f "%tc1">% %<\AcVar ViewDetailId>%\PSCALE %<\AcVar ViewScale \f "%sn">%
 71
     4
340
14
 90
       25
 62
   256
340
14
 90
       25
 62
   256
280
     0
  0
IMAGEDEF
  5
241D
102
{ACAD_REACTORS
330
241C
330
2418
330
280B
102
}
330
241C
100
AcDbRasterImageDef
 90
        0
  1
C:\Users\benjamin\Desktop\GSO logo.png
 10
2088.0
 20
896.0
 11
0.08466683600033867
 21
0.08466683600033867
280
     1
281
     2
  0
IMAGEDEF
  5
2EB5
102
{ACAD_REACTORS
330
241C
330
2EB6
102
}
330
241C
100
AcDbRasterImageDef
 90
        0
  1
..\..\GSO_png_Transparent.png
 10
1080.0
 20
540.0
 11
0.000925925925925926
 21
0.000925925925925926
280
     1
281
     0
  0
LAYOUT
  5
23BC
102
{ACAD_REACTORS
330
2370
102
}
330
2370
100
AcDbPlotSettings
  1

  2
C:\Users\pooluser\appdata\roaming\autodesk\autocad 2014\r19.1\enu\plotters\default windows system printer.pc3
  4

  6

 40
0.0
 41
0.0
 42
0.0
 43
0.0
 44
0.0
 45
0.0
 46
0.0
 47
0.0
 48
0.0
 49
0.0
140
0.0
141
0.0
142
1.0
143
1.0
 70
   688
 72
     0
 73
     0
 74
     5
  7

 75
    16
 76
     0
 77
     2
 78
   300
147
1.0
148
0.0
149
0.0
100
AcDbLayout
  1
Layout1
 70
     1
 71
     1
 10
0.0
 20
0.0
 11
12.0
 21
9.0
 12
0.0
 22
0.0
 32
0.0
 14
1.000000000000000E+20
 24
1.000000000000000E+20
 34
1.000000000000000E+20
 15
-1.000000000000000E+20
 25
-1.000000000000000E+20
 35
-1.000000000000000E+20
146
0.0
 13
0.0
 23
0.0
 33
0.0
 16
1.0
 26
0.0
 36
0.0
 17
0.0
 27
1.0
 37
0.0
 76
     0
330
15
  0
LAYOUT
  5
23BB
102
{ACAD_REACTORS
330
2370
102
}
102
{ACAD_XDICTIONARY
360
2F6F
102
}
330
2370
100
AcDbPlotSettings
  1

  2
None
  4
Letter_(8.50_x_11.00_Inches)
  6

 40
6.349999904632568
 41
6.349999904632568
 42
6.350006103515625
 43
6.350006103515625
 44
215.8999938964844
 45
279.3999938964844
 46
0.0
 47
0.0
 48
0.0
 49
0.0
140
0.0
141
0.0
142
1.0
143
2.318324282847803
 70
 11952
 72
     0
 73
     1
 74
     0
  7

 75
     0
 76
     0
 77
     2
 78
   300
147
0.4313460404993952
148
59.86954558904885
149
30.49254190137363
100
AcDbLayout
  1
Model
 70
     1
 71
     0
 10
0.0
 20
0.0
 11
12.0
 21
9.0
 12
0.0
 22
0.0
 32
0.0
 14
0.0
 24
0.0
 34
0.0
 15
0.0
 25
0.0
 35
0.0
146
0.0
 13
0.0
 23
0.0
 33
0.0
 16
1.0
 26
0.0
 36
0.0
 17
0.0
 27
1.0
 37
0.0
 76
     0
330
18
331
391
1001
ACAD_PSEXT
1000
None
1000
None
1000
Not applicable
1000
The layout will not be plotted unless a new plotter configuration name is selected.
1070
     0
  0
MATERIAL
  5
237D
102
{ACAD_REACTORS
330
2374
102
}
102
{ACAD_XDICTIONARY
360
2F71
102
}
330
2374
100
AcDbMaterial
  1
ByBlock
 72
     0
 73
     2
 43
0.0208333333333333
 43
0.0
 43
0.0
 43
0.0
 43
0.0
 43
0.0208333333333333
 43
0.0
 43
0.0
 43
0.0
 43
0.0
 43
1.0
 43
0.0
 43
0.0
 43
0.0
 43
0.0
 43
1.0
 77
     0
 78
     2
 47
0.0208333333333333
 47
0.0
 47
0.0
 47
0.0
 47
0.0
 47
0.0208333333333333
 47
0.0
 47
0.0
 47
0.0
 47
0.0
 47
1.0
 47
0.0
 47
0.0
 47
0.0
 47
0.0
 47
1.0
171
     0
172
     2
 49
0.0208333333333333
 49
0.0
 49
0.0
 49
0.0
 49
0.0
 49
0.0208333333333333
 49
0.0
 49
0.0
 49
0.0
 49
0.0
 49
1.0
 49
0.0
 49
0.0
 49
0.0
 49
0.0
 49
1.0
175
     0
176
     2
142
0.0208333333333333
142
0.0
142
0.0
142
0.0
142
0.0
142
0.0208333333333333
142
0.0
142
0.0
142
0.0
142
0.0
142
1.0
142
0.0
142
0.0
142
0.0
142
0.0
142
1.0
179
     0
270
     2
144
0.0208333333333333
144
0.0
144
0.0
144
0.0
144
0.0
144
0.0208333333333333
144
0.0
144
0.0
144
0.0
144
0.0
144
1.0
144
0.0
144
0.0
144
0.0
144
0.0
144
1.0
274
     2
147
0.0208333333333333
147
0.0
147
0.0
147
0.0
147
0.0
147
0.0208333333333333
147
0.0
147
0.0
147
0.0
147
0.0
147
1.0
147
0.0
147
0.0
147
0.0
147
0.0
147
1.0
  0
MATERIAL
  5
2375
102
{ACAD_REACTORS
330
2374
102
}
102
{ACAD_XDICTIONARY
360
2F73
102
}
330
2374
100
AcDbMaterial
  1
ByLayer
 72
     0
 73
     2
 43
0.0208333333333333
 43
0.0
 43
0.0
 43
0.0
 43
0.0
 43
0.0208333333333333
 43
0.0
 43
0.0
 43
0.0
 43
0.0
 43
1.0
 43
0.0
 43
0.0
 43
0.0
 43
0.0
 43
1.0
 77
     0
 78
     2
 47
0.0208333333333333
 47
0.0
 47
0.0
 47
0.0
 47
0.0
 47
0.0208333333333333
 47
0.0
 47
0.0
 47
0.0
 47
0.0
 47
1.0
 47
0.0
 47
0.0
 47
0.0
 47
0.0
 47
1.0
171
     0
172
     2
 49
0.0208333333333333
 49
0.0
 49
0.0
 49
0.0
 49
0.0
 49
0.0208333333333333
 49
0.0
 49
0.0
 49
0.0
 49
0.0
 49
1.0
 49
0.0
 49
0.0
 49
0.0
 49
0.0
 49
1.0
175
     0
176
     2
142
0.0208333333333333
142
0.0
142
0.0
142
0.0
142
0.0
142
0.0208333333333333
142
0.0
142
0.0
142
0.0
142
0.0
142
1.0
142
0.0
142
0.0
142
0.0
142
0.0
142
1.0
179
     0
270
     2
144
0.0208333333333333
144
0.0
144
0.0
144
0.0
144
0.0
144
0.0208333333333333
144
0.0
144
0.0
144
0.0
144
0.0
144
1.0
144
0.0
144
0.0
144
0.0
144
0.0
144
1.0
274
     2
147
0.0208333333333333
147
0.0
147
0.0
147
0.0
147
0.0
147
0.0208333333333333
147
0.0
147
0.0
147
0.0
147
0.0
147
1.0
147
0.0
147
0.0
147
0.0
147
0.0
147
1.0
  0
MATERIAL
  5
2385
102
{ACAD_REACTORS
330
2374
102
}
102
{ACAD_XDICTIONARY
360
2386
102
}
330
2374
100
AcDbMaterial
  1
Global
 72
     0
 73
     2
 43
0.0208333333333333
 43
0.0
 43
0.0
 43
0.0
 43
0.0
 43
0.0208333333333333
 43
0.0
 43
0.0
 43
0.0
 43
0.0
 43
1.0
 43
0.0
 43
0.0
 43
0.0
 43
0.0
 43
1.0
 77
     0
 78
     2
 47
0.0208333333333333
 47
0.0
 47
0.0
 47
0.0
 47
0.0
 47
0.0208333333333333
 47
0.0
 47
0.0
 47
0.0
 47
0.0
 47
1.0
 47
0.0
 47
0.0
 47
0.0
 47
0.0
 47
1.0
171
     0
172
     2
 49
0.0208333333333333
 49
0.0
 49
0.0
 49
0.0
 49
0.0
 49
0.0208333333333333
 49
0.0
 49
0.0
 49
0.0
 49
0.0
 49
1.0
 49
0.0
 49
0.0
 49
0.0
 49
0.0
 49
1.0
175
     0
176
     2
142
0.0208333333333333
142
0.0
142
0.0
142
0.0
142
0.0
142
0.0208333333333333
142
0.0
142
0.0
142
0.0
142
0.0
142
1.0
142
0.0
142
0.0
142
0.0
142
0.0
142
1.0
179
     0
270
     2
144
0.0208333333333333
144
0.0
144
0.0
144
0.0
144
0.0
144
0.0208333333333333
144
0.0
144
0.0
144
0.0
144
0.0
144
1.0
144
0.0
144
0.0
144
0.0
144
0.0
144
1.0
274
     2
147
0.0208333333333333
147
0.0
147
0.0
147
0.0
147
0.0
147
0.0208333333333333
147
0.0
147
0.0
147
0.0
147
0.0
147
1.0
147
0.0
147
0.0
147
0.0
147
0.0
147
1.0
  0
MLEADERSTYLE
  5
23C3
102
{ACAD_REACTORS
330
23C2
102
}
102
{ACAD_XDICTIONARY
360
2F77
102
}
330
23C2
100
AcDbMLeaderStyle
170
     2
171
     1
172
     0
 90
        2
 40
0.0
 41
0.0
173
     1
 91
-1056964608
340
12
 92
       -2
290
     1
 42
0.09
291
     1
 43
0.36
  3
Standard
341
0
 44
0.18
300

342
10
174
     1
178
     6
175
     1
176
     0
 93
-1056964608
 45
0.18
292
     0
297
     0
 46
0.18
343
0
 94
-1056964608
 47
1.0
 49
1.0
140
1.0
293
     1
141
0.0
294
     1
177
     0
142
1.0
295
     0
296
     0
143
0.125
1001
ACAD_MLEADERVER
1070
     2
  0
MLINESTYLE
  5
1B
102
{ACAD_REACTORS
330
E
102
}
330
E
100
AcDbMlineStyle
  2
STANDARD
 70
     0
  3

 62
     0
 51
90.0
 52
90.0
 71
     2
 49
0.5
 62
   256
  6
BYLAYER
 49
-0.5
 62
   256
  6
BYLAYER
  0
ACDBPLACEHOLDER
  5
2372
102
{ACAD_REACTORS
330
2371
102
}
330
2371
  0
SCALE
  5
23A8
102
{ACAD_REACTORS
330
23A7
102
}
330
23A7
100
AcDbScale
 70
     0
300
1:1
140
1.0
141
1.0
290
     1
  0
SCALE
  5
23A9
102
{ACAD_REACTORS
330
23A7
102
}
330
23A7
100
AcDbScale
 70
     0
300
1/128" = 1'-0"
140
0.0078125
141
12.0
290
     0
  0
SCALE
  5
23AA
102
{ACAD_REACTORS
330
23A7
102
}
330
23A7
100
AcDbScale
 70
     0
300
1/64" = 1'-0"
140
0.015625
141
12.0
290
     0
  0
SCALE
  5
23AB
102
{ACAD_REACTORS
330
23A7
102
}
330
23A7
100
AcDbScale
 70
     0
300
1/32" = 1'-0"
140
0.03125
141
12.0
290
     0
  0
SCALE
  5
23AC
102
{ACAD_REACTORS
330
23A7
102
}
330
23A7
100
AcDbScale
 70
     0
300
1/16" = 1'-0"
140
0.0625
141
12.0
290
     0
  0
SCALE
  5
23AD
102
{ACAD_REACTORS
330
23A7
102
}
330
23A7
100
AcDbScale
 70
     0
300
3/32" = 1'-0"
140
0.09375
141
12.0
290
     0
  0
SCALE
  5
23AE
102
{ACAD_REACTORS
330
23A7
102
}
330
23A7
100
AcDbScale
 70
     0
300
1/8" = 1'-0"
140
0.125
141
12.0
290
     0
  0
SCALE
  5
23AF
102
{ACAD_REACTORS
330
23A7
102
}
330
23A7
100
AcDbScale
 70
     0
300
3/16" = 1'-0"
140
0.1875
141
12.0
290
     0
  0
SCALE
  5
23B0
102
{ACAD_REACTORS
330
23A7
102
}
330
23A7
100
AcDbScale
 70
     0
300
1/4" = 1'-0"
140
0.25
141
12.0
290
     0
  0
SCALE
  5
23B1
102
{ACAD_REACTORS
330
23A7
102
}
330
23A7
100
AcDbScale
 70
     0
300
3/8" = 1'-0"
140
0.375
141
12.0
290
     0
  0
SCALE
  5
23B2
102
{ACAD_REACTORS
330
23A7
102
}
330
23A7
100
AcDbScale
 70
     0
300
1/2" = 1'-0"
140
0.5
141
12.0
290
     0
  0
SCALE
  5
23B3
102
{ACAD_REACTORS
330
23A7
102
}
330
23A7
100
AcDbScale
 70
     0
300
3/4" = 1'-0"
140
0.75
141
12.0
290
     0
  0
SCALE
  5
23B4
102
{ACAD_REACTORS
330
23A7
102
}
330
23A7
100
AcDbScale
 70
     0
300
1" = 1'-0"
140
1.0
141
12.0
290
     0
  0
SCALE
  5
23B5
102
{ACAD_REACTORS
330
23A7
102
}
330
23A7
100
AcDbScale
 70
     0
300
1-1/2" = 1'-0"
140
1.5
141
12.0
290
     0
  0
SCALE
  5
23B6
102
{ACAD_REACTORS
330
23A7
102
}
330
23A7
100
AcDbScale
 70
     0
300
3" = 1'-0"
140
3.0
141
12.0
290
     0
  0
SCALE
  5
23B7
102
{ACAD_REACTORS
330
23A7
102
}
330
23A7
100
AcDbScale
 70
     0
300
6" = 1'-0"
140
6.0
141
12.0
290
     0
  0
SCALE
  5
23B8
102
{ACAD_REACTORS
330
23A7
102
}
330
23A7
100
AcDbScale
 70
     0
300
1'-0" = 1'-0"
140
12.0
141
12.0
290
     0
  0
ACDBSECTIONVIEWSTYLE
  5
23C5
102
{ACAD_REACTORS
330
23C4
102
}
102
{ACAD_XDICTIONARY
360
2F79
102
}
330
23C4
100
AcDbModelDocViewStyle
 70
     0
  3
Imperial24
290
     0
100
AcDbSectionViewStyle
 70
     0
 71
     0
 90
       78
 71
     1
340
10
 62
   256
 40
0.24
340
0
340
0
 62
   256
 40
0.24
300
I, O, Q, S, X, Z
 40
0.48
 90
        3
 40
0.18
 90
        1
 71
     2
340
14
 90
       25
 62
   256
340
14
 90
       50
 62
   256
 40
0.24
 40
0.0
 40
0.24
 71
     3
340
10
 62
   256
 40
0.24
 90
        1
 40
0.75
 90
        1
300
%<\AcVar ViewType \f "%tc1">% %<\AcVar ViewSectionStartId>%-%<\AcVar ViewSectionEndId>%\PSCALE %<\AcVar ViewScale \f "%sn">%
 71
     4
 62
   256
 62
   257
300
ANSI31
 40
1.0
 90
        0
290
     0
290
     0
 90
        6
 40
0.0
 40
1.570796326794897
 40
0.2617993877991494
 40
1.308996938995747
 40
-0.2617993877991494
 40
1.832595714594046
  0
TABLESTYLE
  5
23BA
102
{ACAD_REACTORS
330
23B9
102
}
102
{ACAD_XDICTIONARY
360
2F7B
102
}
330
23B9
100
AcDbTableStyle
  3
Standard
 70
     0
 71
     0
 40
0.06
 41
0.06
280
     0
281
     0
  7
STANDARD
140
0.18
170
     2
 62
     0
 63
   257
283
     0
274
    -2
284
     1
 64
     0
275
    -2
285
     1
 65
     0
276
    -2
286
     1
 66
     0
277
    -2
287
     1
 67
     0
278
    -2
288
     1
 68
     0
279
    -2
289
     1
 69
     0
  7
STANDARD
140
0.25
170
     5
 62
     0
 63
   257
283
     0
274
    -2
284
     1
 64
     0
275
    -2
285
     1
 65
     0
276
    -2
286
     1
 66
     0
277
    -2
287
     1
 67
     0
278
    -2
288
     1
 68
     0
279
    -2
289
     1
 69
     0
  7
STANDARD
140
0.18
170
     5
 62
     0
 63
   257
283
     0
274
    -2
284
     1
 64
     0
275
    -2
285
     1
 65
     0
276
    -2
286
     1
 66
     0
277
    -2
287
     1
 67
     0
278
    -2
288
     1
 68
     0
279
    -2
289
     1
 69
     0
  0
VISUALSTYLE
  5
2393
102
{ACAD_REACTORS
330
238D
102
}
102
{ACAD_XDICTIONARY
360
2F7E
102
}
330
238D
100
AcDbVisualStyle
  2
2dWireframe
 70
     4
 71
     0
 72
     2
 73
     0
 90
        0
 40
0.6
 41
30.0
 62
     5
 63
     7
421
 16777215
 74
     1
 91
        4
 64
     7
 65
   257
 75
     1
175
     1
 42
1.0
 92
        0
 66
   257
 43
1.0
 76
     1
 77
     6
 78
     2
 67
     7
 79
     5
170
     0
171
     0
290
     0
174
     0
 93
        1
 44
0.0
173
     0
291
     0
 45
0.0
1001
ACAD
1000
AcDbSavedByObjectVersion
1070
     0
  0
VISUALSTYLE
  5
2392
102
{ACAD_REACTORS
330
238D
102
}
102
{ACAD_XDICTIONARY
360
2F80
102
}
330
238D
100
AcDbVisualStyle
  2
Basic
 70
     7
 71
     1
 72
     0
 73
     1
 90
        0
 40
0.6
 41
30.0
 62
     5
 63
     7
421
 16777215
 74
     0
 91
        4
 64
     7
 65
   257
 75
     1
175
     1
 42
1.0
 92
        8
 66
     7
 43
1.0
 76
     1
 77
     6
 78
     2
 67
     7
 79
     5
170
     0
171
     0
290
     0
174
     0
 93
        1
 44
0.0
173
     0
291
     1
 45
0.0
1001
ACAD
1000
AcDbSavedByObjectVersion
1070
     0
  0
VISUALSTYLE
  5
2399
102
{ACAD_REACTORS
330
238D
102
}
102
{ACAD_XDICTIONARY
360
2F82
102
}
330
238D
100
AcDbVisualStyle
  2
Brighten
 70
    12
 71
     2
 72
     2
 73
     0
 90
        0
 40
0.6
 41
30.0
 62
     5
 63
     7
421
 16777215
 74
     1
 91
        4
 64
     7
 65
   257
 75
     1
175
     1
 42
1.0
 92
        8
 66
     7
 43
1.0
 76
     1
 77
     6
 78
     2
 67
     7
 79
     5
170
     0
171
     0
290
     0
174
     0
 93
        1
 44
50.0
173
     0
291
     1
 45
0.0
1001
ACAD
1000
AcDbSavedByObjectVersion
1070
     0
  0
VISUALSTYLE
  5
239D
102
{ACAD_REACTORS
330
238D
102
}
102
{ACAD_XDICTIONARY
360
2F84
102
}
330
238D
100
AcDbVisualStyle
  2
ColorChange
 70
    16
 71
     2
 72
     2
 73
     3
 90
        0
 40
0.6
 41
30.0
 62
     5
 63
     8
421
  8421504
 74
     1
 91
        4
 64
     7
 65
   257
 75
     1
175
     1
 42
1.0
 92
        8
 66
     8
424
  8421504
 43
1.0
 76
     1
 77
     6
 78
     2
 67
     7
 79
     5
170
     0
171
     0
290
     0
174
     0
 93
        1
 44
0.0
173
     0
291
     1
 45
0.0
1001
ACAD
1000
AcDbSavedByObjectVersion
1070
     0
  0
VISUALSTYLE
  5
2396
102
{ACAD_REACTORS
330
238D
102
}
102
{ACAD_XDICTIONARY
360
2F86
102
}
330
238D
100
AcDbVisualStyle
  2
Conceptual
 70
     9
 71
     3
 72
     2
 73
     0
 90
        0
 40
0.6
 41
30.0
 62
     5
 63
     7
421
 16777215
 74
     2
 91
        2
 64
     7
 65
   257
 75
     1
175
     1
 42
179.0
 92
        8
 66
     7
 43
1.0
 76
     1
 77
     6
 78
     2
 67
     7
 79
     3
170
     0
171
     0
290
     0
174
     0
 93
        1
 44
0.0
173
     0
291
     0
 45
0.0
1001
ACAD
1000
AcDbSavedByObjectVersion
1070
     0
  0
VISUALSTYLE
  5
2398
102
{ACAD_REACTORS
330
238D
102
}
102
{ACAD_XDICTIONARY
360
2F88
102
}
330
238D
100
AcDbVisualStyle
  2
Dim
 70
    11
 71
     2
 72
     2
 73
     0
 90
        0
 40
0.6
 41
30.0
 62
     5
 63
     7
421
 16777215
 74
     1
 91
        4
 64
     7
 65
   257
 75
     1
175
     1
 42
1.0
 92
        8
 66
     7
 43
1.0
 76
     1
 77
     6
 78
     2
 67
     7
 79
     5
170
     0
171
     0
290
     0
174
     0
 93
        1
 44
-50.0
173
     0
291
     1
 45
0.0
1001
ACAD
1000
AcDbSavedByObjectVersion
1070
     0
  0
VISUALSTYLE
  5
23A5
102
{ACAD_REACTORS
330
238D
102
}
102
{ACAD_XDICTIONARY
360
2F8A
102
}
330
238D
100
AcDbVisualStyle
  2
EdgeColorOff
 70
    22
 71
     2
 72
     2
 73
     0
 90
        0
 40
0.6
 41
30.0
 62
     5
 63
     7
421
 16777215
 74
     1
 91
        4
 64
     7
 65
   257
 75
     1
175
     1
 42
1.0
 92
        8
 66
     7
 43
1.0
 76
     1
 77
     6
 78
     2
 67
     7
 79
     5
170
     0
171
     0
290
     0
174
     0
 93
        1
 44
0.0
173
     0
291
     1
 45
0.0
1001
ACAD
1000
AcDbSavedByObjectVersion
1070
     0
  0
VISUALSTYLE
  5
239C
102
{ACAD_REACTORS
330
238D
102
}
102
{ACAD_XDICTIONARY
360
2F8C
102
}
330
238D
100
AcDbVisualStyle
  2
Facepattern
 70
    15
 71
     2
 72
     2
 73
     0
 90
        0
 40
0.6
 41
30.0
 62
     5
 63
     7
421
 16777215
 74
     1
 91
        4
 64
     7
 65
   257
 75
     1
175
     1
 42
1.0
 92
        8
 66
     7
 43
1.0
 76
     1
 77
     6
 78
     2
 67
     7
 79
     5
170
     0
171
     0
290
     0
174
     0
 93
        1
 44
0.0
173
     0
291
     1
 45
0.0
1001
ACAD
1000
AcDbSavedByObjectVersion
1070
     0
  0
VISUALSTYLE
  5
238E
102
{ACAD_REACTORS
330
238D
102
}
102
{ACAD_XDICTIONARY
360
2F8E
102
}
330
238D
100
AcDbVisualStyle
  2
Flat
 70
     0
 71
     2
 72
     1
 73
     1
 90
        2
 40
0.6
 41
30.0
 62
     5
 63
     7
421
 16777215
 74
     0
 91
        0
 64
     7
 65
   257
 75
     1
175
     1
 42
1.0
 92
        8
 66
     7
 43
1.0
 76
     1
 77
     6
 78
     2
 67
     7
 79
     5
170
     0
171
     0
290
     0
174
     0
 93
       13
 44
0.0
173
     0
291
     1
 45
0.0
1001
ACAD
1000
AcDbSavedByObjectVersion
1070
     0
  0
VISUALSTYLE
  5
238F
102
{ACAD_REACTORS
330
238D
102
}
102
{ACAD_XDICTIONARY
360
2F90
102
}
330
238D
100
AcDbVisualStyle
  2
FlatWithEdges
 70
     1
 71
     2
 72
     1
 73
     1
 90
        2
 40
0.6
 41
30.0
 62
     5
 63
     7
421
 16777215
 74
     1
 91
        0
 64
     7
 65
   257
 75
     1
175
     1
 42
1.0
 92
        0
 66
   257
 43
1.0
 76
     1
 77
     6
 78
     2
 67
     7
 79
     5
170
     0
171
     0
290
     0
174
     0
 93
       13
 44
0.0
173
     0
291
     1
 45
0.0
1001
ACAD
1000
AcDbSavedByObjectVersion
1070
     0
  0
VISUALSTYLE
  5
2390
102
{ACAD_REACTORS
330
238D
102
}
102
{ACAD_XDICTIONARY
360
2F92
102
}
330
238D
100
AcDbVisualStyle
  2
Gouraud
 70
     2
 71
     2
 72
     2
 73
     1
 90
        2
 40
0.6
 41
30.0
 62
     5
 63
     7
421
 16777215
 74
     0
 91
        0
 64
     7
 65
   257
 75
     1
175
     1
 42
1.0
 92
        0
 66
     7
 43
1.0
 76
     1
 77
     6
 78
     2
 67
     7
 79
     5
170
     0
171
     0
290
     0
174
     0
 93
       13
 44
0.0
173
     0
291
     1
 45
0.0
1001
ACAD
1000
AcDbSavedByObjectVersion
1070
     0
  0
VISUALSTYLE
  5
2391
102
{ACAD_REACTORS
330
238D
102
}
102
{ACAD_XDICTIONARY
360
2F94
102
}
330
238D
100
AcDbVisualStyle
  2
GouraudWithEdges
 70
     3
 71
     2
 72
     2
 73
     1
 90
        2
 40
0.6
 41
30.0
 62
     5
 63
     7
421
 16777215
 74
     1
 91
        0
 64
     7
 65
   257
 75
     1
175
     1
 42
1.0
 92
        0
 66
   257
 43
1.0
 76
     1
 77
     6
 78
     2
 67
     7
 79
     5
170
     0
171
     0
290
     0
174
     0
 93
       13
 44
0.0
173
     0
291
     1
 45
0.0
1001
ACAD
1000
AcDbSavedByObjectVersion
1070
     0
  0
VISUALSTYLE
  5
2395
102
{ACAD_REACTORS
330
238D
102
}
102
{ACAD_XDICTIONARY
360
2F96
102
}
330
238D
100
AcDbVisualStyle
  2
Hidden
 70
     6
 71
     1
 72
     2
 73
     2
 90
        0
 40
0.6
 41
30.0
 62
     5
 63
     7
421
 16777215
 74
     2
 91
        2
 64
     7
 65
   257
 75
     2
175
     1
 42
40.0
 92
        0
 66
   257
 43
1.0
 76
     1
 77
     6
 78
     2
 67
     7
 79
     3
170
     0
171
     0
290
     0
174
     0
 93
        1
 44
0.0
173
     0
291
     0
 45
0.0
1001
ACAD
1000
AcDbSavedByObjectVersion
1070
     0
  0
VISUALSTYLE
  5
23A3
102
{ACAD_REACTORS
330
238D
102
}
102
{ACAD_XDICTIONARY
360
2F98
102
}
330
238D
100
AcDbVisualStyle
  2
JitterOff
 70
    20
 71
     2
 72
     2
 73
     0
 90
        0
 40
0.6
 41
30.0
 62
     5
 63
     7
421
 16777215
 74
     1
 91
        4
 64
     7
 65
   257
 75
     1
175
     1
 42
1.0
 92
       10
 66
     7
 43
1.0
 76
     1
 77
     6
 78
     2
 67
     7
 79
     5
170
     0
171
     0
290
     0
174
     0
 93
        1
 44
0.0
173
     0
291
     1
 45
0.0
1001
ACAD
1000
AcDbSavedByObjectVersion
1070
     0
  0
VISUALSTYLE
  5
239B
102
{ACAD_REACTORS
330
238D
102
}
102
{ACAD_XDICTIONARY
360
2F9A
102
}
330
238D
100
AcDbVisualStyle
  2
Linepattern
 70
    14
 71
     2
 72
     2
 73
     0
 90
        0
 40
0.6
 41
30.0
 62
     5
 63
     7
421
 16777215
 74
     1
 91
        4
 64
     7
 65
   257
 75
     7
175
     7
 42
1.0
 92
        8
 66
     7
 43
1.0
 76
     1
 77
     6
 78
     2
 67
     7
 79
     5
170
     0
171
     0
290
     0
174
     0
 93
        1
 44
0.0
173
     0
291
     1
 45
0.0
1001
ACAD
1000
AcDbSavedByObjectVersion
1070
     0
  0
VISUALSTYLE
  5
23A4
102
{ACAD_REACTORS
330
238D
102
}
102
{ACAD_XDICTIONARY
360
2F9C
102
}
330
238D
100
AcDbVisualStyle
  2
OverhangOff
 70
    21
 71
     2
 72
     2
 73
     0
 90
        0
 40
0.6
 41
30.0
 62
     5
 63
     7
421
 16777215
 74
     1
 91
        4
 64
     7
 65
   257
 75
     1
175
     1
 42
1.0
 92
        9
 66
     7
 43
1.0
 76
     1
 77
     6
 78
     2
 67
     7
 79
     5
170
     0
171
     0
290
     0
174
     0
 93
        1
 44
0.0
173
     0
291
     1
 45
0.0
1001
ACAD
1000
AcDbSavedByObjectVersion
1070
     0
  0
VISUALSTYLE
  5
2397
102
{ACAD_REACTORS
330
238D
102
}
102
{ACAD_XDICTIONARY
360
2F9E
102
}
330
238D
100
AcDbVisualStyle
  2
Realistic
 70
     8
 71
     2
 72
     3
 73
     0
 90
        2
 40
0.6
 41
30.0
 62
     5
 63
     7
421
 16777215
 74
     0
 91
        0
 64
     7
 65
   257
 75
     1
175
     1
 42
1.0
 92
        8
 66
   257
 43
1.0
 76
     1
 77
     6
 78
     2
 67
     7
 79
     3
170
     0
171
     0
290
     0
174
     0
 93
       13
 44
0.0
173
     0
291
     0
 45
0.0
1001
ACAD
1000
AcDbSavedByObjectVersion
1070
     0
  0
VISUALSTYLE
  5
23A2
102
{ACAD_REACTORS
330
238D
102
}
102
{ACAD_XDICTIONARY
360
2FA0
102
}
330
238D
100
AcDbVisualStyle
  2
Shaded
 70
    27
 71
     2
 72
     2
 73
     1
 90
        2
 40
0.6
 41
30.0
 62
     5
 63
     7
421
 16777215
 74
     0
 91
        4
 64
     7
 65
   257
 75
     1
175
     1
 42
1.0
 92
        8
 66
   257
 43
1.0
 76
     1
 77
     6
 78
     2
 67
     8
425
  7895160
 79
     3
170
     0
171
     0
290
     0
174
     0
 93
        5
 44
0.0
173
     0
291
     0
 45
0.0
1001
ACAD
1000
AcDbSavedByObjectVersion
1070
     0
  0
VISUALSTYLE
  5
23A1
102
{ACAD_REACTORS
330
238D
102
}
102
{ACAD_XDICTIONARY
360
2FA2
102
}
330
238D
100
AcDbVisualStyle
  2
Shaded with edges
 70
    26
 71
     2
 72
     2
 73
     1
 90
        2
 40
0.6
 41
30.0
 62
     5
 63
     7
421
 16777215
 74
     1
 91
        2
 64
     7
 65
   257
 75
     2
175
     1
 42
1.0
 92
        8
 66
   257
 43
1.0
 76
     1
 77
     6
 78
     2
 67
     7
 79
     3
170
     0
171
     0
290
     0
174
     0
 93
        5
 44
0.0
173
     0
291
     0
 45
0.0
1001
ACAD
1000
AcDbSavedByObjectVersion
1070
     0
  0
VISUALSTYLE
  5
239E
102
{ACAD_REACTORS
330
238D
102
}
102
{ACAD_XDICTIONARY
360
2FA4
102
}
330
238D
100
AcDbVisualStyle
  2
Shades of Gray
 70
    23
 71
     2
 72
     2
 73
     3
 90
        0
 40
0.6
 41
30.0
 62
     5
 63
     7
421
 16777215
 74
     2
 91
        2
 64
     7
 65
     7
 75
     1
175
     1
 42
40.0
 92
        8
 66
     7
 43
1.0
 76
     1
 77
     6
 78
     2
 67
     7
 79
     3
170
     0
171
     0
290
     0
174
     0
 93
        1
 44
0.0
173
     0
291
     0
 45
0.0
1001
ACAD
1000
AcDbSavedByObjectVersion
1070
     0
  0
VISUALSTYLE
  5
239F
102
{ACAD_REACTORS
330
238D
102
}
102
{ACAD_XDICTIONARY
360
2FA6
102
}
330
238D
100
AcDbVisualStyle
  2
Sketchy
 70
    24
 71
     1
 72
     2
 73
     2
 90
        0
 40
0.6
 41
30.0
 62
     5
 63
     7
421
 16777215
 74
     2
 91
        2
 64
     7
 65
     7
 75
     1
175
     1
 42
40.0
 92
       11
 66
     7
 43
1.0
 76
     1
 77
     6
 78
     2
 67
     7
 79
     6
170
     0
171
     0
290
     0
174
     0
 93
        1
 44
0.0
173
     0
291
     0
 45
0.0
1001
ACAD
1000
AcDbSavedByObjectVersion
1070
     0
  0
VISUALSTYLE
  5
239A
102
{ACAD_REACTORS
330
238D
102
}
102
{ACAD_XDICTIONARY
360
2FA8
102
}
330
238D
100
AcDbVisualStyle
  2
Thicken
 70
    13
 71
     2
 72
     2
 73
     0
 90
        0
 40
0.6
 41
30.0
 62
     5
 63
     7
421
 16777215
 74
     1
 91
        4
 64
     7
 65
   257
 75
     1
175
     1
 42
1.0
 92
       12
 66
     7
 43
1.0
 76
     1
 77
     6
 78
     2
 67
     7
 79
     5
170
     0
171
     0
290
     0
174
     0
 93
        1
 44
0.0
173
     0
291
     1
 45
0.0
1001
ACAD
1000
AcDbSavedByObjectVersion
1070
     0
  0
VISUALSTYLE
  5
2394
102
{ACAD_REACTORS
330
238D
102
}
102
{ACAD_XDICTIONARY
360
2FAA
102
}
330
238D
100
AcDbVisualStyle
  2
Wireframe
 70
     5
 71
     0
 72
     2
 73
     0
 90
        0
 40
0.6
 41
30.0
 62
     5
 63
     7
421
 16777215
 74
     1
 91
        4
 64
     7
 65
   257
 75
     1
175
     1
 42
1.0
 92
        0
 66
   257
 43
1.0
 76
     1
 77
     6
 78
     2
 67
     7
 79
     3
170
     0
171
     0
290
     0
174
     0
 93
        1
 44
0.0
173
     0
291
     0
 45
0.0
1001
ACAD
1000
AcDbSavedByObjectVersion
1070
     0
  0
VISUALSTYLE
  5
23A0
102
{ACAD_REACTORS
330
238D
102
}
102
{ACAD_XDICTIONARY
360
2FAC
102
}
330
238D
100
AcDbVisualStyle
  2
X-Ray
 70
    25
 71
     2
 72
     2
 73
     1
 90
        1
 40
0.5
 41
30.0
 62
     5
 63
     7
421
 16777215
 74
     1
 91
        0
 64
     7
 65
   257
 75
     1
175
     1
 42
1.0
 92
        8
 66
     7
 43
1.0
 76
     1
 77
     6
 78
     2
 67
     7
 79
     3
170
     0
171
     0
290
     0
174
     0
 93
       13
 44
0.0
173
     0
291
     0
 45
0.0
1001
ACAD
1000
AcDbSavedByObjectVersion
1070
     0
  0
DICTIONARYVAR
  5
2407
102
{ACAD_REACTORS
330
2401
102
}
330
2401
100
DictionaryVariables
280
     0
  1
1:1
  0
DICTIONARYVAR
  5
2403
102
{ACAD_REACTORS
330
2401
102
}
330
2401
100
DictionaryVariables
280
     0
  1
Standard
  0
DICTIONARYVAR
  5
2402
102
{ACAD_REACTORS
330
2401
102
}
330
2401
100
DictionaryVariables
280
     0
  1
Standard
  0
DICTIONARYVAR
  5
2404
102
{ACAD_REACTORS
330
2401
102
}
330
2401
100
DictionaryVariables
280
     0
  1
Imperial24
  0
DICTIONARYVAR
  5
2405
102
{ACAD_REACTORS
330
2401
102
}
330
2401
100
DictionaryVariables
280
     0
  1
Imperial24
  0
DICTIONARYVAR
  5
2FB8
102
{ACAD_REACTORS
330
2401
102
}
330
2401
100
DictionaryVariables
280
     0
  1
0
  0
DICTIONARYVAR
  5
2EBE
102
{ACAD_REACTORS
330
2401
102
}
330
2401
100
DictionaryVariables
280
     0
  1
0
  0
DICTIONARYVAR
  5
2409
102
{ACAD_REACTORS
330
2401
102
}
330
2401
100
DictionaryVariables
280
     0
  1
1
  0
DICTIONARYVAR
  5
240A
102
{ACAD_REACTORS
330
2401
102
}
330
2401
100
DictionaryVariables
280
     0
  1
15
  0
DICTIONARYVAR
  5
2408
102
{ACAD_REACTORS
330
2401
102
}
330
2401
100
DictionaryVariables
280
     0
  1
0
  0
DICTIONARYVAR
  5
2406
102
{ACAD_REACTORS
330
2401
102
}
330
2401
100
DictionaryVariables
280
     0
  1
0
  0
DICTIONARYVAR
  5
2EC3
102
{ACAD_REACTORS
330
2401
102
}
330
2401
100
DictionaryVariables
280
     0
  1
0
  0
DICTIONARYVAR
  5
2EC0
102
{ACAD_REACTORS
330
2401
102
}
330
2401
100
DictionaryVariables
280
     0
  1
0
  0
DICTIONARYVAR
  5
2EBF
102
{ACAD_REACTORS
330
2401
102
}
330
2401
100
DictionaryVariables
280
     0
  1
0
  0
DICTIONARYVAR
  5
2FB9
102
{ACAD_REACTORS
330
2401
102
}
330
2401
100
DictionaryVariables
280
     0
  1
0
  0
DICTIONARY
  5
2FB0
102
{ACAD_REACTORS
330
2FAF
102
}
330
2FAF
100
AcDbDictionary
281
     1
  0
DICTIONARY
  5
2FB1
102
{ACAD_REACTORS
330
2FAF
102
}
330
2FAF
100
AcDbDictionary
281
     1
  3
8796084655384
350
2FB2
  3
8796084655400
350
2FB3
  3
8796084655416
350
2FB4
  3
8796084655432
350
2FB5
  3
8796084655448
350
2FB6
  3
8796084655464
350
2FB7
  0
XRECORD
  5
23CD
102
{ACAD_REACTORS
330
23CB
102
}
330
23CB
100
AcDbXrecord
280
     1
  0
DICTIONARY
  5
2F6D
330
23C7
100
AcDbDictionary
280
     1
281
     1
  3
ACAD_XREC_ROUNDTRIP
360
2F6E
  0
DICTIONARY
  5
2F6F
330
23BB
100
AcDbDictionary
280
     1
281
     1
  3
ADSK_XREC_LAYOUTTHUMBNAIL
360
2F70
  0
DICTIONARY
  5
2F71
330
237D
100
AcDbDictionary
280
     1
281
     1
  3
ACAD_XREC_ROUNDTRIP
360
2F72
  0
DICTIONARY
  5
2F73
330
2375
100
AcDbDictionary
280
     1
281
     1
  3
ACAD_XREC_ROUNDTRIP
360
2F74
  0
DICTIONARY
  5
2386
330
2385
100
AcDbDictionary
280
     1
281
     1
  3
ACAD_XREC_ROUNDTRIP
360
2F75
  3
FBXASSET
360
2431
  0
DICTIONARY
  5
2F77
330
23C3
100
AcDbDictionary
280
     1
281
     1
  3
ACAD_XREC_ROUNDTRIP
360
2F78
  0
DICTIONARY
  5
2F79
330
23C5
100
AcDbDictionary
280
     1
281
     1
  3
ACAD_XREC_ROUNDTRIP
360
2F7A
  0
DICTIONARY
  5
2F7B
330
23BA
100
AcDbDictionary
280
     1
281
     1
  3
ACAD_ROUNDTRIP_2008_TABLESTYLE_CELLSTYLEMAP
360
2F7D
  3
ACAD_XREC_ROUNDTRIP
360
2F7C
  0
DICTIONARY
  5
2F7E
330
2393
100
AcDbDictionary
280
     1
281
     1
  3
ACAD_XREC_ROUNDTRIP
360
2F7F
  0
DICTIONARY
  5
2F80
330
2392
100
AcDbDictionary
280
     1
281
     1
  3
ACAD_XREC_ROUNDTRIP
360
2F81
  0
DICTIONARY
  5
2F82
330
2399
100
AcDbDictionary
280
     1
281
     1
  3
ACAD_XREC_ROUNDTRIP
360
2F83
  0
DICTIONARY
  5
2F84
330
239D
100
AcDbDictionary
280
     1
281
     1
  3
ACAD_XREC_ROUNDTRIP
360
2F85
  0
DICTIONARY
  5
2F86
330
2396
100
AcDbDictionary
280
     1
281
     1
  3
ACAD_XREC_ROUNDTRIP
360
2F87
  0
DICTIONARY
  5
2F88
330
2398
100
AcDbDictionary
280
     1
281
     1
  3
ACAD_XREC_ROUNDTRIP
360
2F89
  0
DICTIONARY
  5
2F8A
330
23A5
100
AcDbDictionary
280
     1
281
     1
  3
ACAD_XREC_ROUNDTRIP
360
2F8B
  0
DICTIONARY
  5
2F8C
330
239C
100
AcDbDictionary
280
     1
281
     1
  3
ACAD_XREC_ROUNDTRIP
360
2F8D
  0
DICTIONARY
  5
2F8E
330
238E
100
AcDbDictionary
280
     1
281
     1
  3
ACAD_XREC_ROUNDTRIP
360
2F8F
  0
DICTIONARY
  5
2F90
330
238F
100
AcDbDictionary
280
     1
281
     1
  3
ACAD_XREC_ROUNDTRIP
360
2F91
  0
DICTIONARY
  5
2F92
330
2390
100
AcDbDictionary
280
     1
281
     1
  3
ACAD_XREC_ROUNDTRIP
360
2F93
  0
DICTIONARY
  5
2F94
330
2391
100
AcDbDictionary
280
     1
281
     1
  3
ACAD_XREC_ROUNDTRIP
360
2F95
  0
DICTIONARY
  5
2F96
330
2395
100
AcDbDictionary
280
     1
281
     1
  3
ACAD_XREC_ROUNDTRIP
360
2F97
  0
DICTIONARY
  5
2F98
330
23A3
100
AcDbDictionary
280
     1
281
     1
  3
ACAD_XREC_ROUNDTRIP
360
2F99
  0
DICTIONARY
  5
2F9A
330
239B
100
AcDbDictionary
280
     1
281
     1
  3
ACAD_XREC_ROUNDTRIP
360
2F9B
  0
DICTIONARY
  5
2F9C
330
23A4
100
AcDbDictionary
280
     1
281
     1
  3
ACAD_XREC_ROUNDTRIP
360
2F9D
  0
DICTIONARY
  5
2F9E
330
2397
100
AcDbDictionary
280
     1
281
     1
  3
ACAD_XREC_ROUNDTRIP
360
2F9F
  0
DICTIONARY
  5
2FA0
330
23A2
100
AcDbDictionary
280
     1
281
     1
  3
ACAD_XREC_ROUNDTRIP
360
2FA1
  0
DICTIONARY
  5
2FA2
330
23A1
100
AcDbDictionary
280
     1
281
     1
  3
ACAD_XREC_ROUNDTRIP
360
2FA3
  0
DICTIONARY
  5
2FA4
330
239E
100
AcDbDictionary
280
     1
281
     1
  3
ACAD_XREC_ROUNDTRIP
360
2FA5
  0
DICTIONARY
  5
2FA6
330
239F
100
AcDbDictionary
280
     1
281
     1
  3
ACAD_XREC_ROUNDTRIP
360
2FA7
  0
DICTIONARY
  5
2FA8
330
239A
100
AcDbDictionary
280
     1
281
     1
  3
ACAD_XREC_ROUNDTRIP
360
2FA9
  0
DICTIONARY
  5
2FAA
330
2394
100
AcDbDictionary
280
     1
281
     1
  3
ACAD_XREC_ROUNDTRIP
360
2FAB
  0
DICTIONARY
  5
2FAC
330
23A0
100
AcDbDictionary
280
     1
281
     1
  3
ACAD_XREC_ROUNDTRIP
360
2FAD
  0
XRECORD
  5
2FB2
102
{ACAD_REACTORS
330
2FB1
102
}
330
2FB1
100
AcDbXrecord
280
     1
  1
AcDb_Thumbnail_Schema
102
{ATTRRECORD
341
2FB4
  2
AcDbDs::TreatedAsObjectData
280
     1
291
     1
102
ATTRRECORD}
102
{ATTRRECORD
341
2FB5
  2
AcDbDs::Legacy
280
     1
291
     1
102
ATTRRECORD}
  2
AcDbDs::ID
280
    10
 91
        8
102
{ATTRRECORD
341
2FB6
  2
AcDs:Indexable
280
     1
291
     1
102
ATTRRECORD}
102
{ATTRRECORD
341
2FB7
  2
AcDbDs::HandleAttribute
280
     7
282
     1
102
ATTRRECORD}
  2
Thumbnail_Data
280
    15
 91
        0
  0
XRECORD
  5
2FB3
102
{ACAD_REACTORS
330
2FB1
102
}
330
2FB1
100
AcDbXrecord
280
     1
  1
AcDb3DSolid_ASM_Data
102
{ATTRRECORD
341
2FB4
  2
AcDbDs::TreatedAsObjectData
280
     1
291
     1
102
ATTRRECORD}
102
{ATTRRECORD
341
2FB5
  2
AcDbDs::Legacy
280
     1
291
     1
102
ATTRRECORD}
  2
AcDbDs::ID
280
    10
 91
        8
102
{ATTRRECORD
341
2FB6
  2
AcDs:Indexable
280
     1
291
     1
102
ATTRRECORD}
102
{ATTRRECORD
341
2FB7
  2
AcDbDs::HandleAttribute
280
     7
282
     1
102
ATTRRECORD}
  2
ASM_Data
280
    15
 91
        0
  0
XRECORD
  5
2FB4
102
{ACAD_REACTORS
330
2FB1
102
}
330
2FB1
100
AcDbXrecord
280
     1
  1
AcDbDs::TreatedAsObjectDataSchema
  2
AcDbDs::TreatedAsObjectData
280
     1
 91
        0
  0
XRECORD
  5
2FB5
102
{ACAD_REACTORS
330
2FB1
102
}
330
2FB1
100
AcDbXrecord
280
     1
  1
AcDbDs::LegacySchema
  2
AcDbDs::Legacy
280
     1
 91
        0
  0
XRECORD
  5
2FB6
102
{ACAD_REACTORS
330
2FB1
102
}
330
2FB1
100
AcDbXrecord
280
     1
  1
AcDbDs::IndexedPropertySchema
  2
AcDs:Indexable
280
     1
 91
        0
  0
XRECORD
  5
2FB7
102
{ACAD_REACTORS
330
2FB1
102
}
330
2FB1
100
AcDbXrecord
280
     1
  1
AcDbDs::HandleAttributeSchema
  2
AcDbDs::HandleAttribute
280
     7
 91
        1
284
     1
  0
XRECORD
  5
2F6E
102
{ACAD_REACTORS
330
2F6D
102
}
330
2F6D
100
AcDbXrecord
280
     1
102
DISPLAYNAME
  1
Imperial24
102
FLAGS
 90
        0
  0
XRECORD
  5
2F70
102
{ACAD_REACTORS
330
2F6F
102
}
330
2F6F
100
AcDbXrecord
280
     1
310
2800000000010000800000000100080000000000008000000000000000000000000000000000000030282100FFFFFF00302821000000000000000000000000000000000000000000000000000000000000000000330000006600000099000000CC000000FF00000000330000333300006633000099330000CC330000FF3300
310
0000660000336600006666000099660000CC660000FF66000000990000339900006699000099990000CC990000FF99000000CC000033CC000066CC000099CC0000CCCC0000FFCC000000FF000033FF000066FF000099FF0000CCFF0000FFFF000000003300330033006600330099003300CC003300FF003300003333003333
310
33006633330099333300CC333300FF33330000663300336633006666330099663300CC663300FF66330000993300339933006699330099993300CC993300FF99330000CC330033CC330066CC330099CC3300CCCC3300FFCC330000FF330033FF330066FF330099FF3300CCFF3300FFFF330000006600330066006600660099
310
006600CC006600FF00660000336600333366006633660099336600CC336600FF33660000666600336666006666660099666600CC666600FF66660000996600339966006699660099996600CC996600FF99660000CC660033CC660066CC660099CC6600CCCC6600FFCC660000FF660033FF660066FF660099FF6600CCFF6600
310
FFFF660000009900330099006600990099009900CC009900FF00990000339900333399006633990099339900CC339900FF33990000669900336699006666990099669900CC669900FF66990000999900339999006699990099999900CC999900FF99990000CC990033CC990066CC990099CC9900CCCC9900FFCC990000FF99
310
0033FF990066FF990099FF9900CCFF9900FFFF99000000CC003300CC006600CC009900CC00CC00CC00FF00CC000033CC003333CC006633CC009933CC00CC33CC00FF33CC000066CC003366CC006666CC009966CC00CC66CC00FF66CC000099CC003399CC006699CC009999CC00CC99CC00FF99CC0000CCCC0033CCCC0066CC
310
CC0099CCCC00CCCCCC00FFCCCC0000FFCC0033FFCC0066FFCC0099FFCC00CCFFCC00FFFFCC000000FF003300FF006600FF009900FF00CC00FF00FF00FF000033FF003333FF006633FF009933FF00CC33FF00FF33FF000066FF003366FF006666FF009966FF00CC66FF00FF66FF000099FF003399FF006699FF009999FF00CC
310
99FF00FF99FF0000CCFF0033CCFF0066CCFF0099CCFF00CCCCFF00FFCCFF0000FFFF0033FFFF0066FFFF0099FFFF00CCFFFF00FFFFFF00000000000D0D0D001A1A1A00282828003535350043434300505050005D5D5D006B6B6B00787878008686860093939300A1A1A100AEAEAE00BBBBBB00C9C9C900D6D6D600E4E4E400
310
F1F1F100FFFFFF000000000000000000000000000000000000000000000000000000000000000000000000000000000000000000000000000000000000000000000000000000000000000000000000000000000000000000000000000000000000000000000000000000000000000000000000000000000000000000000000
310
00000000000000000000000000000000000000000000000000000000000000000000000000000000000000000000000000000000000000000000000000000000000000000000000000000000000000000000000000000000000000000000000000000000000000000000000000000000000000000000000000000000000000
310
00000000000000000000000000000000000000000000000000000000000000000000000000000000000000000000000000000000000000000000000000000000000000000000000000000000000000000000000000000000000000000000000000000000000000000000000000000000000000000000000000000000000000
310
00000000000000000000000000000000000000000000000000000000000000000000000000000000000000000000000000000000000000000000000000000000000000000000000000000000000000000000000000000000000000000000000000000000000000000000000000000000000000000000000000000000000000
310
00000000000000000000000000000000000000000000000000000000000000000000000000000000000000000000000000000000000000000000000000000000000000000000000000000000000000000000000000000000000000000000000000000000000000000000000000000000000000000000000000000000000000
310
00000000000000000000000000000000000000000000000000000000000000000000000000000000000000000000000000000000000000000000000000000000000000000000000000000000000000000000000000000000000000000000000000000000000000000000000000000000000000000000000000000000000000
310
00000000000000000000000000000000000000000000000000000000000000000000000000000000000000000000000000000000000000000000000000000000000000000000000000000000000000000000000000000000000000000000000000000000000000000000000000000000000000000000000000000000000000
310
00000000000000000000000000000000000000000000000000000000000000000000000000000000000000000000000000000000000000000000000000000000000000000000000000000000000000000000000000000000000000000000000000000000000000000000000000000000000000000000000000000000000000
310
00000000000000000000000000000000000000000000000000000000000000000000000000000000000000000000000000000000000000000000000000000000000000000000000000000000000000000000000000000000000000000000000000000000000000000000000000000000000000000000000000000000000000
310
00000000000000000000000000000000000000000000000000000000000000000000000000000000000000000000000000000000000000000000000000000000000000000000000000000000000000000000000000000000000000000000000000000000000000000000000000000000000000000000000000000000000000
310
00000000000000000000000000000000000000000000000000000000000000000000000000000000000000000000000000000000000000000000000000000000000000000000000000000000000000000000000000000000000000000000000000000000000000000000000000000000000000000000000000000000000000
310
00000000000000000000000000000000000000000000000000000000000000000000000000000000000000000000000000000000000000000000000000000000000000000000000000000000000000000000000000000000000000000000000000000000000000000000000000000000000000000000000000000000000000
310
00000000000000000000000000000000000000000000000000000000000000000000000000000000000000000000000000000000000000000000000000000000000000000000000000000000000000000000000000000000000000000000000000000000000000000000000000000000000000000000000000000000000000
310
00000000000000000000000000000000000000000000000000000000000000000000000000000000000000000000000000000000000000000000000000000000000000000000000000000000000000000000000000000000000000000000000000000000000000000000000000000000000000000000000000000000000000
310
00000000000000000000000000000000000000000000000000000000000000000000000000000000000000000000000000000000000000000000000000000000000000000000000000000000000000000000000000000000000000000000000000000000000000000000000000000000000000000000000000000000000000
310
00000000000000000000000000000000000000000000000000000000000000000000000000000000000000000000000000000000000000000000000000000000000000000000000000000000000000000000000000000000000000000000000000000000000000000000000000000000000000000000000000000000000000
310
00000000000000000000000000000000000000000000000000000000000000000000000000000000000000000000000000000000000000000000000000000000000000000000000000000000000000000000000000000000000000000000000000000000000000000000000000000000000000000000000000000000000000
310
00000000000000000000000000000000000000000000000000000000000000000000000000000000000000000000000000000000000000000000000000000000000000000000000000000000000000000000000000000000000000000000000000000000000000000000000000000000000000000000000000000000000000
310
00000000000000000000000000000000000000000000000000000000000000000000000000000000000000000000000000000000000000000000000000000000000000000000000000000000000000000000000000000000000000000000000000000000000000000000000000000000000000000000000000000000000000
310
00000000000000000000000000000000000000000000000000000000000000000000000000000000000000000000000000000000000000000000000000000000000000000000000000000000000000000000000000000000000000000000000000000000000000000000000000000000000000000000000000000000000000
310
00000000000000000000000000000000000000000000000000000000000000000000000000000000000000000000000000000000000000000000000000000000000000000000000000000000000000000000000000000000000000000000000000000000000000000000000000000000000000000000000000000000000000
310
00000000000000000000000000000000000000000000000000000000000000000000000000000000000000000000000000000000000000000000000000000000000000000000000000000000000000000000000000000000000000000000000000000000000000000000000000000000000000000000000000000000000000
310
00000000000000000000000000000000000000000000000000000000000000000000000000000000000000000000000000000000000000000000000000000000000000000000000000000000000000000000000000000000000000000000000000000000000000000000000000000000000000000000000000000000000000
310
00000000000000000000000000000000000000000000000000000000000000000000000000000000000000000000000000000000000000000000000000000000000000000000000000000000000000000000000000000000000000000000000000000000000000000000000000000000000000000000000000000000000000
310
00000000000000000000000000000000000000000000000000000000000000000000000000000000000000000000000000000000000000000000000000000000000000000000000000000000000000000000000000000000000000000000000000000000000000000000000000000000000000000000000000000000000000
310
00000000000000000000000000000000000000000000000000000000000000000000000000000000000000000000000000000000000000000000000000000000000000000000000000000000000000000000000000000000000000000000000000000000000000000000000000000000000000000000000000000000000000
310
00000000000000000000000000000000000000000000000000000000000000000000000000000000000000000000000000000000000000000000000000000000000000000000000000000000000000000000000000000000000000000000000000000000000000000000000000000000000000000000000000000000000000
310
00000000000000000000000000000000000000000000000000000000000000000000000000000000000000000000000000000000000000000000000000000000000000000000000000000000000000000000000000000000000000000000000000000000000000000000000000000000000000000000000000000000000000
310
00000000000000000000000000000000000000000000000000000000000000000000000000000000000000000000000000000000000000000000000000000000000000000000000000000000000000000000000000000000000000000000000000000000000000000000000000000000000000000000000000000000000000
310
00000000000000000000000000000000000000000000000000000000000000000000000000000000000000000000000000000000000000000000000000000000000000000000000000000000000000000000000000000000000000000000000000000000000000000000000000000000000000000000000000000000000000
310
00000000000000000000000000000000000000000000000000000000000000000000000000000000000000000000000000000000000000000000000000000000000000000000000000000000000000000000000000000000000000000000000000000000000000000000000000000000000000000000000000000000000000
310
00000000000000000000000000000000000000000000000000000000000000000000000000000000000000000000000000000000000000000000000000000000000000000000000000000000000000000000000000000000000000000000000000000000000000000000000000000000000000000000000000000000000000
310
00000000000000000000000000000000000000000000000000000000000000000000000000000000000000000000000000000000000000000000000000000000000000000000000000000000000000000000000000000000000000000000000000000000000000000000000000000000000000000000000000000000000000
310
00000000000000000000000000000000000000000000000000000000000000000000000000000000000000000000000000000000000000000000000000000000000000000000000000000000000000000000000000000000000000000000000000000000000000000000000000000000000000000000000000000000000000
310
00000000000000000000000000000000000000000000000000000000000000000000000000000000000000000000000000000000000000000000000000000000000000000000000000000000000000000000000000000000000000000000000000000000000000000000000000000000000000000000000000000000000000
310
00000000000000000000000000000000000000000000000000000000000000000000000000000000000000000000000000000000000000000000000000000000000000000000000000000000000000000000000000000000000000000000000000000000000000000000000000000000000000000000000000000000000000
310
00000000000000000000000000000000000000000000000000000000000000000000000000000000000000000000000000000000000000000000000000000000000000000000000000000000000000000000000000000000000000000000000000000000000000000000000000000000000000000000000000000000000000
310
00000000000000000000000000000000000000000000000000000000000000000000000000000000000000000000000000000000000000000000000000000000000000000000000000000000000000000000000000000000000000000000000000000000000000000000000000000000000000000000000000000000000000
310
0000000000000000000000000000000000000000000000000000000000000000000000000000000000000000000000000000000000000000000000000000000000000000000000000000000000000000000000000000E9E9E9E9E9E9E9E9E9E9E9E9E9E9E9E9E9E9E9E9E9E9E9E9E9E9E9E9E9E9E9E9E9E9E9E9E9E9E9E9E9
310
E9E9E9E9E9E9E9E9E9E9E9E9E9E9E9E9E9E9E9E9E9E9E9E9E9E9E9E9E9E9E9E9E9E9E9E9E9E9E9E9E9E9E9E9E9E9E9E9E9E9E9E9E9E9E9E9E9E9E9E9E9E9E9E9E9E9E9E9E9E9E9E9E9E9E9E9E9E9E9E9E9E9E9E9E9E9E9E9E9E9E9E9E9E9E9E9E9E9E9E9E9E9E9E9E9E9E9E9E9E9E9E9E9E9E9E9E9E9E9E9E9E9E9E9E9E9E9
310
E9E9E9E9E9E9E9E9E9E9E9E9E9E9E9E9E9E9E9E9E9E9E9E9E9E9E9E9E9E9E9E9E9E9E9E9E9E9E9E9E9E9E9E9E9E9E9E9E9E9E9E9E9E9E9E9E9E9E9E9E9E9E9E9E9E9E9E9E9E9E9E9E9E9E9E9E9E9E9E9E9E9E90000000000E9E9E9E9E9E9E9E9E9E9E9E9E9E9E9E9E9E9E9E9E9E9E9E9E9E9E9E9E9E9E9E9E9E9E9E9E9E9E9
310
E9E9E9E9E9E9E9E9E9E9E9E9E9E9E9E9E9E9E9E9E9E9E9E9E9E9E9E9E9E9E9E9E9E9E9E9E9E9E9E9E9E9E9E9E9E9E9E9E9E9E9E9E9E9E9E9E9E9E9E9E9E9E9E9E9E9E9E9E9E9E9E9E9E9E9E9E9E9E9E9E9E9E9E9E9E9E9E9E9E9E9E9E9E9E9E9E9E9E9E9E9E9E9E9E9E9E9E9E9E9E9E9E9E9E9E9E9E9E9E9E9E9E9E9E9E9E9
310
E9E9E9E9E9E9E9E9E9E9E9E9E9E9E9E9E9E9E9E9E9E9E9E9E9E9E9E9E9E9E9E9E9E9E9E9E9E9E9E9E9E9E9E9E9E9E9E9E9E9E9E9E9E9E9E9E9E9E9E9E9E9E9E9E9E9E9E9E9E9E9E9E9E9E9E9E9E9E9E9E9E9E9E9E90000000000E9E9E9E9E9E9E9E9E9E9E9E9E9E9E9E9E9E9E9E9E9E9E9E9E9E9E9E9E9E9E9E9E9E9E9E9E9
310
E9E9E9E9E9E9E9E9E9E9E9E9E9E9E9E9E9E9E9E9E9E9E9E9E9E9E9E9E9E9E9E9E9E9E9E9E9E9E9E9E9E9E9E9E9E9E9E9E9E9E9E9E9E9E9E9E9E9E9E9E9E9E9E9E9E9E9E9E9E9E9E9E9E9E9E9E9E9E9E9E9E9E9E9E9E9E9E9E9E9E9E9E9E9E9E9E9E9E9E9E9E9E9E9E9E9E9E9E9E9E9E9E9E9E9E9E9E9E9E9E9E9E9E9E9E9E9
310
E9E9E9E9E9E9E9E9E9E9E9E9E9E9E9E9E9E9E9E9E9E9E9E9E9E9E9E9E9E9E9E9E9E9E9E9E9E9E9E9E9E9E9E9E9E9E9E9E9E9E9E9E9E9E9E9E9E9E9E9E9E9E9E9E9E9E9E9E9E9E9E9E9E9E9E9E9E9E9E9E9E9E9E9E9E9E90000000000E9E9E9E9E9E9E9E9E9E9E9E9E9E9E9E9E9E9E9E9E9E9E9E9E9E9E9E9E9E9E9E9E9E9E9
310
E9E9E9E9E9E9E9E9E9E9E9E9E9E9E9E9E9E9E9E9E9E9E9E9E9E9E9E9E9E9E9E9E9E9E9E9E9E9E9E9E9E9E9E9E9E9E9E9E9E9E9E9E9E9E9E9E9E9E9E9E9E9E9E9E9E9E9E9E9E9E9E9E9E9E9E9E9E9E9E9E9E9E9E9E9E9E9E9E9E9E9E9E9E9E9E9E9E9E9E9E9E9E9E9E9E9E9E9E9E9E9E9E9E9E9E9E9E9E9E9E9E9E9E9E9E9E9
310
E9E9E9E9E9E9E9E9E9E9E9E9E9E9E9E9E9E9E9E9E9E9E9E9E9E9E9E9E9E9E9E9E9E9E9E9E9E9E9E9E9E9E9E9E9E9E9E9E9E9E9E9E9E9E9E9E9E9E9E9E9E9E9E9E9E9E9E9E9E9E9E9E9E9E9E9E9E9E9E9E9E9E9E9E9E9E9E9E90000000000000000000000000000000000000000000000000000000000000000000000000000
310
00000000000000000000000000000000000000000000000000000000000000000000000000000000000000000000000000000000000000000000000000000000000000000000000000000000000000000000000000000000000000000000000000000000000000000000000000000000000000000000000000000000000000
310
00000000000000000000000000000000000000000000000000000000000000000000000000000000000000000000000000000000000000000000000000000000000000000000000000000000000000000000000000000000E9E9E9000000000000000000000000000000000000000000000000000000000000000000000000
310
00000000000000000000000000000000000000000000000000000000000000000000000000000000000000000000000000000000000000000000000000000000000000000000000000000000000000000000000000000000000000000000000000000000000000000000000000000000000000000000000000000000000000
310
000000000000000000000000000000000000000000000000000000000000000000000000000000000000000000000000000000000000000000000000000000000000000000000000000000000000000000000000000000000000E9E9E900000000008B8B8B8B8B8B8B8B8B8B8B8B8B8B8B8B8B8B8B8B8B8B8B8B8B8B8B8B8B
310
8B8B8B8B8B8B8B8B8B8B8B8B8B8B8B8B8B8B8B8B8B8B8B8B8B8B8B8B8B8B8B8B8B8B8B8B8B8B8B8B8B8B8B8B8B8B8B8B8B8B8B8B8B8B8B8B8B8B8B8B8B8B8B8B8B8B8B8B8B8B8B8B8B8B8B8B8B8B8B8B8B8B8B8B8B8B8B8B8B8B8B8B8B8B8B8B8B8B8B8B8B8B8B8B8B8B8B8B8B8B8B8B8B8B8B8B8B8B8B8B8B8B8B8B8B8B8B
310
8B8B8B8B8B8B8B8B8B8B8B8B8B8B8B8B8B8B8B8B8B8B8B8B8B8B8B8B8B8B8B8B8B8B8B8B8B8B8B8B8B8B8B8B8B8B8B8B8B8B8B8B8B8B8B8B8B8B8B8B8B8B8B8B8B8B8B8B8B8B8B8B8B8B8B8B8B8B8B8B8B8B8B8B8B8B8B8B8B8B8B8BE9E9E900000000008B8B8B8B8B8B8B8B8B8B8B8B8B8B8B8B8B8B8B8B8B8B8B8B8B8B8B
310
8B8B8B8B8B8B8B8B8B8B8B8B8B8B8B8B8B8B8B8B8B8B8B8B8B8B8B8B8B8B8B8B8B8B8B8B8B8B8B8B8B8B8B8B8B8B8B8B8B8B8B8B8B8B8B8B8B8B8B8B8B8B8B8B8B8B8B8B8B8B8B8B8B8B8B8B8B8B8B8B8B8B8B8B8B8B8B8B8B8B8B8B8B8B8B8B8B8B8B8B8B8B8B8B8B8B8B8B8B8B8B8B8B8B8B8B8B8B8B8B8B8B8B8B8B8B8B
310
8B8B8B8B8B8B8B8B8B8B8B8B8B8B8B8B8B8B8B8B8B8B8B8B8B8B8B8B8B8B8B8B8B8B8B8B8B8B8B8B8B8B8B8B8B8B8B8B8B8B8B8B8B8B8B8B8B8B8B8B8B8B8B8B8B8B8B8B8B8B8B8B8B8B8B8B8B8B8B8B8B8B8B8B8B8B8B8B8B8B8B8B8B8BE9E9E9000000000000000000000000000000000000000000000000000000000000
310
00000000000000000000000000000000000000000000000000000000000000000000000000000000000000000000000000000000000000000000000000000000000000000000000000000000000000000000000000000000000000000000000000000000000000000000000000000000000000000000000000000000000000
310
000000000000000000000000000000000000000000000000000000000000000000000000000000000000000000000000000000000000000000000000000000000000000000000000000000000000000000000000000000000000000000000000E9E9E900000000000000000000000000000000000000000000000000000000
310
00000000000000000000000000000000000000000000000000000000000000000000000000000000000000000000000000000000000000000000000000000000000000000000000000000000000000000000000000000000000000000000000000000000000000000000000000000000000000000000000000000000000000
310
0000000000000000000000000000000000000000000000000000000000000000000000000000000000000000000000000000000000000000000000000000000000000000000000000000000000000000000000000000000000000000000000000000E9E9E90000000000000000000000000000000000000000000000000000
310
00000000000000000000000000000000000000000000000000000000000000000000000000000000000000000000000000000000000000000000000000000000000000000000000000000000000000000000000000000000000000000000000000000000000000000000000000000000000000000000000000000000000000
310
00000000000000000000000000000000000000000000000000000000000000000000000000000000000000000000000000000000000000000000000000000000000000000000000000000000000000000000000000000000000000000000000000000000E9E9E9000000000000000000000000000000000000000000000000
310
00000000000000000000000000000000000000000000000000000000000000000000000000000000000000000000000000000000000000000000000000000000000000000000000000000000000000000000000000000000000000000000000000000000000000000000000000000000000000000000000000000000000000
310
000000000000000000000000000000000000000000000000000000000000000000000000000000000000000000000000000000000000000000000000000000000000000000000000000000000000000000000000000000000000000000000000000000000000E9E9E9000000000000BEBEBEBE000000BEBEBE00BEBEBEBEBE
310
BE00BEBEBEBEBE000000000000000000000000000000000000000000000000000000000000000000000000000000000000000000000000000000000000000000000000000000000000000000000000000000000000000000000000000000000000000000000000000000000000000000000000000000000000000000000000
310
0000000000000000000000000000000000000000000000000000000000000000000000000000000000000000000000000000000000000000000000000000000000000000000000000000000000000000000000000000000000000000000000000000000000000000E9E9E9000000000000BE0000BE000000BEBE000000BEBE
310
0000BE0000BE0000BE00000000000000000000000000000000000000000000000000000000000000000000000000000000000000000000000000000000000000000000000000000000000000000000000000000000000000000000000000000000000000000000000000000000000000000000000000000000000000000000
310
00000000000000000000000000000000000000000000000000000000000000000000000000000000000000000000000000000000000000000000000000000000000000000000000000000000000000000000000000000000000000000000000000000000000000000000E9E9E9000000000000BE000000BE0000BEBE000000
310
BEBE00BEBE0000BE0000BEBE00000000000000000000000000000000000000000000000000000000000000000000000000000000000000000000000000000000000000000000000000000000000000000000000000000000000000000000000000000000000000000000000000000000000000000000000000000000000000
310
000000000000000000000000000000000000000000000000000000000000000000000000000000000000000000000000000000000000000000000000000000000000000000000000000000000000000000000000000000000000000000000000000000000000000000000000E9E9E90000000000BEBE000000000000BEBE00
310
0000BEBE00BE000000BE0000BEBE0000000000000000000000000000000000000000000000000000000000000000000000000000000000000000000000000000000000000000000000000000000000000000000000000000000000000000000000000000000000000000000000000000000000000000000000000000000000
310
0000000000000000000000000000000000000000000000000000000000000000000000000000000000000000000000000000000000000000000000000000000000000000000000000000000000000000000000000000000000000000000000000000000000000000000000000000E9E9E90000000000BEBE000000000000BE
310
BE000000BEBEBEBE000000BE0000BEBE000000000000000000000000000000000000000000000000000000000000000000000000000000000000000000000000000000000000000000000000000000000000000000000000000000000000000000000000000000000000000000000000000000000000000000000000000000
310
00000000000000000000000000000000000000000000000000000000000000000000000000000000000000000000000000000000000000000000000000000000000000000000000000000000000000000000000000000000000000000000000000000000000000000000000000000000E9E9E9000000000000BE000000BEBE
310
00BEBE00BE00BEBE00BEBE0000BE0000BEBE00000000000000000000000000000000000000000000000000000000000000000000000000000000000000000000000000000000000000000000000000000000000000000000000000000000000000000000000000000000000000000000000000000000000000000000000000
310
000000000000000000000000000000000000000000000000000000000000000000000000000000000000000000000000000000000000000000000000000000000000000000000000000000000000000000000000000000000000000000000000000000000000000000000000000000000000E9E9E9000000000000BEBE00BE
310
BEBEBEBEBE00BE00BEBE0000BE0000BE0000BE000000000000000000000000000000000000000000000000000000000000000000000000000000000000000000000000000000000000000000000000000000000000000000000000000000000000000000000000000000000000000000000000000000000000000000000000
310
0000000000000000000000000000000000000000000000000000000000000000000000000000000000000000000000000000000000000000000000000000000000000000000000000000000000000000000000000000000000000000000000000000000000000000000000000000000000000000E9E9E900000000000000BE
310
BE00BEBEBEBEBEBEBEBEBEBEBEBEBE00BEBEBEBE0000000000000000000000000000000000000000000000000000000000000000000000000000000000000000000000000000000000000000000000000000000000000000000000000000000000000000000000000000000000000000000000000000000000000000000000
310
00000000000000000000000000000000000000000000000000000000000000000000000000000000000000000000000000000000000000000000000000000000000000000000000000000000000000000000000000000000000000000000000000000000000000000000000000000000000000000000E9E9E9000000000000
310
00000000000000000000000000000000000000000000000000000000000000000000000000000000000000000000000000000000000000000000000000000000000000000000000000000000000000000000000000000000000000000000000000000000000000000000000000000000000000000000000000000000000000
310
000000000000000000000000000000000000000000000000000000000000000000000000000000000000000000000000000000000000000000000000000000000000000000000000000000000000000000000000000000000000000000000000000000000000000000000000000000000000000000000000E9E9E900000000
310
00000000000000000000000000000000000000000000000000000000000000000000000000000000000000000000000000000000000000000000000000000000000000000000000000000000000000000000000000000000000000000000000000000000000000000000000000000000000000000000000000000000000000
310
0000000000000000000000000000000000000000000000000000000000000000000000000000000000000000000000000000000000000000000000000000000000000000000000000000000000000000000000000000000000000000000000000000000000000000000000000000000000000000000000000000E9E9E90000
310
00000000000000000000000000000000000000000000000000000000000000000000000000000000000000000000000000000000000000000000000000000000000000000000000000000000000000000000000000000000000000000000000000000000000000000000000000000000000000000000000000000000000000
310
00000000000000000000000000000000000000000000000000000000000000000000000000000000000000000000000000000000000000000000000000000000000000000000000000000000000000000000000000000000000000000000000000000000000000000000000000000000000000000000000000000000E9E9E9
310
00000000008B8B8B8B8B8B8B8B8B8B8B8B8B8B8B8B8B8B8B8B8B8B8B8B8B8B8B8B8B8B8B8B8B8B8B8B8B8B8B8B8B8B8B8B8B8B8B8B8B8B8B8B8B8B8B8B8B8B8B8B8B8B8B8B8B8B8B8B8B8B8B8B8B8B8B8B8B8B8B8B8B8B8B8B8B8B8B8B8B8B8B8B8B8B8B8B8B8B8B8B8B8B8B8B8B8B8B8B8B8B8B8B8B8B8B8B8B8B8B8B8B8B
310
8B8B8B8B8B8B8B8B8B8B8B8B8B8B8B8B8B8B8B8B8B8B8B8B8B8B8B8B8B8B8B8B8B8B8B8B8B8B8B8B8B8B8B8B8B8B8B8B8B8B8B8B8B8B8B8B8B8B8B8B8B8B8B8B8B8B8B8B8B8B8B8B8B8B8B8B8B8B8B8B8B8B8B8B8B8B8B8B8B8B8B8B8B8B8B8B8B8B8B8B8B8B8B8B8B8B8B8B8B8B8B8B8B8B8B8B8B8B8B8B8B8B8B8B8B8BE9
310
E9E900000000008B8B8B8B8B8B8B8B8B8B8B8B8B8B8B8B8B8B8B8B8B8B8B8B8B8B8B8B8B8B8B8B8B8B8B8B8B8B8B8B8B8B8B8B8B8B8B8B8B8B8B8B8B8B8B8B8B8B8B8B8B8B8B8B8B8B8B8B8B8B8B8B8B8B8B8B8B8B8B8B8B8B8B8B8B8B8B8B8B8B8B8B8B8B8B8B8B8B8B8B8B8B8B8B8B8B8B8B8B8B8B8B8B8B8B8B8B8B8B8B
310
8B8B8B8B8B8B8B8B8B8B8B8B8B8B8B8B8B8B8B8B8B8B8B8B8B8B8B8B8B8B8B8B8B8B8B8B8B8B8B8B8B8B8B8B8B8B8B8B8B8B8B8B8B8B8B8B8B8B8B8B8B8B8B8B8B8B8B8B8B8B8B8B8B8B8B8B8B8B8B8B8B8B8B8B8B8B8B8B8B8B8B8B8B8B8B8B8B8B8B8B8B8B8B8B8B8B8B8B8B8B8B8B8B8B8B8B8B8B8B8B8B8B8B8B8B8B8B
310
8BE9E9E900000000008B8B8B8B8B8B8B8B8B8B8B8B8B8B8B8B8B8B8B8B8B8B8B8B8B8B8B8B8B8B8B8B8B8B8B8B8B8B8B8B8B8B8B8B8B8B8B8B8B8B8B8B8B8B8B8B8B8B8B8B8B8B8B8B8B8B8B8B8B8B8B8B8B8B8B8B8B8B8B8B8B8B8B8B8B8B8B8B8B8B8B8B8B8B8B8B8B8B8B8B8B8B8B8B8B8B8B8B8B8B8B8B8B8B8B8B8B8B
310
8B8B8B8B8B8B8B8B8B8B8B8B8B8B8B8B8B8B8B8B8B8B8B8B8B8B8B8B8B8B8B8B8B8B8B8B8B8B8B8B8B8B8B8B8B8B8B8B8B8B8B8B8B8B8B8B8B8B8B8B8B8B8B8B8B8B8B8B8B8B8B8B8B8B8B8B8B8B8B8B8B8B8B8B8B8B8B8B8B8B8B8B8B8B8B8B8B8B8B8B8B8B8B8B8B8B8B8B8B8B8B8B8B8B8B8B8B8B8B8B8B8B8B8B8B8B8B
310
8B8B8BE9E9E90000000000000000000000000000000000000000000000000000008B8B0000000000000000000000000000000000000000000000000000000000000000000000000000000000000000000000000000000000000000000000000000000000000000000000000000000000000000000000000000000000000000
310
00000000000000000000000000000000000000000000000000000000000000000000000000000000000000000000000000000000000000000000000000000000000000000000000000000000000000000000000000000000000000000000000000000000000000000000000000000000000000000000000000000000000000
310
0000000000E9E9E90000000000000000000000000000000000000000000000000000008B8B000000000000000000000000000000000000000000000000000000000000000000000000000000000000000000000000000000000000000000000000000000000000000000000000000000000000000000000000000000000000
310
00000000000000000000000000000000000000000000000000000000000000000000000000000000000000000000000000000000000000000000000000000000000000000000000000000000000000000000000000000000000000000000000000000000000000000000000000000000000000000000000000000000000000
310
00000000000000E9E9E900000000000F0F0F0F0F0F0F0F0F0F0F0F0F0F0F0F0F0F0F0F0F008B8B00000000000000000000000000000000000000000000000000000000000000000000000000000000000000000000000000000000000000000000000000000000000000000000000000000000000000000000000000000000
310
00000000000000000000000000000000000000000000000000000000000000000000000000000000000000000000000000000000000000000000000000000000000000000000000000000000000000000000000000000000000000000000000000000000000000000000000000000000000000000000000000000000000000
310
000000000000000000E9E9E900000000000F0F0F0F0F0F0F0F0F0F0F0F0F0F0F0F0F0F0F0F0F008B8B0000000000000000000000000000000000000000000000000000000000000000000000000000000000000000000000000000000000000000000000000000000000000000000000000000000000000000000000000000
310
00000000000000000000000000000000000000000000000000000000000000000000000000000000000000000000000000000000000000000000000000000000000000000000000000000000000000000000000000000000000000000000000000000000000000000000000000000000000000000000000000000000000000
310
0000000000000000000000E9E9E90000000000000000000000000000000000000000000000000F0F008B8B000000000000F50000000000000000000000000000000000000000000000000000000000000000000000000000000000000000000000000000000000000000000000000000000000000000000000000000000000
310
00000000000000000000000000000000000000000000000000F5000000000000000000000000000000000000000000000000000000000000000000F50000000000000000F500000000000000000000000000000000000000F5F50000000000F50000F500000000F50000F5F5F5F5F500F5F5F500F500F50000000000F5F5F5
310
F5F5F5F5F5F5F5F5F500000000E9E9E90000000000000000000000000000000000000000000000000F0F008B8B000000F5F5F5F50000F5F5F500F500000000000000F5F5F5F5F5F500F500000000F500F5F5F5F5F5F5F500F5000000F500F5F500F5F5F5F500F500000000F5F500F5F5F5F5000000F5F50000F500F500F500
310
F5000000F500F5F500F5F500F500F5F500F500F500F500F5F5F5F5F5F500000000F5F500F500F5F500F5F5F500F5F500000000F500F500F5000000F50000F50000F50000F500F50000F5F5F5F5F500000000000000000000000000F50000000000F5F5F5F500000000F5F5F5F500F500F500F500F500F5F5F5000000000000
310
0000F5000000F5000000F500000000E9E9E90000000000000000000000000000000000000000000000000F0F008B8B00000000F50000F50000F500F5F5F5000000000000F50000F5F5F5F5F5F5000000F5F5F500F5F500F5F5F5F5000000F500F5F500F5F5F5F500F500000000F5F5F5F5F5F5F5000000F5F5F5F5F5F5F5F5
310
F500F50000F5F5F5F5F5F5F5F5F5F5F5F5F5F5F5F5F5F5F500F5F5F5F500F5F50000F5F5F5F5F5F5F5F500F5F5F500F5F5000000F5F5F5F500F5000000F5F500F50000F500F5F5F500F50000F500F5F5F5000000000000000000000000F500F5F5F5F5F500F500F5F5F5F500F500F500F5F5F500F5F5F500F500F500F5F5F5
310
F500F5F5F50000F5F5F5F5F5F500000000E9E9E90000000000000000000000000000000000000000000000000F0F008B8B0000000000F500F50000F5F500F5F5F5F5F5000000F50000F5F5F5F5F5F500000000F5F5F5F5F5F5F500F500F5F5F5F5F50000F5F5F500F500F500000000F5F5F5F5F5F5F5000000F5F5F5F5F5F5
310
F5F5F5F5F50000F5F5F5F5F5F5F5F5F5F5F5F5F5F5F5F5F5F5F5F5F5F5F5F5F500F50000F5F5F5F5F5F5F5F5F5F5F5F5F5F500000000F5F5F5F5F5F50000F5F5F50000F500F500F500F500F50000F5F500F5F50000000000000000000000F5F5000000000000F5F5000000000000F5F50000F500F500F500F50000F5000000
310
000000F50000F5F50000F5F500000000000000E9E9E90000000000000000000000000000000000000000000000000F0F008B8B000000F5F5F50000F5F5F5F5F5F5F5000000000000F50000F5000000000000000000F5F5F5F5F5F5F500F500000000F500F5F500F5F500F5F5F500000000F5000000000000000000F5000000
310
000000000000000000000000000000000000000000000000000000F5F50000F5F500000000000000000000000000000000000000000000000000000000000000F5F5F50000F500F500F5F5F50000F5F5F5F5F5F5F5000000000000000000000000F5000000000000F50000000000000000F500F5F5F50000F5F5F50000F500
310
000000000000F5F50000F5F500F5F5F5F500000000E9E9E90000000000000000000000000000000000000000000000000F0F008B8B0000000000000000F50000000000000000000000000000000000000000000000000000000000000000000000000000000000000000000000000000000000000000000000000000000000
310
000000000000000000000000000000000000000000000000000000000000000000000000000000000000000000000000000000000000000000000000000000000000000000000000F500000000000000F500000000000000000000000000000000000000000000000000000000000000000000000000000000000000000000
310
0000000000000000000000000000000000000000000000E9E9E90000000000000000000000000000000000000000000000000F0F008B8B000000000000F50000000000000000000000000000000000000000000000000000000000000000000000000000000000000000000000000000000000000000000000000000000000
310
00000000000000000000000000000000000000000000000000000000000000000000000000F50000000000000000000000000000000000000000000000000000000000000000000000000000000000F50000000000000000000000000000000000000000000000000000000000000000000000000000000000000000000000
310
00000000000000000000000000000000000000000000000000E9E9E90000000000000000000000000000000000000000000000000F0F008B8B00000000F50000F500F5F5F5F5F500000000000000F5F5F5F5F5F5F5F5F50000F50000F5F5F5F5F5F5F500F5000000F5F5F5F5F5F500F5F5F5F5F5000000F5F5F5F5F5F5F500
310
0000F5F5F5F5F5F5F5F5F5F5000000F5F5F5F5F5F5F5F5F5F5F5F5F5F5F5F5F5F5F5F5F5F5F5F500F5000000F5F5F5F5F500F5F500F5F5F500F5F5000000F5F5F5F5F5000000F5F5F5F5F5F5F5F5F5F5F5F5F5F5F5F5F5F5F50000000000000000000000000000000000000000000000000000000000000000000000000000
310
000000000000000000000000000000000000000000000000000000E9E9E90000000000191919191919191919191919191919000000000F0F008B8B00000000F50000F50000F50000F5F5F5F5F5000000F50000F5F5F5F5F5F50000F5F5F5F5F5F5F5F5F5F5F5F5F5F5F5F5F500F5F5F5F5F5F500F500000000F5F5F500F5F5
310
F5000000F500F5F5F5F5F5F5F5F5000000F5F5F5F5F5F500F5F5F5F5F5F5F5F5F5F5F5F5F500F5F5F500F5F50000F500F5F5F5F5F5F500F5F5F500F500000000F500F5F5F500000000F5F5F5F5F5F5F5F5F5F5F500F500F50000F5F50000000000000000000000000000000000000000000000000000000000000000000000
310
0000000000000000000000000000000000000000000000000000000000E9E9E90000000000000000000000000000000000000019000000000F0F008B8B000000F5F5000000F5F500F500F500000000000000F50000F5F5F500F5F5000000F5F5F500F5F500F500F500000000F5F500F5F5F5F500F5F5F5F5000000F5F5F5F5
310
F5F5F5000000F5F500F5F500F5F5F5F5000000F5F5F5F5F500F5F5F5F500F5F5F5F5F5F5F5F5F500F5F5F5F500F5000000F5F5F5F500F5F5F500F5F5F5F500000000F5F500F5F5000000F5F5F5F500F5F500F5F5F5F5F5F5F5F5F500F500000000000000000000000000000000000000000000000000000000000000000000
310
00000000000000000000000000000000000000000000000000000000000000E9E9E900000000000000F5000000000000000000000019000000000F0F008B8B00000000F5000000F5F5F500F5F500000000000000F500F5F50000000000000000F500F5F5F5F5F5F500F500000000F500F5F5F5F50000F5F5F500000000F500
310
0000000000000000F5000000000000000000000000000000000000000000000000000000000000F5000000F5F50000000000000000000000000000000000000000000000000000000000000000F5F5F5F500F5F5F50000000000F5F500F5F50000000000000000000000000000000000000000000000000000000000000000
310
000000000000000000000000000000000000000000000000000000000000000000E9E9E90000000000000000F50000000000000000000019000000000F0F008B8B0000000000000000000000000000000000000000000000000000000000000000000000000000000000000000000000000000000000000000000000000000
310
00000000000000000000000000000000000000000000000000000000000000000000000000000000000000000000000000000000000000000000000000000000000000000000000000000000000000000000000000000000000000000000000000000000000000000000000000000000000000000000000000000000000000
310
0000000000000000000000000000000000000000000000000000000000000000000000E9E9E90000000000F5F500F5000000F500F5F5F5000019000000000F0F008B8B000000000000F50000000000000000000000000000000000000000000000000000000000000000000000000000000000000000000000000000000000
310
00000000000000000000000000000000000000000000000000000000000000000000000000000000000000000000000000000000000000000000000000000000000000000000000000000000000000000000000000000000000000000000000000000000000000000000000000000000000000000000000000000000000000
310
00000000000000000000000000000000000000000000000000000000000000000000000000E9E9E90000000000F5F50000F50000F5000000F5000019000000000F0F008B8B000000F5F5F500F500F5F5F5F5F5F5000000000000F50000F5F500F5F5F5F5F500F5F5000000F5F5F5F5F5F5F500F5000000F5F5F5F5F5F5F500
310
0000F5F5F5F5F5F5F5F5F5F5000000F5F5F5F5F5F5F5F5F5F5F5F5F5F5F500000000000000000000000000000000000000000000000000000000000000000000000000000000000000000000000000000000000000000000000000000000000000000000000000000000000000000000000000000000000000000000000000
310
000000000000000000000000000000000000000000000000000000000000000000000000000000E9E9E9000000000000F50000F500F5F50000F500000019000000000F0F008B8B00000000F5F500F50000F50000F500F5F5F5000000F5F500F5F500F5F500F5F5F5F5F5000000F5F500F5F5F5F5F5F5000000F5F5F500F5F5
310
F5000000F500F5F5F5F5F5F5F5F5000000F500F5F500F5F5F5F5F5F5F5F500000000000000000000000000000000000000000000000000000000000000000000000000000000000000000000000000000000000000000000000000000000000000000000000000000000000000000000000000000000000000000000000000
310
0000000000000000000000000000000000000000000000000000000000000000000000000000000000E9E9E90000000000F5F5000000F500F500F5F5F5000019000000000F0F008B8B000000F500F50000F5F500F5F5F5F5000000000000F50000F5F5F5F5F500F5F5F5F5F5000000F5F500F5F5F500F5F5000000F5F5F5F5
310
F5F5F5000000F5F500F5F500F5F5F5F500000000F5F5F5F5F5F5F500F5F5F5F50000000000000000000000000000000000000000000000000000000000000000000000000000000000000000000000000000000000000000000000000000000000000000000000000000000000000000000000000000000000000000000000
310
00000000000000000000000000000000000000000000000000000000000000000000000000000000000000E9E9E90000000000000000000000000000000000000019000000000F0F008B8B00000000F5F50000F5F5F5F5F5F500000000000000F5F5F5000000F500000000000000000000F500F5F5F5F50000F5000000F500
310
0000000000000000F50000000000000000000000000000000000F500F500000000F5000000000000000000000000000000000000000000000000000000000000000000000000000000000000000000000000000000000000000000000000000000000000000000000000000000000000000000000000000000000000000000
310
000000000000000000000000000000000000000000000000000000000000000000000000000000000000000000E9E9E90000000000000000000000000000000000000019000000000F0F008B8B0000000000000000000000000000000000000000000000000000000000000000000000000000000000000000000000000000
310
00000000000000000000000000000000000000000000000000000000000000000000000000000000000000000000000000000000000000000000000000000000000000000000000000000000000000000000000000000000000000000000000000000000000000000000000000000000000000000000000000000000000000
310
0000000000000000000000000000000000000000000000000000000000000000000000000000000000000000000000E9E9E90000000000000000000000000000000000000019000000000F0F008B8B000000000000F50000000000000000000000000000000000000000000000000000000000000000000000000000000000
310
0000000000000000000000F5000000000000000000000000000000000000000000000000F5000000000000000000000000000000000000000000000000000000000000000000000000000000000000000000000000000000000000000000000000000000000000000000000000000000000000000000000000000000000000
310
00000000000000000000000000000000000000000000000000000000000000000000000000000000000000000000000000E9E9E90000000000191919191919191919191919191919000000000F0F008B8B00000000F50000F500F5F5F5F5F5F5000000000000F5F5F5F5F5F5F5F5000000F500F5F5F5F5F5F5000000F5F500
310
F5F5F5F5F5F5F5000000F5F5F5F5F5F5F5F5F5F5F5F5F5F5F5F5F5000000F5F5F5F5F5F50000F5F5F5F5F5F5F5000000F500F5F5F5F5F5F500000000F5F5F5F5F500F5F500F5F5F500F5F500000000000000000000000000000000000000000000000000000000000000000000000000000000000000000000000000000000
310
000000000000000000000000000000000000000000000000000000000000000000000000000000000000000000000000000000E9E9E90000000000000000000000000000000000000000000000000F0F008B8B00000000F50000F50000F50000F500F5F5F50000000000F5F500F500F5000000F500F5F5F5F5F5F5000000F5
310
F5F5F5F5F5F5F5F5F5000000F500F5F5F5F500F5F500F5F5F5F5F5F5F5000000F500F5F5F5F50000F500F5F5F5F5F5000000F500F5F5F5F5F5F5F5000000F5F500F5F500F5F500F5F5F500F5000000000000000000000000000000000000000000000000000000000000000000000000000000000000000000000000000000
310
0000000000000000000000000000000000000000000000000000000000000000000000000000000000000000000000000000000000E9E9E90000000000000000000000000000000000000000000000000F0F008B8B00000000F5000000F5F500F5F500F5000000000000F5F5F5F500F500F5000000F5F5F5F5F500F5F50000
310
00F5F500F5F5F5F500F5F5000000F500F5F5F500F5F5F5F5F5F500F5F5F5F500000000F5F5F5F5000000F5F5F5F5F500F5F50000F5F5F5F5F5F5F500F50000F5F5F5F500F5F5F5F5F5F5F5F5F5F500000000000000000000000000000000000000000000000000000000000000000000000000000000000000000000000000
310
00000000000000000000000000000000000000000000000000000000000000000000000000000000000000000000000000000000000000E9E9E90000000000191919191919191919191919191919000000000F0F008B8B00000000F5000000F5F5F5F5F5F500000000000000F5F5F5F500F5F5F5000000F500000000000000
310
000000F500000000000000000000000000000000000000F5000000F500000000F5000000000000000000000000000000000000000000000000000000000000000000F5000000000000000000000000F50000000000000000000000000000000000000000000000000000000000000000000000000000000000000000000000
310
000000000000000000000000000000000000000000000000000000000000000000000000000000000000000000000000000000000000000000E9E9E90000000000000000000000000000000000000019000000000F0F008B8B000000000000F500000000000000000000000000000000000000000000000000000000000000
310
0000000000000000000000000000000000000000000000F5000000000000000000000000000000000000000000000000000000000000000000F50000000000F5000000000000000000000000000000000000000000000000000000000000000000000000000000000000000000000000000000000000000000000000000000
310
0000000000000000000000000000000000000000000000000000000000000000000000000000000000000000000000000000000000000000000000E9E9E90000000000000000000000000000000000000019000000000F0F008B8B00000000F500F5000000F500F5F50000000000000000F5F5F5F5000000F5F5F5F5000000
310
F500F5F500000000F5F500F5F5F5F5F5000000F5F5F5F5F5F500F500000000F5F5F5F500F5F500F5F5F500F5F500F5F5F5F5000000F5F5F500F5F5F5000000F500F5000000F500F5F500F500000000000000000000000000000000000000000000000000000000000000000000000000000000000000000000000000000000
310
00000000000000000000000000000000000000000000000000000000000000000000000000000000000000000000000000000000000000000000000000E9E9E900000000000000F5000000000000000000000019000000000F0F008B8B00000000F50000F50000F500F500F5F5F5F500000000F5F500F5000000F500F50000
310
0000F500F500F5000000F5F5F5F5F5F5F5F5000000F5F500F5F5F500F5F50000F500F5F5F5F5F5F500F5F5F500F500F500F5F5F500000000F500F500F500F50000F50000F50000F500F5F5F5000000000000000000000000000000000000000000000000000000000000000000000000000000000000000000000000000000
310
000000000000000000000000000000000000000000000000000000000000000000000000000000000000000000000000000000000000000000000000000000E9E9E90000000000F5F500F50000F5F5F5F5F5F5000019000000000F0F008B8B00000000F50000F50000F500F5F5F500000000000000F5F5F5F500000000F5F5
310
F5000000F500F5F5F5000000F5F5F5F5F5F5F5F50000F5F5F500F5F5F5F500F50000F5F5F5F5F500F5F5F5F5F5F5F5F500F5F5F5F5F500000000F5F5F500F500F50000F50000F50000F500F5F50000000000000000000000000000000000000000000000000000000000000000000000000000000000000000000000000000
310
0000000000000000000000000000000000000000000000000000000000000000000000000000000000000000000000000000000000000000000000000000000000E9E9E9000000000000F500F50000F500F5F500F5000019000000000F0F008B8B00000000F5000000F5F5F500F5F500000000000000F5F5F5F5F500000000
310
F5F5000000F5F5F5F5F5F50000000000000000000000000000F5F50000F5F50000000000000000000000000000000000000000000000000000000000F5F5F5F5F50000F5F5F5000000F5F5F500F5F5000000000000000000000000000000000000000000000000000000000000000000000000000000000000000000000000
310
00000000000000000000000000000000000000000000000000000000000000000000000000000000000000000000000000000000000000000000000000000000000000E9E9E90000000000F5F50000F500F500F5F500F5000019000000000F0F008B8B0000000000000000F500000000000000000000000000000000000000
310
000000000000000000000000000000000000000000000000000000000000000000000000000000000000000000000000000000000000000000000000000000000000000000F50000000000F5000000000000000000000000000000000000000000000000000000000000000000000000000000000000000000000000000000
310
000000000000000000000000000000000000000000000000000000000000000000000000000000000000000000000000000000000000000000000000000000000000000000E9E9E90000000000F5F50000F500F5F500F5F500000019000000000F0F008B8B000000000000F500000000000000000000000000000000000000
310
0000000000000000000000000000000000000000000000000000000000000000000000000000000000000000F5F50000000000000000000000000000000000000000000000000000F500F5000000000000000000000000000000000000F500000000F500000000000000000000000000000000000000000000000000000000
310
0000000000000000000000000000000000000000000000000000000000000000000000000000000000000000000000000000000000000000000000000000000000000000000000E9E9E900000000000000000000F5000000000000000019000000000F0F008B8B0000000000F5F5000000F500F5F50000000000000000F5F5
310
F5F5000000F5F5F5F5000000F500F5F500000000F5F500F5F5F5F5F5000000F5F5F5F500F5F500F5F500F5F5F500F500F5F5F500F5000000F5F5F5F500F5F5F500F5000000F5F500F5F5F5F500F5000000F5F500F5F5000000F5F5F500F500F50000F5F500F5000000F500F5F5F5F500000000000000000000000000000000
310
00000000000000000000000000000000000000000000000000000000000000000000000000000000000000000000000000000000000000000000000000000000000000000000000000E9E9E90000000000000000000000000000000000000019000000000F0F008B8B000000F5F5F500F50000F500F500F5F5F5F500000000
310
F5F500F5000000F5F5F500000000F500F500F5000000F5F5F5F5F5F5F5F5000000F5F5F500F5F5F500F5F500F5F50000F5F5F5F5F500F5000000F5F5F500F5F5F5F5F500000000F5F5F500F500F500F5000000F500F5F5F500000000F5F500F50000F500F5F5F5F5000000F5F500F500000000000000000000000000000000
310
000000000000000000000000000000000000000000000000000000000000000000000000000000000000000000000000000000000000000000000000000000000000000000000000000000E9E9E90000000000000000000000000000000000000019000000000F0F008B8B00000000F5F500F500F5F50000F5F50000000000
310
0000F5F5F5F500000000F5F5F5000000F500F5F500000000F5F5F5F5F5F5F5F5000000F5F5F5F5F5F5F5F5F5F5F5F5F50000F500F5F5F5F5F5000000F5F5F5F5F5F5F5F5F5F5000000F5F5F5F5F5F5F500F5000000F5F5F5F5F5000000F500F50000F500F500F500F500F500F5F500F5F50000000000000000000000000000
310
0000000000000000000000000000000000000000000000000000000000000000000000000000000000000000000000000000000000000000000000000000000000000000000000000000000000E9E9E90000000000191919191919191919191919191919000000000F0F008B8B0000000000F50000F500F500F5F5F5000000
310
000000F5F5F5F5F500000000F5F5000000F5F5F5F5F5F50000000000000000000000000000000000000000000000000000000000F500000000000000000000000000000000F50000000000F5000000000000F5F50000000000000000000000F5F5F5F5F5F50000F5F5F5F500F500F5F500F5F5000000000000000000000000
310
00000000000000000000000000000000000000000000000000000000000000000000000000000000000000000000000000000000000000000000000000000000000000000000000000000000000000E9E9E90000000000000000000000000000000000000000000000000F0F008B8B0000000000000000F500000000000000
310
00000000000000000000000000000000000000000000000000000000000000000000000000000000000000000000000000000000000000F500000000000000000000000000000000000000000000000000000000F50000000000000000000000000000000000000000F50000000000F5000000000000000000000000000000
310
000000000000000000000000000000000000000000000000000000000000000000000000000000000000000000000000000000000000000000000000000000000000000000000000000000000000000000E9E9E90000000000000000000000000000000000000000000000000F0F008B8B000000000000F500000000000000
310
00000000000000000000000000000000000000000000000000000000000000000000000000000000000000000000000000000000000000000000000000000000000000000000000000000000000000000000000000000000000000000000000000000000000000000000000000000000000000000000000000000000000000
310
0000000000000000000000000000000000000000000000000000000000000000000000000000000000000000000000000000000000000000000000000000000000000000000000000000000000000000000000E9E9E90000000000191919191919191919191919191919000000000F0F008B8B000000F5F5F5F5000000F500
310
F5F5F5000000000000F50000F5F500F5F5F5F5F500F5F500000000F5F5F5F5000000F5F5F5F5000000F500F5F5000000F5F5F5F5F5F5F5F5F5F5F5F5F5F5F500000000000000000000000000000000000000000000000000000000000000000000000000000000000000000000000000000000000000000000000000000000
310
00000000000000000000000000000000000000000000000000000000000000000000000000000000000000000000000000000000000000000000000000000000000000000000000000000000000000000000000000E9E9E90000000000000000000000000000000000000019000000000F0F008B8B000000F500F500F50000
310
F500F500F5F5F5F5000000F50000F5F500F5F500F5F5F5F5F500000000F5F500F5000000F5F5F500000000F500F5F5000000F500F5F500F5F5F5F5F5F5F5F500000000000000000000000000000000000000000000000000000000000000000000000000000000000000000000000000000000000000000000000000000000
310
000000000000000000000000000000000000000000000000000000000000000000000000000000000000000000000000000000000000000000000000000000000000000000000000000000000000000000000000000000E9E9E90000000000000000000000000000000000000019000000000F0F008B8B00000000F5F500F5
310
00F5F50000F5F5000000000000F5F500F5F5F5F5F500F5F5F5F5F500000000F5F5F5F5000000F5F5F5F5000000F500F5F5000000F5F5F5F5F5F5F5F5F5F5F5F5F50000000000000000000000000000000000000000000000000000000000000000000000000000000000000000000000000000000000000000000000000000
310
0000000000000000000000000000000000000000000000000000000000000000000000000000000000000000000000000000000000000000000000000000000000000000000000000000000000000000000000000000000000E9E9E900000000000000F5000000000000000000000019000000000F0F008B8B000000F5F5F5
310
0000F500F500F5F5F5000000000000F5F5F5000000F500000000000000000000F5F5F5F5F5000000F5F500000000F5F5F5F5F50000000000000000F500F500000000F5000000000000000000000000000000000000000000000000000000000000000000000000000000000000000000000000000000000000000000000000
310
00000000000000000000000000000000000000000000000000000000000000000000000000000000000000000000000000000000000000000000000000000000000000000000000000000000000000000000000000000000000000E9E9E90000000000F5F500F50000F5F5F5F5F5F5000019000000000F0F008B8B00000000
310
00000000F50000000000000000000000000000000000000000000000000000000000000000000000000000000000000000000000000000000000000000000000000000000000000000000000000000000000000000000000000000000000000000000000000000000000000000000000000000000000000000000000000000
310
000000000000000000000000000000000000000000000000000000000000000000000000000000000000000000000000000000000000000000000000000000000000000000000000000000000000000000000000000000000000000000E9E9E9000000000000F500F50000F500F5F500F5000019000000000F0F008B8B0000
310
00000000F5000000000000000000000000000000000000000000000000000000000000000000000000000000000000000000000000000000000000000000000000000000000000000000000000000000000000000000000000000000000000000000000000000000F50000000000F500000000000000000000000000000000
310
0000000000000000000000000000000000000000000000000000000000000000000000000000000000000000000000000000000000000000000000000000000000000000000000000000000000000000000000000000000000000000000000E9E9E90000000000F5F50000F500F500F5F500F5000019000000000F0F008B8B
310
000000F5F5F5F5000000F500F5F500000000000000F50000F5F500F5F5F5F500F5F5F500000000F500F5F5000000F5F500F500F5F5F500F5F50000F500000000F5F500F5F5F5F500000000F5F5F5F5F500F500F5F5F500F5F5000000F5F500F5F5000000F5F5F5F5F5F5F50000F5F500F5000000F500F5F5F5F50000000000
310
00000000000000000000000000000000000000000000000000000000000000000000000000000000000000000000000000000000000000000000000000000000000000000000000000000000000000000000000000000000000000000000000000E9E9E90000000000F5F50000F500F5F500F5F5F5000019000000000F0F00
310
8B8B00000000F50000F50000F500F500F5F5F5F5000000F50000F5F5F5F5F5F5F5F5F5F5F500000000F5F500F5000000F5F5F5F500F5F5F5F5F5F50000F500000000F5F5F500F5F5F5000000F500F5F5F5F500F500F5F5F500F500000000F500F5F5F500000000F50000F50000F500F500F500F50000F500F5F50000000000
310
000000000000000000000000000000000000000000000000000000000000000000000000000000000000000000000000000000000000000000000000000000000000000000000000000000000000000000000000000000000000000000000000000000E9E9E900000000000000000000F5000000000000000019000000000F
310
0F008B8B000000F500F500F50000F50000F5F5000000000000F5F500F5F5F5F5F5F5F5F5F5F5F5F50000F5F5F5F5F5000000F5F500F5F5F5F5F5F5F5F50000F5000000F5F5F5F5F5F5F5F5000000F5F5F5F5F5F5F5F5F5F5F5F5F5F500000000F5F5F5F5F5000000F500F5F5F5F500F50000F5F500F50000F50000F5000000
310
0000000000000000000000000000000000000000000000000000000000000000000000000000000000000000000000000000000000000000000000000000000000000000000000000000000000000000000000000000000000000000000000000000000000E9E9E90000000000000000000000000000000000000019000000
310
000F0F008B8B000000F5F5F50000F5F5F500F5F5F5000000000000F5F5F5000000000000F50000000000000000F5000000000000F5F5F5F5F5F5F5F500F5F500F5F500000000000000000000000000000000000000000000000000000000000000000000000000000000F5F5F5F5F5F50000F5F5F5F50000F5F5F500F5F500
310
00000000000000000000000000000000000000000000000000000000000000000000000000000000000000000000000000000000000000000000000000000000000000000000000000000000000000000000000000000000000000000000000000000000000000E9E9E9000000000000000000000000000000000000001900
310
0000000F0F008B8B0000000000000000F5000000000000000000000000000000000000000000000000000000000000000000000000000000000000000000000000000000000000000000000000000000000000000000000000000000000000000000000000000000000000000000000000000000F50000000000F500000000
310
000000000000000000000000000000000000000000000000000000000000000000000000000000000000000000000000000000000000000000000000000000000000000000000000000000000000000000000000000000000000000000000000000000000000000000E9E9E900000000001919191919191919191919191919
310
19000000000F0F008B8B000000000000F5000000000000000000000000000000000000000000000000000000000000000000000000000000000000000000000000000000000000000000000000000000000000000000000000000000000000000000000000000000000000000000000000000000F50000000000F500000000
310
0000000000000000000000000000000000000000000000000000000000000000000000000000000000000000000000000000000000000000000000000000000000000000000000000000000000000000000000000000000000000000000000000000000000000000000000E9E9E90000000000000000000000000000000000
310
000000000000000F0F008B8B00000000F500F5000000F500F5F500000000000000F50000F5F500F5F5F5F500F5F5F500000000F500F5F5000000F5F500F500F5F5F500F5F5F5F5F500000000F5F500F5F5F5F500000000F5F5F5F5F500F500F5F5F500F5F5000000F5F500F5F5000000F5F5F500F500F50000F5F500F50000
310
00F500F5F5F5F5000000000000000000000000000000000000000000000000000000000000000000000000000000000000000000000000000000000000000000000000000000000000000000000000000000000000000000000000000000000000000000000000000000000000E9E9E9000000000000000000000000000000
310
0000000000000000000F0F008B8B00000000F50000F50000F500F500F5F5F5F5000000F50000F5F5F5F5F5F5F5F5F5F5F500000000F5F500F5000000F5F5F5F500F5F5F5F5F5F500F50000000000F5F5F500F5F5F5000000F500F5F5F5F500F500F5F5F500F500000000F500F5F5F500000000F500F5F5F500F500F500F500
310
F50000F50000F50000000000000000000000000000000000000000000000000000000000000000000000000000000000000000000000000000000000000000000000000000000000000000000000000000000000000000000000000000000000000000000000000000000000000000E9E9E900000000000000000000000000
310
00000000000000000000000F0F008B8B00000000F50000F500F5F50000F5F5000000000000F5F500F5F5F5F5F5F5F5F5F5F5F5F50000F5F5F5F5F5000000F5F500F5F5F5F5F5F5F5F500F5F5000000F5F5F5F5F5F5F5F5000000F5F5F5F5F5F5F5F5F5F5F5F5F5F500000000F5F5F5F5F5000000F500F500F50000F500F5F5
310
F500F500F5F500F5F50000000000000000000000000000000000000000000000000000000000000000000000000000000000000000000000000000000000000000000000000000000000000000000000000000000000000000000000000000000000000000000000000000000000000000E9E9E90000000000000000000000
310
000000000000000000000000000F0F008B8B00000000F5000000F500F500F5F5F5000000000000F5F5F5000000000000F50000000000000000F5000000000000F5F5F5F5F5F5F5F500F5F500F5F50000000000000000000000000000000000000000000000000000000000000000000000000000000000F5F500F5000000F5
310
F5F5F50000F5F5F500F5F50000000000000000000000000000000000000000000000000000000000000000000000000000000000000000000000000000000000000000000000000000000000000000000000000000000000000000000000000000000000000000000000000000000000000000E9E9E9000000000000000000
310
0000000000000000000000000000000F0F008B8B0000000000000000F50000000000000000000000000000000000000000000000000000000000000000000000000000000000000000000000000000000000000000000000000000000000000000000000000000000000000000000000000000000000000000000000000000
310
00F50000000000F500000000000000000000000000000000000000000000000000000000000000000000000000000000000000000000000000000000000000000000000000000000000000000000000000000000000000000000000000000000000000000000000000000000000000000000000000E9E9E900000000000000
310
00000000000000000000000000000000000F0F008B8B000000000000000000000000000000000000000000000000000000000000000000000000000000000000000000000000000000000000000000000000000000000000000000000000000000000000000000000000000000000000000000000000000000000000000000
310
0000000000000000000000000000000000000000000000000000000000000000000000000000000000000000000000000000000000000000000000000000000000000000000000000000000000000000000000000000000000000000000000000000000000000000000000000000000000000000000000E9E9E90000000000
310
000000000000000000000000000000000000000F0F008B8B00000000000000000000000000000000000000000000000000000000000000000000000000000000000000000000000000000000000000000000000000000000000000000000000000000000000000000000000000000000000000000000000000000000000000
310
00000000000000000000000000000000000000000000000000000000000000000000000000000000000000000000000000000000000000000000000000000000000000000000000000000000000000000000000000000000000000000000000000000000000000000000000000000000000000000000000000E9E9E9000000
310
0000F5F5F5F5F500000000000000000000000000000F0F008B8B0000F5F5F5F5F5F5F5F5F5F5F5F5F5F5F5F5F5F5F5F5F5F5F5F5F5F5F5F50000000000000000000000000000000000000000000000000000000000000000000000000000000000000000000000000000000000000000000000000000000000000000000000
310
000000000000000000000000000000000000000000000000000000000000000000000000000000000000000000000000000000000000000000000000000000000000000000000000000000000000000000000000000000000000000000000000000000000000000000000000000000000000000000000000000000E9E9E900
310
00000000F5F5F5F5F5000F0F0F0F0F0F0F0F0F0F0F0F0F0F0F008B8B000000F5F5F500F5F500F5F5F5F500F5F500F5F5F500F5F5F5F5F5F5F5F5F50000000000000000000000000000000000000000000000000000000000000000000000000000000000000000000000000000000000000000000000000000000000000000
310
0000000000000000000000000000000000000000000000000000000000000000000000000000000000000000000000000000000000000000000000000000000000000000000000000000000000000000000000000000000000000000000000000000000000000000000000000000000000000000000000000000000000E9E9
310
E90000000000F500F5F5F5000F0F0F0F0F0F0F0F0F0F0F0F0F0F0F008B8B00000000F5F5F500F5F500F5F5F5F5F5F50000F5F5F500F5F500F500F5F5F5000000000000000000000000000000000000000000000000000000000000000000000000000000000000000000000000000000000000000000000000000000000000
310
00000000000000000000000000000000000000000000000000000000000000000000000000000000000000000000000000000000000000000000000000000000000000000000000000000000000000000000000000000000000000000000000000000000000000000000000000000000000000000000000000000000000000
310
E9E9E90000000000F50000000000000000000000000000000000000000008B8B000000F5F5F500F5F5F500F5F5F5F500F500F5F5F5F5F5F5F5F5F5F5F5000000000000000000000000000000000000000000000000000000000000000000000000000000000000000000000000000000000000000000000000000000000000
310
00000000000000000000000000000000000000000000000000000000000000000000000000000000000000000000000000000000000000000000000000000000000000000000000000000000000000000000000000000000000000000000000000000000000000000000000000000000000000000000000000000000000000
310
0000E9E9E90000000000F50000000000000000000000000000000000000000008B8B000000000000000000000000000000000000000000000000000000000000000000000000000000000000000000000000000000000000000000000000000000000000000000000000000000000000000000000000000000000000000000
310
00000000000000000000000000000000000000000000000000000000000000000000000000000000000000000000000000000000000000000000000000000000000000000000000000000000000000000000000000000000000000000000000000000000000000000000000000000000000000000000000000000000000000
310
00000000E9E9E90000000000000000000000000000000000000000000000000000008B8B00000000000000000000000000000000000000000000000000000000000000000000000000000000000000000000000000000000000000000000000000000000000000000000000000000000000000000000000000000000000000
310
00000000000000000000000000000000000000000000000000000000000000000000000000000000000000000000000000000000000000000000000000000000000000000000000000000000000000000000000000000000000000000000000000000000000000000000000000000000000000000000000000000000000000
310
000000000000E9E9E900000000008B8B8B8B8B8B8B8B8B8B8B8B8B8B8B8B8B8B8B8B8B8B8B8B8B8B8B8B8B8B8B8B8B8B8B8B8B8B8B8B8B8B8B8B8B8B8B8B8B8B8B8B8B8B8B8B8B8B8B8B8B8B8B8B8B8B8B8B8B8B8B8B8B8B8B8B8B8B8B8B8B8B8B8B8B8B8B8B8B8B8B8B8B8B8B8B8B8B8B8B8B8B8B8B8B8B8B8B8B8B8B8B8B
310
8B8B8B8B8B8B8B8B8B8B8B8B8B8B8B8B8B8B8B8B8B8B8B8B8B8B8B8B8B8B8B8B8B8B8B8B8B8B8B8B8B8B8B8B8B8B8B8B8B8B8B8B8B8B8B8B8B8B8B8B8B8B8B8B8B8B8B8B8B8B8B8B8B8B8B8B8B8B8B8B8B8B8B8B8B8B8B8B8B8B8B8B8B8B8B8B8B8B8B8B8B8B8B8B8B8B8B8B8B8B8B8B8B8B8B8B8B8B8B8B8B8B8B8B8B8B8B
310
8B8B8B8B8B8B8B8BE9E9E900000000008B8B8B8B8B8B8B8B8B8B8B8B8B8B8B8B8B8B8B8B8B8B8B8B8B8B8B8B8B8B8B8B8B8B8B8B8B8B8B8B8B8B8B8B8B8B8B8B8B8B8B8B8B8B8B8B8B8B8B8B8B8B8B8B8B8B8B8B8B8B8B8B8B8B8B8B8B8B8B8B8B8B8B8B8B8B8B8B8B8B8B8B8B8B8B8B8B8B8B8B8B8B8B8B8B8B8B8B8B8B8B
310
8B8B8B8B8B8B8B8B8B8B8B8B8B8B8B8B8B8B8B8B8B8B8B8B8B8B8B8B8B8B8B8B8B8B8B8B8B8B8B8B8B8B8B8B8B8B8B8B8B8B8B8B8B8B8B8B8B8B8B8B8B8B8B8B8B8B8B8B8B8B8B8B8B8B8B8B8B8B8B8B8B8B8B8B8B8B8B8B8B8B8B8B8B8B8B8B8B8B8B8B8B8B8B8B8B8B8B8B8B8B8B8B8B8B8B8B8B8B8B8B8B8B8B8B8B8B8B
310
8B8B8B8B8B8B8B8B8B8BE9E9E9000000000000000000000000000000000000000000000000000000000000000000000000000000000000000000000000000000000000000000000000000000000000000000000000000000000000000000000000000000000000000000000000000000000000000000000000000000000000
310
00000000000000000000000000000000000000000000000000000000000000000000000000000000000000000000000000000000000000000000000000000000000000000000000000000000000000000000000000000000000000000000000000000000000000000000000000000000000000000000000000000000000000
310
000000000000000000000000E9E9E900000000000000000000000000000000000000000000000000000000000000000000000000000000000000000000000000000000000000000000000000000000000000000000000000000000000000000000000000000000000000000000000000000000000000000000000000000000
310
00000000000000000000000000000000000000000000000000000000000000000000000000000000000000000000000000000000000000000000000000000000000000000000000000000000000000000000000000000000000000000000000000000000000000000000000000000000000000000000000000000000000000
310
0000000000000000000000000000E9E9E90000000000000000000000000000000000000000000000000000000000000000000000000000000000000000000000000000000000000000000000000000000000000000000000000000000000000000000000000000000000000000000000000000000000000000000000000000
310
00000000000000000000000000000000000000000000000000000000000000000000000000000000000000000000000000000000000000000000000000000000000000000000000000000000000000000000000000000000000000000000000000000000000000000000000000000000000000000000000000000000000000
310
00000000000000000000000000000000E9E9E9000000000000000000000000000000000000000000000000000000000000000000000000000000000000000000000000000000000000000000000000000000000000000000000000000000000000000000000000000000000000000000000000000000000000000000000000
310
00000000000000000000000000000000000000000000000000000000000000000000000000000000000000000000000000000000000000000000000000000000000000000000000000000000000000000000000000000000000000000000000000000000000000000000000000000000000000000000000000000000000000
310
000000000000000000000000000000000000E9E9E900000000000000000000000000000000000000000000000000000000000000000000000000000000000000000000000000000000000000000000000000000000000000000000000000000000000000000000000000000000000000000000000000000000000000000000
310
00000000000000000000000000000000000000000000000000000000000000000000000000000000000000000000000000000000000000000000000000000000000000000000000000000000000000000000000000000000000000000000000000000000000000000000000000000000000000000000000000000000000000
310
0000000000000000000000000000000000000000E9E9E90000000000000000000000000000000000000000000000000000000000000000000000000000000000000000000000000000000000000000000000000000000000000000000000000000000000000000000000000000000000000000000000000000000000000000
310
00000000000000000000000000000000000000000000000000000000000000000000000000000000000000000000000000000000000000000000000000000000000000000000000000000000000000000000000000000000000000000000000000000000000000000000000000000000000000000000000000000000000000
310
00000000000000000000000000000000000000000000E9E9E9000000000000000000000000000000000000000000000000000000000000000000000000000000000000000000000000000000000000000000000000000000000000000000000000000000000000000000000000000000000000000000000000000000000000
310
00000000000000000000000000000000000000000000000000000000000000000000000000000000000000000000000000000000000000000000000000000000000000000000000000000000000000000000000000000000000000000000000000000000000000000000000000000000000000000000000000000000000000
310
000000000000000000000000000000000000000000000000E9E9E900000000000000000000000000000000000000000000000000000000000000000000000000000000000000000000000000000000000000000000000000000000000000000000000000000000000000000000000000000000000000000000000000000000
310
00000000000000000000000000000000000000000000000000000000000000000000000000000000000000000000000000000000000000000000000000000000000000000000000000000000000000000000000000000000000000000000000000000000000000000000000000000000000000000000000000000000000000
310
0000000000000000000000000000000000000000000000000000E9E9E90000000000000000000000000000000000000000000000000000000000000000000000000000000000000000000000000000000000000000000000000000000000000000000000000000000000000000000000000000000000000000000000000000
310
00000000000000000000000000000000000000000000000000000000000000000000000000000000000000000000000000000000000000000000000000000000000000000000000000000000000000000000000000000000000000000000000000000000000000000000000000000000000000000000000000000000000000
310
00000000000000000000000000000000000000000000000000000000E9E9E9000000000000000000000000000000000000000000000000000000000000000000000000000000000000000000000000000000000000000000000000000000000000000000000000000000000000000000000000000000000000000000000000
310
00000000000000000000000000000000000000000000000000000000000000000000000000000000000000000000000000000000000000000000000000000000000000000000000000000000000000000000000000000000000000000000000000000000000000000000000000000000000000000000000000000000000000
310
000000000000000000000000000000000000000000000000000000000000E9E9E900000000000000000000000000000000000000000000000000000000000000000000000000000000000000000000000000000000000000000000000000000000000000000000000000000000000000000000000000000000000000000000
310
00000000000000000000000000000000000000000000000000000000000000000000000000000000000000000000000000000000000000000000000000000000000000000000000000000000000000000000000000000000000000000000000000000000000000000000000000000000000000000000000000000000000000
310
0000000000000000000000000000000000000000000000000000000000000000E9E9E90000000000000000000000000000000000000000000000000000000000000000000000000000000000000000000000000000000000000000000000000000000000000000000000000000000000000000000000000000000000000000
310
00000000000000000000000000000000000000000000000000000000000000000000000000000000000000000000000000000000000000000000000000000000000000000000000000000000000000000000000000000000000000000000000000000000000000000000000000000000000000000000000000000000000000
310
00000000000000000000000000000000000000000000000000000000000000000000E9E9E9000000000000000000000000000000000000000000000000000000000000000000000000000000000000000000000000000000000000000000000000000000000000000000000000000000000000000000000000000000000000
310
00000000000000000000000000000000000000000000000000000000000000000000000000000000000000000000000000000000000000000000000000000000000000000000000000000000000000000000000000000000000000000000000000000000000000000000000000000000000000000000000000000000000000
310
000000000000000000000000000000000000000000000000000000000000000000000000E9E9E900000000000000000000000000000000000000000000000000000000000000000000000000000000000000000000000000000000000000000000000000000000000000000000000000000000000000000000000000000000
310
00000000000000000000000000000000000000000000000000000000000000000000000000000000000000000000000000000000000000000000000000000000000000000000000000000000000000000000000000000000000000000000000000000000000000000000000000000000000000000000000000000000000000
310
0000000000000000000000000000000000000000000000000000000000000000000000000000E9E9E90000000000000000000000000000000000000000000000000000000000000000000000000000000000000000000000000000000000000000000000000000000000000000000000000000000000000000000000000000
310
00000000000000000000000000000000000000000000000000000000000000000000000000000000000000000000000000000000000000000000000000000000000000000000000000000000000000000000000000000000000000000000000000000000000000000000000000000000000000000000000000000000000000
310
00000000000000000000000000000000000000000000000000000000000000000000000000000000E9E9E9000000000000000000000000000000000000000000000000000000000000000000000000000000000000000000000000000000000000000000000000000000000000000000000000000000000000000000000000
310
00000000000000000000000000000000000000000000000000000000000000000000000000000000000000000000000000000000000000000000000000000000000000000000000000000000000000000000000000000000000000000000000000000000000000000000000000000000000000000000000000000000000000
310
000000000000000000000000000000000000000000000000000000000000000000000000000000000000E9E9E90000000000
  0
XRECORD
  5
2F72
102
{ACAD_REACTORS
330
2F71
102
}
330
2F71
100
AcDbXrecord
280
     1
102
MATERIAL
148
0.0
149
0.0
149
0.0
 93
        0
 94
      127
282
     0
 72
     0
 77
     0
171
     0
175
     0
179
     0
273
     0
  0
XRECORD
  5
2F74
102
{ACAD_REACTORS
330
2F73
102
}
330
2F73
100
AcDbXrecord
280
     1
102
MATERIAL
148
0.0
149
0.0
149
0.0
 93
        0
 94
      127
282
     0
 72
     0
 77
     0
171
     0
175
     0
179
     0
273
     0
  0
XRECORD
  5
2F75
102
{ACAD_REACTORS
330
2386
102
}
330
2386
100
AcDbXrecord
280
     1
102
MATERIAL
148
0.0
149
0.0
149
0.0
 93
        0
 94
      127
282
     0
 72
     0
 77
     0
171
     0
175
     0
179
     0
273
     0
  0
XRECORD
  5
2431
102
{ACAD_REACTORS
330
2386
102
}
330
2386
100
AcDbXrecord
280
     1
 70
     1
 90
1959938040
 71
     1
  1
1F8DD290-8F66-4E29-94A9-5F40CB4F497B
311
504B0304140006080800075B215586DD1B3C12010000A80100004F00000043423941333745372D383630332D343233342D394345342D3542453543453643373132302F4173736574446174612F446566696E6974696F6E4974657261746F7250726F706572746965732E62696E7550C14AC430108D1E94153C081EBC081E3C
311
1A9BB669D208E2A669EAC98B7E80646BDC2D64DB65D3E2758F7E8E7FA893B5C2A238F066266F26338F7947087D8E0629DA036CC01F43BCB7AD5D37F553BDB04B830E02E3BA997197906996504614C7A9560C5359705CC44260910B49732D4B48F6A1EF1050DA5733B83E8C7C687C6D9D33ADED067F02C4B8E362697AD865DC
311
75F8344128840D00FD147C9834FF561444BE01CCCBEAE6CE786FFBDB481542A65C739C3392629AA4140BA529CE0A9D29CD148F13123D5ADF0DEBDAFA28AEF2B24C04C179C540BF4E403A9502671525AAA01515BC88FAC5104E731A64CC5AD3B88844A384E7553B07FA8FEDDE72B7388587047C1C9D6FE9B3C9D536FEE77ECF
311
F902504B0304140006080800075B2155B1DC1E41EB000000300200004500000043423941333745372D383630332D343233342D394345342D3542453543453643373132302F4173736574446174612F496E7374616E636550726F706572746965732E62696EEB606060F80F0540260323103700495E20ED9E9A975A94991C9C
311
9C919A9BA802143074B3707131B234D0B5703333D3357135B2D4B53471B4D4357533317076327133B1347762476804693136347171353205AA313131D635313332D475727372D13534373670367376B67474B5042A03DBCBA019D37FE8ABC6157B20CD04146B0062181F4C03F940F0C11EA29A8141C08141002C0426541C10
311
6CAC2CA046088033B02A030AC2157C6006F21A8018AAF50194E6010A610250382264E08660284CD9E98021862280A91564B406929A0FF62C401E28B6F88038B83CB1243943D7A928312F25350524432B0000504B0304140006080800075B215588E57597CD3F0000904100006B00000043423941333745372D383630332D34
311
3233342D394345342D3542453543453643373132302F5265736F75726365732F31463844443239302D384636362D344532392D393441392D3546343043423446343937422F7468756D626E61696C2F302F67656E657269635F706E67355B773CD4FF1FBF73E71C0E67EF7576C9DEF3EC995D46C6A1EC5046649CBDF79E1929
311
42562825CE965D8A868C2842C8DE9FDFD1F7E7F138F7078FCF6B3F5FCFD7EBFDFEC41B196891913091804020321D6D7513FC77D8C5070EC3FFEE51B21F068154CC75D455CC028A3EA68992803810109FDDE5D5CEC5521B28A1B422BF80741695D5B529DA1C2D058AD2388BDA9F476F7C2CADC939304173DBF48A452BF8A700
311
C0C70C3D121C1AA15A5270C22E2B9E28763651F7DA0D12CE11077B2ECD0D560B5E3DE2368B1E65C5E1C87384A4CC5F2D9FB8BE39E9B77C753783A37998F5CEF1B4FEE553463245C9712270880DF339E0B882A6BA713D865F6F384C842D440934EF264F4A304F8DE4EEFA1E2BF5E2D91F5ADD9613D6E31DDB33ED31DB1D7916
311
CAF091286EA3D31B9CFECB78BB0060245B943C4C040119FF780A74DD308BA9D028678674EB5504ECF284EE814DAED07440BAF649BE4B55DA2890F4D73E2D489A59EE54FDB0A85B59F2F52C4858A02705C4815A792B0C4A996A2023ECB195073E115E3E3647F64243A8338F2000BCB58DA5692C7E7C3D413F963FEDF3CF00FB
311
B0F831A9D51360FECA43819F527B89FA260EB63C5DA676830AA3626A3693B23F1A17A0DFFCE3EE164E31B5365EDF0C89EF64D8E38AB0BA9A1117D7C3A0EC44F44F4023095E80BA610DE336D0F99593A88BFC5306E72DF98F7FD132ED95878DF2964EA7E43071359FD83B2BDF9C6B5BDF768F0F3C0FC351199526F53D9460A3
311
4511F75D1B63E488178569472C91A94497807A3FD4A390C6558F26D416365C3656DE6E769DA9D8FC73774E1709812842DD8EF96AED1960F79D21B395CDDFE6F92CB4EB962A4668C76990E2EF29798C8941D67DA50F4A5F947872460F1F6FDB794E8A29FD7AC0C0D6E0714339CE258FB17AE8535221E3464A10F29A0BE5EEEC
311
EFC5675926A89F49EB14E5711894F6586DB5754EB4D5DA9C6437EBA57DB97A24F8B8A8DB295FFD73266CF57E82694DF5166DDF93573AFE9C9C5EB05F8FEF8E89E0A8917B0B3724DB7BEBB53252581EFC3E38166BA131A3A5B42FE2AD00A769BBFA4458D2DE7822F8C4F63D0B8E21B285AE13325F3410A435C648C9D91FDEB1
311
09E73CEDA7BC796961AF79175E1A3CE4C5E8B0D009B0C9E29EFD98BC8E97554E3D8D838424E270F7685226E5AC268E021EDE3522D583E8F20C0BDE2959EF5BBFEEDAB32FE9A3ED0E39F211A86AA9DEBFC68182EDED132AB8BB794442D2D7EA9F4D8BFF52BC4D55BB165124EE90A42D101E67BBBB292FFB4F66DE5BF2300E44
311
546757DA7CEF8932BFC9F92A0707953491A55C5A5ACEDABD9FA1AEA01BAC3DC5A24E22E7C47213493996EFBC369D086ED9397C9BA6C7F9855C7BD5E15BFC8C53DB3D2A4C5901A57ACD2FBDF4D1676E95338B2C2BCE65FDA4C64F5FEFDC7D9CA5AA1FCF11E193F2FDABF0F4916BF13FB916A224380E6462A9815F2300DC49CC
311
4DF8D055CEF76462F4B7A7ACA7365C2707891370BC1D0AA6203C44CCAB47084FEC057F27FFCD57F89B8B9852459798A675C66BD7CE572CAF71FF7E6D7ECF7BF62CAB7B3F1107DCD04DC55A3F9961700286141C94A4F771FEB2BCDA2DDEE0CB0BAE402FF1DB0100F8E475DFFFC074DDB4498AB7D186A7654DDB1CB680D703D4
311
7CEB4E72F8CB13D86A4AA68116E26387B93FD6738779B34FEDB8E517EDF2BAF28D9BE93A1D3A164320E07D42E514725C29515FF361754213EDE06B079A2E99EB1CA82A02019EADEEB87B9AF005BD04BBCECB14AACD6B24EFBE482194A97DD32400685FF1FEF1544D1B14EFB1E7F08E6D2CD2AF52DE757F35F5E62332EE88EA
311
26417AD5C3E0E319D68F25414E6D672BD4522B278C57D18F0113921C71D96527E091F00CEB15AE23D24667369BD3CEFA10C7549D930890BA4366F4EBC55F01F746109F98ABCDD5A3EE06619C6AD78AB33E48E4C9BD21BF7478B385EC05C4F8987E2C1BFA0A60EBEDAA0AE0B015C2720ECE180FB6F2DEFBEB822D96338C9B63
311
822183BBF52FB664A7AE57003AABCE512BF77E7E31BDA2E739AC4C131657DDFE5225E900FB56CC01CDE808FA4A9C9DA16AC679656BB64796283D89812B8F91136AE18EE5EBBAF47A73BE3C153EB5D4CD491B4BFB4FE690A4CF9ABA08C0D8AA64220C438C96EA6CA80B58FE5761E697B3A292EB9FBDA502FA863E49FE694ADD
311
FFF9D62C520BDD1A22014147A0903A05B9B729F54272EF83931FEEC057BFF8C8055C279EAC5C0011804828734024F6CFA319C9CC6867C727184465CD9BB7ED386AFFD96B294A85E3802FAE47244602D8273615952B98C4F23F7EAE4463D9D638EEE374A20959E0FE519C4CFB0FBFE5DD80C2AA3F9DB961D1BDE57E67C9BB47
311
B77FDD74EE3094F5DBBE3EBC1FBDB7393F5116263009E2EFE1AF9A221B2AE234C902BF70E9F280ED23E73908361565964333A3F01D0B006AF32FB21AA1316744B489D5A198E85299241735BE559675130955C902A8ED761FC0DBE337A9F91919AF5CE32AF902ADF9AB2615E00E8A94586BA1A90839B61832FF1BFB76D2EFAD
311
E6DB1BA04CCAD3DA649E7E2A0219F592E22F2AD54847EEA8E42271011E9074F8F3DD9FBA6CDF88FFC9FC7E811AD1CA8F4557CE4AFC7BBEDCF0114A48689F20A584520C74DA8127124B767E2FB91A6B186246727BE63C9445BAE02088D58B8EFDC0F1072407CD9B89A13F6303B4A928F593AD489B58E6869325790ADC406036
311
C591729FE14021F94B7796BB11848D463536A092A26F077F94639F7CEEE2A724C66EC885F4A24F8B8A0AC321F8FD149BA529460FAA34E4663C02D41FDF80BCA222D42F0ABFF8490F4FA74C673807C2051D8E467B47B616072860069A9A303ABA9B319D58404461401B0A0F9BE5E1E151C14BC33B32ABE03DDE91708DFAEB15
311
E7C0D593C86BB7D7EC17BE56E57975F077BFD5525F3A1A361D584A75E08CF29FC7B44B2B3085014F3A5A14517377C3F6B8F37E59514C3B12F8AACDEDDA4DFC49BE5710101534CD6FB6DE15B50F11A09472AABA727F0C49D9CB906B158030065F48EB3625E010CEC1D511D0053474B11E6A4F01C0D6EF1BED3A944FDEC70E0D
311
DCDC756C86545910E0DAE3BE3AA9A404574C2995CD5CAF9549226BC94B4F4F0F5F9086F418F6B32346464610D8BC7391D3C3A3CCF04CFC1FB2A3A3170E369511868F14EEA4E5E438CC73DB1F3248AA94B6B2FF33B222FF3D1E7BF146CAD229770158063BCE4F5391964DF62F7E52A7BE0EEA829C9E13C4C147D6F93FE59E11
311
1DAB5E4594D6F3CD1AD375EE039930EFE5AF2BB2D41C83C7DABD8C659BAFBE8FAB392CA634F3D15C1D945DB4588D2B0824A4EC928AAC565557CA2F0DAA588CA5BE30B3A8004F7BF005E96CBF891D7F18112A3619FDF530DC8AA64954258E1811789B5189B49B4EB53F5F89F7D37523894F3EB57B373763C91E502F52CC99EB
311
7BDDF933FC324C4FFC2561DFFA7339FAFDD0A4BFBE6D3A8FF9ED1FC49898139864602458968913181918F719CCF5A68B2EE9C1FF050E34E63107003B8120FA982C21B30A874E4F5E4B38D5A8290C4B8D9BE48A0BE31EA995BDC37AC6DE90BA17D259DEF53605D55922FEB1855D915B659FBEB350EE0DFB2F9F766E1C84CC89
311
64B75D08667445EAB966015F63A18A9E0A325C1B3DC628C0D3CB60F767FA93CC65F25458BD23C3B312716E5F40E5858AC06EBA9AB14F95DB99147B832069201541D09A0D856E12C629CF32683760EE855537D1901988D5EBC156676C7DD51D7207CF3267AF1D76C2AD867315E44618015313A98B19941C696FED3461CAA9B5
311
415F918556D7802EDACEFD6B2E45853A9735DFC9DBF7E440F9319F8B6805A973BCCDC76C069A9144E51F187EDCC12FC31B5DEAAF0A76137199B106EC84ADA6B6EE697D4E6A96E007417F4E880E8B1E89B4BCE9D81EF611E2ED8F0C1A6C25F620FAFAAB656A7C42D464880E8AFAB0E0FC8EA38CA9A8AEEAEE3E4648BA468027
311
0A89743CDD3E6C6CBF34B7B640EFA285ABC7EA0A1E28F3CC963D114A80123EE66D0AF7D5380EB41909B605AB4765B709B808590458157E69BA1378FEC4B48CAF6A730E3BE3C5EF2DD1A5EAF94B1DDE50CEB55DDFD7EE9A16747FA4B223359FB1FCC69E1194892BABB93A1D5C4E807AC0EA2E30180811E77A2291F6E7F7FAA5
311
E0F60215BC6024E48DE436C511F0628B8CA189982D4D83CCA17D305A7E923C37941CFDFDCD93ACAF735EF5F0E61BBD3E6C41A59B242790D3A3BAC7064DCD89AA2E37214EC839820949D5CAA31E240D2948E48F690298974A96BA9A8432BC90F5071D6537C9666EA4564796B7AFFFA548077BEEA75F63083435074BA182F369
311
9557397F71548383FDA8CA34D99B981E72835ECDA5DDDC151315173D05A21F651AAF8524E88209E2E7A737ED1045800CE3390050BCFB8BE588DF111617874C62575039CA588EEFDEFEFE319B739DE2EDC147092A262611E159650E787917885EF08F1F51B8F2D8A71D60B58B190FEF9541A1BE94BC19FEA50784DA1419FE4B
311
0FB51B8D36B5FF8E1286FD8AF42B91E59A5F1CC4D60174E764045FD8C57B18209B217F89A62252BD20BE0E63E12B8E8F029FE19E0E8D0870F58721A557082250D5424F7909369376E41666C0EE77CD87CB283F661D5FB6D0DA023CB67320A20DC7BE661E9E1BFE5463085C557DA1FF9BE835733766C3D139F2CF9E2208873A
311
D0EB4814DE9E6BF2CAF81614D4D43906ED1C05A3265CABBFE192770FC2F64F940CB6B17B5F166F133C9AEEAD2641807C3E69515171DD74C4A85311513D6EC9530B3B601B6BA3EBFF3B5C3D2F7D69765141E345F75433953D013ADDF8F6AA7DC3F4A7563FE5C7D367937E2900D7EAD0F9FC9A4A1A9B5BDF1FEF08532660C01C
311
5D6DE22199AA774383E306DAB87E301ABB7D213887F9869D4942D0D71E94B27EDF216A318BD488D45DF84529EF575AF3C3938C0AAA0215B01994153E2054A0B894DA5C784980633AAD48576957CF4AEAEAFADC7C587368551C73DBE1E57C58AC713303A8BFC258BD04B51724459FF9E24C03A81E0E0679CEB9B348C0DC998F
311
EB9C6D6EFA77D247CC8F92D3848599ED89A23218D0636465AD1CEEB7DC140D7426F83491C4E8E8281C2FB35240918FFECE880CA2A42D70E8B20B34DF5221C7DB0CF90ECCB9C745B37A47E9B716FF7A97B7A252C1F3814DC7B1E1A7F72B8751D524EF7CAE45B0C73B3BE7D08ED39781B380DDFC9AA4A4749C9493DB5BAD07A6
311
EA6C092FBD0E85DB004DF06B8C9D3089C5320187E4CE1846158C7EA7DDAE8AD9AFFF21AA3A1026BB06A259845E8232DEE62811A4DA9CEAB3A4887320B76E2AE5615EAB7BDF738CBDD01F1E64064BC13D9EC53576751CA8CACD58B3CEB0E6CA585BD089B2A59B9FC101403387AADBDBE70586B93D64BF3AD4453EF9C3B6A938
311
17E8346991798601344F79A83C51F3D50F7BF2683A3605F51A72449489E0EE6169C749C60B1035651103AEE24D24E51A759C840DD3FC6504DA6FE107510E447B43461C79D22970B75DE5E1BD3007D1AFC619A4A4A69B5626AF5E9B8374E20677F77E2F8E73DF868E8BEC7EBA7B6A75EEF7205E1AB9486CB642741D6E03FF13
311
FCCEDB1C4AC129886268B01CDF4B124AF797CF784F3C6DEC97A17D4B558070A0F1C04DA4FF9BDBF34159AEFE958479824B3F58EBD1E19088A2AFDE501B6F2052368A3FD0E650A179EFAB1561E1D27527077136E652676C3670F42DCB3352F48F6BC86D2C3B0051727E41A0A4DC6CE2BE9D47F5CAA2935A3C0539AF08066599
311
7194ABECD723B08129CC5B6B21D2E7D54CD4D12610E7E9FB8306771A89576C7A982002775ED44F3F744CF21EEBB27A631671D921938AAEE3EB0D19CD1E083727F607823E817BF599DCED5394E37EEBC2E88782E638920CA641EF74D4CDFCDEF06F4278ECB18E31E7E9876F2D783C8BF429C75395F57E98C2B495A3DA077EB3
311
AC3C158608B6B57FE3EA48484D9A480096FCEE0DE880950E7E5A5714131C5C41AAA29FD19AE81AC145FA1B9E85C7169A5AB837B213493DF7E9AA4B5FBF9CDEB36EBD21EF1181B7CF7366AB2A951D01E37AF4EB835D1BE8C117CFBE7625D2EBCDB0B20C5A4B45CED0BCDE3EE8DA9DA78C2E21DEAAFFD1197E463C33CC6A80FB
311
785669B856EFF7A8CCCA2841B5A5369173320B1170C368B2748D81062EA0296E5E2D95D7667A4A46D98A6FF475C76AAB0A8C8D45E226FAFC9FE0133EA9F60111F99CA81ACE03A1D14C89E8B0D69079C91464FA1D99E651D0EAF606F345C42A8A1AA9BA391031582B96D5B4176A77AADB01F12FD298A75DEEBB2C82F0B8650E
311
880722F8DDD90C56A7A058E5FDEF1AC93545BA27367C76F5D8F9690CB6F8DAE141EDD7971F0FB548A2AE435F224D6E5954CA155512F7332029D5A1230854B79F258EC5FFDB09F5F6343A8EB193229B7F7E79B3E48F8E183860B38C8269D1B53738FF1E0BACF6AADA6D4869E9DE708E79B5DADCC09B1BC76F649731CFAF59A8
311
3FD8BAE4C749D66FA87A3810D4D62FFE826FA400C0F325D2BC0F3CA35F5847B82A2ACC7961745C823E4D863D54460AF792CE6F79B5C7A33B25C3AEA6CDE15A919B6367D781E9D44F61BF828672594A3E1D9EDD6DF179A81F27EAC05B936575D73E05C209DDD2115CFB705DF9BBF3C911589B3640735E9E618FC9C36A7326C8
311
2B2205E244C55D56FDB9D5DC93CE958D4BF8174D2B3DA54CB3C09F2C2A6DFF73D23B2197355761AD421EC581284A7EF8DE2CE3497C0C804D49B41DFD6A7360844E5BEFFB495CFCDB97A4595911CDBA623274CE852B5E278AF0BEB1770E9D37CD977B2766A7DED0E94B840E1E95E8C77DE5CB6354AF7871427C28ADBEEF7BA0
311
A28E19DE9ACD75F379FE373EAE6DDDAE3834692F9C2B03B4FCA8FCA9ABE8EEEBEBB725B88A7C90941E850682CA04061A7DF0CE82ED49BFAFFD42C309818FAE14755CAAE78B0F73243ECCCAD7DF58FCB9CDFAE7A4D3E6671A613639130D056C8383C8F4FCF4808C331E544DD26E4755D09EA05253B3049A1E32587CC25D72E0
311
73E2CD96D04A71BBCB0038FEC3F53D254199C3CDC67CD66640269431860225392B2CB3ECD0B4498AAE78BA1994246AE1EE78F2EDFB79F6C6CB6B5E279C4D373FBC21CB2698C9ACBBEB6A4BB6B39E16AB0E421CCBFC7654D81ED86022F9BB522146F9F4772E2D0E4FA70120C95A85A417BF5078B232F4754363EB1750B2AC21
311
48EB46B1EA72AD9B4D23ADCBC589D70106C3EC2ABEEED84DFE28E718C6C83502C28E9FDD3B09DA0A6F6F7B72B706A31C9E2A331EE70DA56A083D2177BFD63C55B11D8D949FAFCF90B23A1E24B9B5018B9A17E99F2890EC302F330FE7936E2C23F0D237EC8916F5166AB84B62A21BB0B950146962D754F92CC2C8877BED8FC7
311
B7B25726DD19545392570B3A2C66B58F027BEF412E552D12A588C4A3CC5C3193FCB3485EFFF700D0B9EEC077754A33DC1FB9E25AF814628F91DDFECB667D3F7690803F38D13F8AE39353523BB08FC6760144AFA2CE28236F65EDBB3D5F59A57D612B99E3D7E5F8A851666BF9B5A6658EFC96EEB37A378ABB0EB3FDDF1303AF
311
32C41BD1C8560745D7BD81066B0D6313359CF488563D3BA3F8E2185D1FAA3EBA1397C9D0E3DD232180A4DCADB6AF25DB3AC3CC26589C8239E66E81547BC7E2F328F9884764CA37EB5DBE390DFC03A5246B456A7C3684C4377D0EEF9A350680FA9A077E8B2957B489E09AB1AD41316944C2254B5984830F691C93CAA767EECF
311
976FA5647538830B5E63236A6F0365C1E0F3E327F24FE35EDDBD7360B0F7374837409F7A6311BECC12B7026D4FA1AE204FA3F5FE904B1F420C7A9044AE58E403E7C4848E7DA25DC9EDAC79DD756FAA26B9EA83ACE8A214A2612A22AFA19DAE7DBAC5F8CDE1292A485F98DAC731A29FE01A3966E96BCB9FB5A4C8830E1B9AF0
311
C54B87FBE221A097036E5D28D1F869F810C06A9BB0AC0612F69AEBAF893C6E7AD59460208BAB3A6B09CA4F6BDDAB8CF0D1F84B72487498395A70DCD754796E271099A567A55CF242BBED64696378BB6CF25EF0FCDB589F3A82F1116D010A9AB9FA4358809EE0C973A2B4229BAA876A70B03AB49CBA7FBE71DB1832FFD32F9B
311
F2C8E98075CACAFB36921235D0F552B6A67E94E094097A5D7DF681B40623DA535ADA7A9AD8E9A62407D7C9A5AE51D62A17A83A23728DE86BB56115804D3F2675F2C6B87541A0FC497BF0CA86420F558C9859EBE9FAD62747E323E3AADC03FDCDDFE7407B09DA90B44E3185723C5381EAEF589765E2F7A099BA46695BAD60CE
311
F3491B8A171F5F56444F7CE9455312C3498C74173AEA0214EC029833B34B650CBB5A5508D5091665309642791708ECF27CF11DB3D797D6CFE474453BD4BFADB768094B2147814D81C7CBAF8228DCAF5564B5891F5EF6A860EB2E323CB82AB868D8EA048880D63B0DE5341F1B3D53297B928A11E15F25E5148990F710747C35
311
09ED14909C552EBE3973246FCE55D00564D8310BC3EBC5085D08D806799B77D6C57FDF5E55837F9E934F09C03C729271B64F12D0A9F9E938107CAF7BF1EC8CF1BB9B42363D33070F4CACB425E605DDB0A34A12BB936DE286B9887A4E2E558F0886498BFF49C311D96C277CF6A9FC0D75AD0ECC5226D7E0E3572012E56D7FDE
311
4410CEC7A6D0F997F225A2055B8B92E3956E875AE4993CB3D4C9063AF98FD45E1BAB165640A43439A2C9181A7C355B297C0A0CCFFAE19B6FA3C2BA238A885FBC98B8F6DAF4B94B97304878DF4D8BFF6A4AEDF79E90ED4E68F00CD7299F4E0D83E35601AF0CBEF18C1E870E74758FA91F5131075004DB3CFCF09AE1DABC1195
311
7FD9808C92E8A678CE9DBE40DDA0E0D1D505AAFBCBA208232BFB6FB3704E8985E61ADE53DE74152F5C7DE74B1DEDCD37DC3E8FB30D7EBA8B9EFFC3606BF90B8D438279CB7709FC7C00D327F41817EEA71CD9E49FE9C8C9A81C70915D9F0F15958EC5AA4C3BBFAF46986B90F188BDB24B89DE3C6F29EC3E6F66D84856EE96A3
311
5E657CA41B41EFD8DBFA16AD6E91439EA92B40B21C053249F51AE50EB0B24C770FFAF40DF12C8436366819C48E36547D4E7B72FE2BBF10828583057814A668BDF183F6B2E58DFB151103E56303E63D00F39C27C4661605DB644D19175D02E3F0241E8FC3458D17AAAADB117CE9EEA690D0DB01E634878C04C2C9310B69FCAB
311
831151E3AD293BEF6E46B0ABCECB50F5939B39C613D41E81FAE8D34CAE3C4566B761D37185FE864AC32FCB71AEF39DAA5BAB88609BB980CD2F07A8F941653B529567726E2B2A58D079DD57E1E5E31426CF184A04D7B03B985F276D47406AF276FE32E3328BA866EB1FD39BEF57863A317634AA5FE467409B3873F5069EF0D7
311
1AF00AD189D17BA1974ECDB2D623E9E14086386A6AAB5807825C37B015BFE892AFD154920EC437EB945D958E18622E1E0FE2FA06557CE4BB9BBD05A2D40E774DA2B65473791E314B7D6C886820B2FCFE4AA272B3B8B15E7344A145E8AF919B5454D89D36D413E87211186BF6F645E5EC94DCCE8E1C799022E4EC9BC86D7A0F
311
2AFB1FC4B2CE48F84B3F49ECE65BAD24CADCC07EFF39AB06BE9E6B27A059938EA7208838455383DDBCFCD967DDE4650EF92A14FF933C975DB20BD7FEEBC4487576485963D757D16340D9599FEB362F775F38CA4185A86F74B629C81B133644A3B18FD056E997E0734F9BE26D11C0AAFC669E2AC9FC41D281F8B2E1C35AE27B
311
CE05F3DA295488096688719D974DF1B5D182DB7792288697F8763CFB43562C1CDEE11C4AABD5C22B6E33F6F389CFC3477C5919DC0D533F8A7A1846B7ADB60ABDC26C43D0CFC8910B7C15EE22675BD02702ED39DB77A87A192CA7A543E6205B979B9F5A6B512A3CA799E198B2D5797C0AF8D1D872CA455D4D431A7879D4DD76
311
110B5FF7F4176B54477A9EB5E4A5D11214FDA585F0382751D8E2582BA5D2075053298FEB8F1537304E32CB22C2E2B693DC0A760B1DFCA751BDC445AFDCBB12820ED85F6D5298933C7EF1211E9E057684056CDA3FEF3BB6052355E162DF27C59E965A8DDB7F9437EB72CDDA3A090DE65A5B2F50326247B7EC67B73ACC7047FC
311
9B353D6EE990F772207C6EC52B39DC2F3C0754821DAB559F7C1809C7D0DD5B0499D0442E0A6E391B3D5DB46D11E731E6794EC77523FBDAA242ED67F9FA1FB684255671F63C9BCFE6E7E896D51001A6113EF2298BA494E0B0980D1FA5B9D60796554C02256B1E0345FB7C6186B6A19D2DCA270416262845FA4F42DB5D9B0A0B
311
6F07FCA2E56C242522E001E0CEB734AF310FC8BFB57E38E03AACE93B3326A2197891E68452B26A6307FDABFEE0223D3C03C3C73D2D5BC054C8311F12004CAE488E5C29287F8156A2CAA4AD0D7BE6B97264E4139F437CE73ADF52E5134C52B819777C18B323A5924E4F67AFD13B1CDC3A61793A79FAF5C0CEB718E441071E79
311
7C6DCCB9EFCF7E4A1E9F3DF3C2F9C9E8294E9586868788C972857FB0556D7A26941A7EEB9B580AD78EC40B85DC906B4120A563CA3B87797ED612D3B035962BB75F6515A393F4CB057F564CDF54F2E5A024514E6A1F901DB80C7E70B1FC05E356A7E72FABF4775B3E3FB8F70A2A8E7B6A94542BB304157978CCC999E707A29C
311
C795E67A59CC546A5D47B368954CA7B6E75EC9E1F6FC73CE3B4F71F8CB1A6B15923D61EAAEB14626AAA9D04A26EB9C66CD1BE86CA31A5D8703DE04CD1EBCE4F5CCB62F93909AD11E55799A781A956ED27D3E738F4538CB04ADABC7DAEF20BC35BA6A90BCC1DC61BA05F20D8832FFB9BC9B15E2DB838A0AFBB7E0C82A562127
311
E0446894F427794C3037186F622BF24DE1B00AA10A23BFA47B2A180D6DA5AD6F7326FEB8C100C2D7142EB2A0B2A9D1008A09BA343D70E054AB69E2A7EDB783CBD92537FAF4A44D1296AC2792729104B3276C276C951D0CF3CF3F1E6B017720A7B8505A5FF9589365979678C36F1BAF759EAF57C60F1FF5FE9DCF5F8E764FF2
311
5A2D06CF25117A8FED51884C13B2B750DB0E4F5E3D64124FCF11F0AD8F1CC3B3DA4B38ED22BF1CB2585EE6BFEBBA63FBFD44F9537B9B37BDD6B358720F98A8125AED4349CCFEB0E135F19E208A04CA7E2B10711185D72E381F448036EF57C9F874E54A971CA37A639E986AC0226DC5AA00D5B14FEA9192234B3DE617814FC2
311
21C92F33F1D392F297731B567FD98FD91D989379AF567A65B8ADF177591DB90FBEA99BF4ED11B16E50A0AB1DBF1156D034BBE04D69D08F939D8E92BF525A1DDAFF80ECBC95D8F45D3FDD289FD23F7D8B452F8EBB34EC082DEEE68E18EDDF072060FAD2AB1504DD4879BF67099FC58F6E9DEFBF645D16334A3E9A127C6F1AF6
311
132CF287E433B43A0EE93812B4AA0B194E03EE3FF91EF9C6ED0074A2F6EB18A96A7C9890B1FCDA1F2095E944DB911ED54C60DF16FB74C8CE9BDC7C54C4F14078CF73C2FFF1F1BBCCD7CF64F71407EA1683DBC410D226627F66E509060D5C0AFD611DE681D509DB8DD12FB1265B03C6F5C55FF4C30BD94187FF692B4F152982
311
502F193098A789526A038AB529A52BC0DC4FB6285CBAC10A8B8DB75DCD9BDABBB221E27D1F8DA9F5EE5926A1C8AA9BA9BC09239C6A7F12914EA3B59EFF7AAEC3FFCCE56F1C5C2980AD072793527565E774F4631DB178CEEC691B1F367BEA0CF2907E1D6B854D527065979DDEF002D8B2ACEA7CE21AE297737EDE1D45B31233
311
B73FEA35BCFDD0B09721FDBAF6432681F2FD10C3E9EFB246FD6E854B344ACC9D8A0EEF876A7314B49B6A499FC650B099D650DBFEC7638ADFD245E2B7839DA5AC5F7D5623FC0ECEEC8653FC9B2BDD1AD4D00A566FBA7186DD3C9CD26512551637498CADB950FEC71ADB9A5524285DE328B8EC7EC75D2345AEC6A27C42AF6D9B
311
92155315C80DBFCABBB7DA0FAE425C4FB896B15C9BFAC4FE67DF5A23D30C93DA4D8F36FB15D100050DA6062E22AEC5F4DAC4F6FEEF97AE05DE63C6D38F9E068A20BC5E3B6BCD75320C5090924E7F93640A7735B1A43451C2D91EE62C6238B797349E59890AF3A520DF4A87095F3ABEC2E61F0593416CE46CDCBE0E00E2523F
311
CCD04408588B5B6C9DB6459C786CE378770B54F51DA3A5E1DF2A3349BEAAC234A6CF8993B598B3B25B4B113E353A4D750FA7534749430F3EBF2512E7EA3FD43C6AB9A1F765A58463B306721A15D224FAFE8C6F5E3432D57EE697DA0DD5A9D4866A8BCCAAA9DFF1F06047851408FEC060471D0E3EB86BFAF46E4B5E60311DC3
311
E3CEA147C75CF971BE74689507154FF2D2E92F15CDB2B9182B11459FD8ACAC5A85F174BC94A7F4EE4C4F5CAFA7C02E37BF0BC77B7DCD0C047BC316F562A01A441AFA7931CC84A28CB9F4AA367EB515778F29BFE61195FA671F4352E5E46E3A64773F1F76EE5EB36D7BCE9BCEAD837A4D77F8DB8C92AEEF6711920D7C7D0F76
311
B0FD0EB7AB83724CD35BCA7D36DDDF5FBB7FF6F04A91F3E2BB3B8F1A43CD659639507FF6331C5F697BCC782AE57D757A27D97F1AB9E0AEDB43F92F1B2AACDF5FEC8ADBAF9F814E2027003BA2F9E144B1938A7A04050AE5D953B82C45619165C813A10E76DD6906B3C16438064D14CDA713AEC420034613E1AC7241904A49FB
311
F87409AFB1FCB9B72FE7933A87D8FBEDACECE4EDCF6A4FE9FB94D5DEB74FAB7CFEAE17EE965DF980DCCA2D04134994F9A2E94D2265DA4FE6AA7B7AC15FACAC2B5ABBCD7DFF542C5314FDAB2E1B9D8B65220B8E2B638BE008E8DCA22678C820C5053664D15E89F2D735B51A84955E81A443545E9FF787BE0FA700A76D136C27
311
DA179A7C6E8939E01BE756E19CB292798063D8B97F44E8A27BCF3A614FEB8BE974A718E86F7EC99B53CA35FA24F61F2B07266684623A3D4CF073E511F3A10A8FDAFAF0078C577F4DF9D339FE7862E5FA47CF4344209E5BF76D783B1B48E152AD281B15FCB934DCDA49CEC5706B1EE8B460F435324A5CAD154725E21AB8044B
311
75A557A79F6C807B9340AA3D92503E866F4274412926C8C504E4D5EF8C0E68DD0B028781A6B4054F11CF18941F101C57CCC796773ABC8DED9CD91FE5788806C05E548895354AEAC96546D55B0E94A59F148D061F42AA398D822CDECA4CDE79E13469BDCC44FDC990F366BA5978C15F97ED80CBFD73B0CD9B8B83A4F6845BDF
311
BFAF034019473FB9A63BD55D3A4A7284757071574029A4D016DCCBE95DD679EF3C4880BF169422F8C89B68A988D2B13793CAED4F74DE7486C72DC94DF46B8E93D8E02EFCB1FF9B3BA10C8AE7F653DF94F4AF466CDDCEF5776687F7C4C14B63E4EED1719DC2EC482D7DBCC7AE518CDE3D5FF86D39000EC3673C0044E1D308BF
311
05F74D1B5F033A7D1BE7F74BC55BBE3E4A20F920946CA0271EB17BD2B80E5660ACB8A29A79F5E4BBA49D4D945B6EEF4A7EFEAA65E5555BBB57A7E15D2F83C69F30BBB978D2B39F1F26FC097424D39BB33CA3D87ABF64E307938B685BAD44F71556A30B7E712CA4FE600613C3E554B69ADE949A7CFE214DF1FFF05CB82151EC
311
6FC31950239F94CF7AD39DC473F6EA356E5EC2C4EFA04383CEFE985A127484366FBEE3C0EC4FEA363E4F6632AE781392FD45D67B63FB8DF70E82734F431FD3443172A0E30A83D60982D55FA6A2CF86DBA8382502ACC6CDEF3B907982EED1160E14863FA242F9757347E1544275CCDCF71ECD5F8621CBEA326B8BA884AD7F82
311
5781923E66971F04010D574C541D8427A438A37EEF8AF88240EED7362C953F5A81DE2D56109CDE2524EA0F5D2F87308C0C47BD97AD605878AB8589E17CA83930CB5E0DCCD75853D68B1AB136594926DE426C367428E9334AFAFF90ECE221BB5DC9E5BB53D2CDEF954EAA9CD814F0E5725F1965DD458E5F8487683AD86B9D00
311
76BE3EE91EB1CECC5331A67A3F79D8B27587C12EC2A6A70474749F27B4C0BBAFB94B34189E88DC18964BE4121B9137FD516C7755356E50D6714E31ACD222621EBBCD1CFF81D87479056A9DA0E0B8EA19D24CF937DA89F78E8650CCBDC110AAB6C4E46DCBFD0446BA9E2060E81F314AC2031E88135E5476AC0160EF5C0DD2EE
311
F1B8B5CB2D198BE9A554A9093B5F7D7E4B5407DDFCA1D9C152FD97F55BFFFDFE802954DFEC8995B983E28AC92F1971E28F531DC407A1280EB125F64A72E617EFB27DFBCEDCDA2D6F2BDADA36873EE46B9BE1782998C63DA7182BC383FB6FD15DA472B175D7E8B4FC88F38D6E07FEAA3FA3CBB8F6B449ECF14D2175E5C5CCA3
311
A42ABF24CA6C9395AF74535F4DDB38CB84F56614B0FD32D7E19CA5CF988DB4449C40E23DF2B16772594554579094450F56F253CD25EA7F77366FB1CFE79696C428BB64D5A41E986189427E5E4D7E2DAE3D5BB4972B3DC44EAABDDDD63A2264ECFA5C786EB0EE1FDC5BE34FA0F08376869FD1E61EA06CAE15191135445EE8F0
311
394161C3266A596AA035572BB0C8876180D8B9C77D307DF9DCDF7365ABDA6F3A2366436457A4DFC1F259666569A9E4A79C817BDD5610E5200FCE894A358EC72858D50EF67545DA81C6FACE3D457BAF70367E1E6BDD9A952FB4F56247F58F523B97E640246051A72F79BE42FFA0B3187F63097F91C48B868586F714B0EBD5A0
311
0A8412C1236E1298F60C72BE6C96B82B404CADAA304AE9F303176B14BA53FBC2D5E86377E35542019E24D97B96A49B2C0E5006E7795954DEAF5DA58958839043C6C70BD3B1B33B6DC5C31316D8A6923F142E26F6711A2258AF977DDF1F970ECC4F1F2B434B96D81BEB6E89BF3BBB3C7C8CC80505070723D6D7D7D3C8CA27CA
311
164A26024FED94B12A86031867241DA53D929636DA600F050BC40CE48B8BA03D69224720DEE2ED2127390BDF5E6EA64527BBD4C4C63FA76BB801FEEC0E61218EC98A8A86CD8313781617877E66692839B9468CF4DB8E50A73986E558E309C0D6F676F921BE02F1185454DC75B111572FF9D27D85EA14C05AD7271225B391C4
311
275659CA4A43759D0BA44639BE4C30A84DB7F67A41399FB95CBF923B1B1672ABC807C1590557FB18D811983FA97F5E609516D62281D38B1281F68FC75528C35E4CD7DF0F7DBB5E5DD69C414EBEA2F4A5B241B996BA77AE6C772E367408C633EA3E438B68563EA8BE7667F3A4C4FDEEA52ABD78A2820F443B7914A15F180018
311
D231E64519C56A12F6CA7C8DAE18F06F6B769DBF92329EF6A5D18FBCE600F36BD8E8198DE5CDAA96181F3A756EBA5501CEE58F497EA4F418A2B82565B9BCC611713C0B708CCA1F398B78C5F7D03B3437CC18F13061F55C7BEDADD5ACB1DB0E36D3CE47FF6EA1A563A57E9649EA5D14D1A50EAA457463381C073777EF160060
311
7BAF6428A7DDC079D47A204EF1E1F1F0589FB054D45E02CE623B3823C317C601E589E22B1E88B448524B86A82828E32345EC18AE17214B42F8C41C6D428016D9BA31DDCB47572561E5A402E5BA4FCE55F78AF7268524AA04130F3A20BA5D1E9F9948EA48FC8F5314FDB35E21898198060034ACE5E3E2BBCA34092518F27519
311
0AF65F45867FF0900AA4B81F25427414C372BF51DC29AA855C5428EE1EEDD6B849AD60F6E73475C2D2523F8A2772C840A478DED18A8C5C91B085F255DC4F54EA7AA8947354FD17ECF8FB3B4A0DE7B483CAF3A1165EE05BBA413E5C1FEF3DE1D6B8F2F3F3251C17D9FCAB48A9AAF63AC773A0E413BBC46A9ADF84A566FC920E
311
4D8C52C9769EE3301CADEEEDD92B312E02E2A7E35B7F1E7D203FE5A7D75578B06E99D0E46FFADB8FDA17ED8880390DA29094202D6F645F76F6F96409CDA05495A96E84B04A00D1A6C6C81D7F3DE9376E828CCF144EE50E364ACCE7237EA0BFB5607ED1AC3CFE73794E5B61739D14DF1743441B1AC98F00ECEDE9E7301FA297
311
55FBEFA68C91EF2B314CF510537EF1ABFC9A762496280B546F5EDAAF8A5B387D469FC9A878A92828C88608453ACEC6094DCA54111E7AD5B2663DFE2DD151B7F123B9F4FEF8EE36AB125FD7AD52A59B1B765B3E3F73E3F73DEA93875004D2AFFE3CDE9493B87A9904DD052028949041A91DC0E1BA47BA714343FD5B25E0A6A0
311
9503AFC17C790058A836A324FE31D7893512E28230332F153181C1E018E1124EBE1BA262AA428A518237D1EA7275E48C5C561BD19ED6912EDD8367DA0F31E40EEAE9683DA9257525AEA7B632B97119E17145A90231768A4F3B9120FF32E8319B015E3CBE26F1A754177D8185345817C096B0CE443A955D13AC15E1FB5DEEA0
311
239EC32A3C92241A237B0B02FFCB4F93CF2B02570C8D192E2F2A68CEEB42F12E6F8CEEFF46C251E22B4341C56FB08CCE550E7A9D6F4D6564B9EA52A83D5BF2C6E03FA19D2775E15A8A7ACF30A13C259EE7F5EF2AC3BA354F1500E1A07FC63FB4686E2F12EC69719F9ECF5FE3F35598DF2CE944008CE78F0911BA5BE5D0A34E
311
0098FF038669C26030BA9B300303039852A8F6F496341737CA7E0D2E3AAA36DE0A70AA7D9CA0D54D9AD84B18A44C9E625475E1C97B93BEBB38DCE7D227E67A2D00F531436136355F243D1FC0D712C5765754FA22FCFFAE97919161F46D6E61ACB37D83777B385889770B50765B127768443A5C4D3A4E35A3151111F146B7CA
311
116F918A049F1C272F2CD7976C69A0068773451659A97E0F4A08FE604C3FF6CE7385DB19F4D3ABC8A0D80DA8A42096AC377DB49382B36E270B6FA7570188B4B7D1DDDDA82ACA487CCA5D38BD3BD039ADBAFA4ACFF27809239B722081E2EB9F145320553D183F28471C388BC8814E5045676767AB58A8E72D1CED2CA7313795
311
15D2E533E4CF0B39DFC625F97AC4836831A4DE330E87A8126FA17EBE583D614E71E22A8DBF2825599743E0640037303E8E1B1E8EA4E1ABFA4F62907B5E4E0E5DCFDAB417C36C6848A2B8D15F1E505434C0707E16B1CFC2A1C36A42BBF55734F8F4301DDC2A5110CEE8C0747F69519265012A2174BF4E955ECD4FDE095A3ABC
311
70536B7AD0B9D7892F81287D667C108703C9B66A221E9A0929D030008F77FF6F5D2108EF5706FC87A3069B976F7C9FC3239D13D283CDEA83597461079FEEE049B0F392889898B7D87D31F8D60ED7B56B91823A8E4EDDB36C6172ECEE42BD42B12CD67994FA0F0DFAE9389356F4CD4425A4B8AA55CBF7ECD585C6A2C2316791
311
E43D5C06841ADBB226A87FD61515FFBB0167B74E56BD7F3E90A57A97FEDCBDF483A0D6699A8C0849CAEB4947FAA90D8E332D9DEBD9F4738C37DA0CAF9CF3DAA68BCB67C420459C7A64498D6E848E5CADE92BB6901F607AA331104A67F7CD650EE169B1DAE94D2C31C2F993632259B6957E246EFE4C5481107B071186077000
311
40E5812A2A2A38DA0076875258C753F60E0F2662C748EDD5F3F3686B8FC3BD6FE631ECCAA1E8B1C1E565AD117E54893E79F4672E32F9E46B2A183DFDCF3EECB4D4D077DBEA0DA254D256045109670050129E9B9B1A9E4A11344D61497A992778095151510C4BB7EF2009B63AA4360635312E4CF668B7E0D3D85A8688E2BD83
311
B569439892ADB63461930D428E0DE42E4AC57CE48DA5CC1449530D8BD3D6A0F08DF20C8E8F570F2CFFFCEA286E30969B4654D498A58D9DA782E19FE3F002181838925592C4A1EF0B332D88B61A92C644547BED490D3A42CFFAB70E36D961F694F6307F72FF15A1C79D5B1B5CEFD353D9E2B52566DEC8F8F09CB3E8359C0F68
311
EBBB7898243E34E12A015B2685AB303C04D3A9E00671FF3DFF0A184E4A2ABEB2B666AF5B3A209C73D8EF29DCDB069C9F391EEE9DD0F74C7BCDE16F8F02E3B8816122BBEB50665775B600549D8BB33A54A6BF940C028118BC6878C79958D6784F9DEAA6E26748386FFAF8D0D0101E2847B6563F5D8DC1D78F787BE00E2C941A
311
E12148D4A81599FE8F68D4DA5CDED75530ADE138240300EE13B0FC13A1687FED6774662C05A2B7DFB186732F0D7A93545D8B0A6390AE5054D9CB582DA846D7A061B3358B45E2B52DDE63E114397EDB7E09233A579155D795BE76102CF277F4DF8B188C4F2879BEAE3C08347124BF9ED23B128259FE107D31E34A652F090B30
311
B39E0D9AF917B76A2806135621A8A60681F16AF216514BBD02711585B5B1AE823F4B2D0369EA5B6BCB863072727FFC871CA6C9AB79A814D989057E9470A3D238BC87CBB4A0EA49AFE2B86F22E499793CAA9047080450166BDC357524561E258C77CB697F1ABB32562CF87C3B7AA12F911EF19FB3E5C02222E887D08202A60A
311
17151F5E053A86B437771088B4FEE14D652C43E8D939995D34545E12E2FF93D4E366EAD25F10CB7DED141563C3D0C447AF06078A91135FD4B9611583CB4BF3BD167F2399CEAB0E0100F8FFC305F00F1711717173138B4B48C83022295DE657EFEDD97F238ECA80F528AFB4F8D67AD4E2594B9A3AA86D7487EFC313BA95745C
311
186F0CDD84CC12DC9CB0424B42203D351FD9C0A3AF10CC7F388E0329279087386421F194F4A29464C1DEF7EF8BE515E4A199DCD5B909342598D8FE6A231F71336248D5CEC5454455C7BE383B3BC7B260FED27F703FDC39A170F3827239102F59D4DEE7FEF82EAA1A5E4BA94DCC4CC44E7E2EDE20F24244E4454369D2E87C3F
311
823F193FD4FD27E1C23984B01898D15ABC20711A8A558054951A6AE280096BA36CBA439603B7B0B4C45F248C14B2383B4B5CD8ECECE4FF859AD4A6CA2326D020EF090F4041D28DB66E5256B56232CC52829DE8060BAE6BBF37D4B7469B822454FE93210A3E8D15E69FFCF01123222611C51C4FD0A041A0CFA2471CF6BE38D2
311
B20FA4C3525B5B8B586759475CF80ADFE67A284AC24651E52B8E683D24C2622642F27E7C3C22783BCF63648BC398BD6CD0D9C97E7E7E3EACB6126DB7A6C1FD9F1031302EE67ED96F22B77C7CA0239BB324207559B105E4693EB26EC46182A92C9C0DBD24F29B31C5C5AC1F84300E0E17CEEAC15F5736FA4A98971E2F1423BF
311
CD68D4BBD5F86E74B40A369F39507C88FCDB35D2DD8DEBEA4AF999E23CF2816D204200DF6E611781B9884C1AC8888B4DE397320472959434323A5A36B22A8E1F721A270DF3BD65E4A31C11FF048AFB0D8B7B6881423793963A23CFCE935FC189ED36FAE35C46DA3574C979E4394BE52084F3081837BE033396D2EBD80F1F69
311
1B273F660D2B32FA27A33B1DE4ADA5F0FA4651511102DFA410DDA86E065272CA314D5249DF91B06BB92807B28EFD54F08F7B525252782CD276DD02E6B0319B13DF87B1F6361AD6B28FC0D711CF445429B9E5A433CD493051C49A9E03DDB1B147D880253514A5DED88009018620EE229101C041950E2D8AA8E1F5F5438E0C0C
311
0C60EEDEE9E3E0C051948C69F84BB7B2A48A1F3C8EB9E6864687F4F4F6F6E2FA87608ADAF9C5E117B7C1A737E710769DA1D15ECE6A84502AA855398712D5FB51BE92E4EF824969CE18278798AC303C2C7980DD2500ADF8FB1E6D6C2FAAFF9987178923334A244758BAA01A9A1B70FA5097D01E1CC2A58DAD0EC94CE6430AA9
311
B0C10D75E3C6BAC670EFBADEE1607739CE0FC18A2587E3EC3058562014C64219C69BC269082D5C2F4A659278D585755912176D78A1B641719C2A394CED495A1AC5D583FD2F5EDD93308EA7EAE8A6DD396598BDBD3D4CFED62D18A5BDFDE0DD5C80D1A89BA62697B131AE7CE9A6594138582F1B37D68F1749AC7CB67A70695D
311
48A4A056AC1FBD4E82358CEAE38F54B95A9016F9000F9879C0D9D131768635CA798895F27D6F1614F11F2838A83611AA51C9A3DDB539D42979C29F10465655C17BEC3E2760B80DCBF609198C7B171A531905F3EC218D696025975E986C6B4C666666787271F202805577DD5A3EF0CAFAF91B62DC4B2DB4217A7606282F31D8
311
DDBC290593BAA93EA6353AFA9939B877978481E15CFC9F2755CDC00C538F63A4BA3E80AE009B73CA0185687D339A507D165B74290D6EE46D5C58148F020C3668ABE9EF2F7549170DC80DB41FFC1D678FF19AEB10C7133832B104B80F691B3138F97A92D26E551F1F110400D45AC71A9B9AC41A1A1B1DAEED0B0810638EFFB5
311
11D46B121C6FEA0F38CD00E03CFFEB9713FE1F9C263E4DDEC160D0497FA9A132BA608584057FB15380825DE6C7FC3C667EE947D488A09898D8E939C4953BF4EC9836344D2CC6B2971B2A21A572B06096F4982D2CC7232D46E8EA69DC83722E267754D777F97F96D5DA74E1E75178084D0E70F12AD33E5F71EF2AFA599B2BEB
311
F60A5BE475F444F240CBFE8143C334E7ED9150FEEFEF7EB020C4DBED388DD1D6A167A76F3CBF119B578AE8CFA7736ACAFA4440A1C47185638A0D2F3EB5BDDEFDA958FB13CE4AA4923D5BF840392D45544329525749734866684BF7F8D9D54D892E19BCA9F829A0F8BFCBEEA6CFDFC61D74EA1A645ED7A1FF241739F15694BD
311
835B66FEC5677E40FE69BD3F91AE402F036537218A401CB0828604AD189E575015C6F3F6BBC8AC79CF6C70653847254B31551EFCBEB5978B9DB85D58D0FA41A9DFE9C624834AA04949D24B5AE6D299E072D152D12097920F14AA92C31C3B97E28B6C2E6E9C23D63043ECBBC0A60FDF5BD0C33C127EA8A3308B8B6AFFEB28B4
311
455BF6E7AF4FC6222728357EB8E46E85053E6A8843AB23295BF838ABDA94658FEF3F832F147046B4ACD6F7D48E8FCC9618582961C898D1C7A253C91BFECBDA6BA18A1FCF70755DCCEE2222F41B76D23CA98D0CB3D95F0CF66D57FFF65E2A90F5DF40FC3187621E981BD0BC1D992787212688976B94A8F0C6EF646624B570B7
311
8E068826F87CE27041A95C9A4871FF65CC17FCB1639629AD6A9517000D63AC231F3D741CB8430777E7ECF80CE7A3F73C0F162F7E56AA71F4DA80A33CD6ACEE78E2C11FAC03DAFCE929B106F8F6B3ED2DC71FF994BD9CEF4E9A94896EF1B6E2B7B4978168BCF0847A3D2A4F1B0500B926E634B174548E9FBAD27153FB5FC367
311
99B1E6C7C38A94E1F9E996796D7B485E635D5287A2AE76FBD11A341DB3F8F810385BB7296391973DC6C37C452A9305AEBBE0CDB6C566DB59FE60C8E94B1FD090354BF51439FFD1B48D725228FFA88C84F686F547107A7A235665A4593B7C34D748C1AC8D56DD5DA861EEFBADDECBBD65117E65851F90351AEB65F0EFCFF4BC
311
FEF24CB7A5879699FAC437A7AF9099186CF006BB923A59E37D7A36A29FD8D2CBB914A5E9D0A8FD212FBF796AE9A67958FF1D5D8B85F78F96219D4714EB919929241B6C018AAE0C02069F8D919961EC5DDFBFB7573E3AC8E08BFB7C8534BE6DE045B3CD63DBD71F7638BA2309CAE398EA3A7D8F98BBBC7AEB367EFA5CFA27A9
311
F8F2F52FE878058E6209C026453F8E7E8A237DFC389E9590F6059B397CFD65183BBF936E86896612A5B5FEE49DAC8455D026218AFEBEC12B3523A45B57B82C9C97E02ACFA1184DB18E48CF615DBF39C3CC6F0B4AE6BBEEA2E39D944E290302FA3DE33FA7E40296E2EF7BF1CD855BBECFAD0FD622BEE9746FC4FDFDE545AE6E
311
3BC234CADF83A0FB76DFB145BF3828AE3436368AC24989454F8FF70A177672C711CAA1A76107218CF948CA01F873520E7A2B118EBB161ABAD432932029628B6761590C98AB590C8C8C79798CE9F715BA696E839E9131A4BB68BE923F1747FBFF165331FFDD4D05997ACD168F12CA75348DAC04C7F509FE83898A8B421181AF
311
492861CE81E4A2DD0A30850CFA95E05F097FF70F9E777310D584A75BA7018922E271DAB1D785671157685B7D383D3E074DDB4F1E44EF04B07BAAC75A062077C54B9752C738C9D804D402E02851F3F89605AF189738C18C021D2139EAF72513824E10DDD3047BACC8521ED7E98B257D1166903B1B08FA6F918FD7E162913FEC
311
7D0EF4787E29C35FBA8C6E2C9C20E9AB30AE42CA2A01A090E7D010C1B5BF9CEE2A304BF3A987FB40D836979B79E18D70F257DA61E808472DD85B82761825779D6B90CAEB0F23360C6F80A7D7D77545E95B3DFF0CF96A827F9B5BCECD2C9698718417EF80FEEDEE938AFF55859D0D540B7FE09435583A6F04874A0C7E8CF234
311
DF4879722000167F5872CEC6BF3EF7E5A8CC8121E6A359227C8A29C95212F9F735BC72A887D56B8F309FC525BFB4FD767AAEC4AEFF249CFBBD2DE1AB9969A6155C7D8DABC307E47324C1F916C7BCFF40ABA5644E9FFB9238D19ADADA49D9610F01ABBA57E4DFCBDCCBB2B93C8953206C91DE01B0E2651A6D6C31721915B31F
311
7B7CBCE55466F6D70402788FA91D73BE4ADCBA99A35F17D6B83383704917D6833F0FA3CD45C926ADB8BC17999A4A0AFBCE2541F7B8CF4C2F5FBA611B3E626D64407CB32C122DFF4EF8674D6EDBB86C8F7C6A16D50FA685E2CCA34F8F7D1D8265BB0042E9D7F1F666F7BE5FAA5184DF58E12122A42EF02F461B3F369AC746F9
311
6528AD208512AB56844CF75B97F352DF7995024FB02855385854F3798670D01CAC771AC3E1889EC25F61A20C1F8CAB46898817F9C47E2CDA1F286BF2F358298709FE567C91133E2638C8B53975E753EA8BFD3578B5F7186B7BF084EBA3F77BAC3132A5779902EC22AF2D2E79F42D324E083386DAEE9810D1B44A5DAA54513C
311
7A71E52A4AB9257D975B621308FE4D2141CC3DCFE946C154A3C1DFCCA7629EC69ACFA831634ADDA93C0388D2A9A2DDAFCF957C6995BCE7FBB6DC4EBAE79E63EB08E9A25F52F67076F7093CA545CA3053B5BF576DEAD4E0017143C5F759F32B2D6F145B52B67B48909B7C7FCA6586EE385A2189C16932CB6DDFD9152AE317C4
311
30492A578ED27B72D85D40C7C93C097939E1B50F4D67F05334FE9DC362C30B7FF561B95259138ECFD9274C8D695C31B14D4EAA9F3D7FA8DDF652F8C5DEFA23284C799B7D94416DEE81E05A866302DC70192A5368EA65E1CED8BF107A1E2D3119A71E85DC1A7B0C1E93274CE04DD0F2ABC8AC7C987FDB002B6F81757B43502E
311
F7A0D92E416494FAEEA4C9C090CD9557AA4D532F4996A272B94355C5A0E4974EEA9627476F30809B94D8D8D860062E02204643BEC7D0438AF800FC7E2B26955D595421E83C69E1A07E0E3122285835F014AD538188CF9737CE76D464A353FA55A001AB2526B84E985083693BC76FE211CA1D000679C889E3C009832C87E1AC
311
2EDD05C302557422DF0800E316FCAC86978A371F025A6C7DAA9F333E7BD160403A1A06EA75AA9888FF01504B0304140006080800075B215528BB58AF800100009E0500003D00000043423941333745372D383630332D343233342D394345342D3542453543453643373132302F536368656D61732F436F6D6D6F6E53636865
311
6D612E786D6CBD544D4FC23018BEFB2B96DE15493C78601010A34B880709DEDFB52FD0D8B54BD70DF6EFED3AC0B12E6442E2716BFB3CEFF3D18E26FB440405EA8C2B1992E1C323095052C5B8DC842437EBFB673219DF8DA659866649B798C078B48AE6410122242F2A4994AC7F93815DF85C049C8564CA0A901499DD886B2E
311
B9B1E02448F358701A9235880C49A0119892A20C89D1B9FD768815CAD268CB5E0355B40B1E47F3E37A2020464BED06AA57CE8FCC20C3C3446D46761A2632A8C1283D07031EFF2AE7CCB1BFEEE916E406DFAC8E36FFD99A9D60A6944090EEDC3B670C7DC13DE86B6B2C5C240D6E503BB85ACD579D513F1B9F9A69DC9CC22AFA
311
80C426D40AF0B21EA168559156B6276F0F726A6BFF04DCD513A87A62CAD41FB24FCB2858B3952E3D852084DA25B9303C15687973CC8E8AAE11DF2836C38C6A9E765E8C1BA1BFB1DC29CDFE518C8B5A7655A4ED7E77291ABEB80DBD82EC866ADE1B8D05AF9E35CF09D7A061F38A986D9EC412B8F0F65E5D81534D9B231D1E5A
311
8FE577A241F3A5FD01504B0304140006080800075B2155670136ADA9040000B41400003E00000043423941333745372D383630332D343233342D394345342D3542453543453643373132302F536368656D61732F47656E65726963536368656D612E786D6CDD586D6FE3360CFEBE5F21F87BD3245B0E2D90F4905CD12E1F8A
311
0CCDF5BE0A8AAC24DAE417C872DAECD78FD48BE3D44EE3B5C3E16E010EE75A34C5877C48911A7F7E4914D9095DC82C9D44835E3F2222E5592CD3CD242ACDFAE22AFA7CF3CB785A14C22CF95624EC66FC34BF253BA626D1BD488596DCBD8F2E6FC6335608B7F428D258E807664080A98384D9E75E22F16B2CCF05D32CE50235
311
9492C878124DE31DBE89612BB196A934605E44F272A5249F446BA60A11112D589CA56A3F898C2EE16F6B136C595C7AC3C2FF076D3D808BDBC824572211A961A8D96E393F7AF5806BEA91EDDFB1ABFB769EB08DE8BCDFE27EF98E9DE0ABCE3BFCA1C54E8AE777ECE2BFFC92A94C87EDE6A9111BA1ADE75C74BF391275D33FAA
311
C5FABF89F1D33C9836CB3225980B2A479BE96A4FB3D59F821BCF11CF1FC55602586C7191D99E2C9C0CF2B8A662E3484E59466361985485D7E248E7953C01F19DA23B9D256461B6E09C40FF02D1DEA98C19EBAFBA4659184B7D47DEDF22E2F53DB017721B164F5B845961697F0C699AAC2410982C385725A6361A500F59CD84
311
8221F103A8C1A7CA84A55F407794695C905C688E69B111550ACA946B9B4785FC1BDE0E229240B62665328986D5B32C400CEDD88188F35AC25EBCD40836F47F35E5C0EA4B6F767B50568CFFB5665C505E2AD5EA8A9997205F50A2350EAB32C9294B0024108429953DF32C4D812E226658F78A490408362A94987E6F787DFCBB
311
BABAAEDC36758ADEE9B58B41BF0F35D87BB1E991E02BF0B513748E6C0AA2EB2CE56EC68E97585643D82DE284E51DE03E4E22B00738761F1E66E1616A03EE093B0327B6BB9797262B0DCD72C6A5817ADAC1C3C0A3909CF6639B404D18B15CAF4B3C09CEAA4414BD5F0723F059ED37048E7A64271711EDC9C5230F58FBDA5DE0
311
0DA512CF04BA6671A0D201A83D2EC81D2EB552C7E5CD1BF9D6913567B2CD53A659AC362A2B200B440195E2ACBBD167A32A86F7874F7F00686DB55D163481DADE5E417E979BAD827FC6B2B0AD8A6AB1567038E466EB4B10C4C2F3F71196A09260938125FDAB8662456EAD68AB2F7C1DFF709C874887B76A4355564F01725653
311
1BF73D7D754A40E23401DA38EFC907CF8D8E3C1E5E7505D8E432C60BE1EDA01E5166683F169B6EAC6EC046153F66C2BE0679FD3F407982ABFA28F92E0E457501938D96B12090869079360D3F947CA8BBC3D9FCE1ECF3C676C9BE80EB67CABE004FC290F8E26BE6A0371AD6CE66781C408A1FAA8CFFA63DD93A94CD5E1F3BA6
311
A3DFB05B34E1247BB3949E3C332105035203136EA14AE89FF99E3E0B3C4EFE65C581A3A3D2D0EE84EFDB22B49DA31A07059E69B81628A8ED1228B63E42C3D840C3C01F460D1F331FE199821B03F22CCDB6DBF074B49566B12C3B3626074EA1B130B4596BDBFBB642A835954A9509E5769234228129889952870EEE13F49495
311
4AD7A27EAD09411BDEEC5B6B6AD752C11509F826EF4007E86281B1AE63750FD09DBA87A34EF4CE2A75F3E85960004EA6B519F4806609E8C91CD18380BD81691D9F2CB5730631E6DDBAFBC30E96D3E1D3D67EE8FB72BAD92AD4C1FD3CEDFBD2681858ED6583CA3853294B80AF67AECFAC6418D08164D5FD1E52E8B546BCC77B
311
87C6E9D1655FFD384FB26A28AADD82E04B9C64EBF78FFF00504B0304140006080800075B21558DFFFC99640100009B0300004500000043423941333745372D383630332D343233342D394345342D3542453543453643373132302F536368656D61732F52656E6465724D6174657269616C536368656D612E786D6CA5535D6B
311
C230147DDFAF08799F5FDB600FADA20EA430D968A7AF12D36B1B481349529DFF7EF9A85A718860DFDA73EFB987734EA3D16FC5D10E946652C4B8DFE9610482CA9C8922C6B5D93CBFE3D1F0291A6B0D26A3255464182D920FB4233CC629881CD49C18508CF000E3EE309A100D61622AAB4A8A33B2483F11CB639C545B0E1508
311
438C3D3C0361192846DB7ACD198DF186700D182920B914FC1063A36AFBEE8FBA03FFD3CC1D1F4FC9E151A2AF59F628C5B7821D83FDFD3489305080F2EE04BF962195FB285E9D2DD352320A9E827AE357594914E42B1F5FE35F83688F60C4C91A6C946ED0668E8F244BC2EB0BA6E3BCCFC0B6A4B507F9F9F8D51EB315D9BA9E
311
08D308E89F96931666E577837E2B4172199C68C4FE306156D47DF51C698C7B9D97FE5BEFE2190C3C38BB054E6E8163FB039CB4B993C80BF18D969203116D6BBD26238B821F9BB909AD6D9C71B85BCD8C33D66FEA3D31B4BC0AD45BEA46BBEDDFEC0F504B0304140006080800075B2155723CEAAA5100000057000000470000
311
0043423941333745372D383630332D343233342D394345342D3542453543453643373132302F4173736574446174612F41737365745461626C654F66436F6E74656E74732E62696E536160603074B3707131B234D0B5703333D3357135B2D4B53471B4D4357533317076327133B134771202AACB4D2C492DCA4CCC492C2848
311
4D2C4ACC4B4E050A82012F90744FCD03CA26072767A4E6260200504B0304140006080800075B2155C55C663656000000680000004500000043423941333745372D383630332D343233342D394345342D3542453543453643373132302F4173736574446174612F53747265616D56657273696F6E5461626C652E696E665D8C
311
BD0A80300C06F73E4B29FE6CDD8A2E82A083B8B7F209014925C9FBA3AEAEC7DD2555D896CB85E51C2A1BD834F6A1F56EC4494C4695278364ABB24ABD2146F88CCEBB89D5321FF8F3F43D672A3B44DF3CB6A1710F504B0304140006080800075B21558B1BBDF837010000A20400003600000043423941333745372D38363033
311
2D343233342D394345342D3542453543453643373132302F4173736574446174612F636E782E786D6CCD94314FC3301085FF4A6489317612810495E30AC1D209242A06B6AB7329561D3BB22F08FE3D769A0154C4D4A1EBE9BBBBE727BF93EBCFC1161F18A2F1AE6535AF58814EFBCEB87DCB26EACB5B56AC950CDED30F8C15
311
0E066C592E3325F7C14FE352EAB087C9E6AA35EEB014EF6344DAC2CEE253FFE01DA1A3C80A6D21C69645FD8E037098C877180FBC03025EF380D14F41639A4466C065920E08841D534DD53465755756F5B6AE57CDF5AABE799322934AEEBCB70B6FD2B2E0C7ABA6D2C7BD4C55526440C9299885CAAF61EA2F957C679C148954
311
325248AE2C1DF435A60E18476B3450324F784D4865821006298EB09222BBF0CB8B47EC8D33B96593A401F9F09C0462208317E8C97F6ACFEFCDC64502A7F1921D39D5787E1F5EE65FF47A8CE59C9BCB4BCBA9466E5C7F86AC88F99CA4E8E4EBA2BE01504B0304140006080800075B2155AC89A79AE600000060010000670000
311
0043423941333745372D383630332D343233342D394345342D3542453543453643373132302F5265736F75726365732F31463844443239302D384636362D344532392D393441392D3546343043423446343937422F7468756D626E61696C2F302F636E782E786D6C4D90C16EC4200C447F2542EA3101A2566A5784FD899EF6
311
5251E24DD1024660AAEDDF175A0E7B1A6BFC6479469DEFC14FDF908BC3B831B9083641B4B8BB786CACD2757E65D359AB8C480F189BA209B0B16E33AD8E8C350D6B87ABA9BEBBDEC5DB300F88909DFD48F16093F5A6948D15FB05C12CA612EE506ECB6EC82C72C950B0660BED00B900E380CD600876A657B1AEB3789B857C97
311
F2B43E9FE4CB45F14E6AF589E807EF2241C6F4B40A8B6D8CED1FA17807B4AAD90DAA8760FAE139C5DB52AB42B9E51F10FDA4069994BCB3865A4D1C2D01CD0D021314FF87B5E23D6F93BF329AF66EF42F504B0304140006080800075B2155A233C2345D000000800000006500000043423941333745372D383630332D343233
311
342D394345342D3542453543453643373132302F5265736F75726365732F31463844443239302D384636362D344532392D393441392D3546343043423446343937422F7468756D626E61696C2F636E782E786D6C4D8B490E80201004BF42E6EE76F3C0F216234B883063108CCF170C074F95AE5473F5C4C06E932E4F286019
311
67600677D21E9D8092EDB002539227A2FCCB80E1168D80A6417297A89C5D6963B7129A0D1E8F2EE73AA7B62BBEB8B27DE50B504B0304140006080800075B2155BE89762363000000880000005B00000043423941333745372D383630332D343233342D394345342D3542453543453643373132302F5265736F75726365732F
311
31463844443239302D384636362D344532392D393441392D3546343043423446343937422F636E782E786D6C4DCC3B0E80201004D0AB90EDFD75167CCE820A4A845D83603CBE602CAC26799919AEEEE0D965E2E908050C6D0FCCE04C8BC355404EB6198129C92351FAD580A10E464065907C8D948F8F166375F655BDC3FDC3
311
B4E530A176BE7057BDC43B2A593FE403504B0304140006080800075B2155B588DB457E000000A30000003600000043423941333745372D383630332D343233342D394345342D3542453543453643373132302F5265736F75726365732F636E782E786D6C4D8CD10E822018465F85FDF7183A32D8009719EFE1121D0BA191B8
311
1E3F685E74F56D67DF39A2FBAC0EED26BE6DF012EA8A0032FE1126EB1709699B3103D4291143D8FE6E80FCB81A090583124B0CE975A0C9CC6372853AEB9F07AC351B868613CC74DB627A6F38E6F4CAF1595372EBA9A6FCD267E354943CBF5EDE92575F504B0304140006080800075B2155D320E9450A010000550300003400
311
000043423941333745372D383630332D343233342D394345342D3542453543453643373132302F536368656D61732F636E782E786D6CCD93BD4E042114855F65426239304C34D10DC3161656366A65877077250BDC093F46DF5E582976133B2DB683932F37E71CB862FBE9DDF00131590C0BE1742203048DC686FD424ADE8D
311
B764D84A1111F3094686A03C2CA4C9448A7DC4B276C9C04E15D75467C3A18BF7E83D8667FD0E5E91413B95D242D2F14A55C968201DA85159514E23242C51439D90AD873E414750190C91F334CFE374374EFC85F3CD7CBDE137AF8235528A3744D7791B32445CAFE649633D866A6812AC015294683BD5521079EA8ED63E04AB
311
841429C7DA4227F3D75A49B5AECE6A956B59EC08FE3052B016F62CF2030488565F6AE6337BFF16FA098281F8585F2A5AE52E35FB6F2EFF56013B6E40FD066D21E437504B0304140006080800075B2155E3603EBE7A000000C20000002C00000043423941333745372D383630332D343233342D394345342D35424535434536
311
43373132302F636E782E786D6C6DCD410EC2201085E1AB90D9DBEACE05D09878023D01A1D34A8419C380F1F82DA68B9AB8FDFEC93C3D7C52546FCC12980C9CBA232824CF63A0D9402DD3E10C6AB03A3397DD192872090D3406ABE7CCF5B5D18893ABB1690CF4DCF02282E5EA8A5BB96FFE536F285CB347F95BEFFE81C9ED5A
311
FF9D5B1FB575BB00504B0304140006080800075B2155A76D43CF7E000000A300000007000000636E782E786D6C4D8CD10A832018465F45FE7B374BCB023596F820B12C64A5C3E5D8E34F4717BBFAE0F09D2386CFBEA1B78D2F17BC84EA4200597F0FB3F3AB84742CB8033428114338FE6E80FCB45B090583126B0CE979A2D9
311
2E53DA0ADD9C7F9C508FFD8D72C371D7128A594D19EEB561B8194DA34DAB7955936C5C8B92E7D7CB5BF2EA0B504B0304140006080800075B2155CA1DF9C9A900000073010000130000005B436F6E74656E745F54797065735D2E786D6CA590410EC2300C04BF12E5DEBA70400835E500FC800F84E0B411AD13252E2ABF27A5
311
5740421CEDDDD9B55CEFA7A117778CC979527255565220197F75D42A39B22DB652EC9BFAFC089844F65252B2630E3B80643A1C742A7D40CA8AF571D09CC7D842D0E6A65B8475556DC07862242E78CE904D7D44ABC79EC569CAEBA537E3521C16DF5CA5A40EA17746733E0B6615DE7217475F386F18B9481C510F1F021CD9FF
311
027EA0E1F5C4E609504B0304140006080800075B21553DEE336E64000000790000001B0000006175746F6465736B2D64657369676E2D7061636B6167652E786D6C35CBC10E83200C00D05F21DCA56CA76D41FC96062B120735B69A7DBE268BB7777961F8D5AF396893C2ADB70FE7ADA196782C2DF776D7A97B5933C430F156
311
51E5469C55D70F80A4992A3ADC954792C525AE70A1E4D6AD9816CC044FEFDF01FE3FDE907802504B0304140006080800075B21556B7121F0F6000000960100003700000043423941333745372D383630332D343233342D394345342D3542453543453643373132302F4173736574446174612F636F72652E786D6C8550416E
311
C32010FC8AB5776C207653224CE42AFE414FBD21200E4A0C9681AACF2FC4AED49E7A61D1ECCCECEEF0F3D7FCA83ECD1AAC773D901A43659CF2DABAA98714AFE815AAB3E0ABF7F1170D2A2767D3438141F069F569D921E55D34AEA0CE6BB383320413A1528FFCE921A89B99652D53CC8C70AF17A9EE723235A9379EE02959BD
311
4BADCE6EF66ACD0AE2721CC791BE31C4281E503BE6878DC388BA437BC12F1D23981D7953C482473BFF4C57AB91D1681014538A304398BC1372A2ED89741FBC294CC1435CF3CDFBD0721D88A16C7D9151F266EBFE714D8BFEDF3559170F7477DD140104C94B3E1B823725A55C9E11E65A1215DF504B0304140006080800075B
311
2155851422C9F20000008E0100006800000043423941333745372D383630332D343233342D394345342D3542453543453643373132302F5265736F75726365732F31463844443239302D384636362D344532392D393441392D3546343043423446343937422F7468756D626E61696C2F302F636F72652E786D6C8550CB6EC3
311
2010FC156BEFD8409CA68E3051AAF0073DF58680382831583CAA7E7E2176A5F6D4CBEE6A989965879DBEE647F36942B4DE8D405A0C8D71CA6BEBA61172BAA257684E9C05EFD32F1A344ECE66840A036753F079D920E55D32AEA2CE6BB381324693A0518F328C10D5CDCCB295391546BCB78B5477399996B42B8FB39CADDEA4
311
5617377BB52600BF1C8410F46D4003C567D48B5206711668BFEB2FF8653F103C1C5857C59C253BFF6C57C1C86434708A2945784098BC1372A4FD91EC3F5857999CC514CACDDBD27A1D70CCBA15FDE39617FDBF5BB62EEDE8E6B62A2270523EF77CE0ACABE994F68CAEF49A24FF06504B0304140006080800075B21550BBF10
311
F2F8000000960100006600000043423941333745372D383630332D343233342D394345342D3542453543453643373132302F5265736F75726365732F31463844443239302D384636362D344532392D393441392D3546343043423446343937422F7468756D626E61696C2F636F72652E786D6C8550CB6EC32010FC156BEFD8
311
40ECA68E3051A2F0073DF5463171506CB07854FDFC42E24AEDA91716CDCECCEE0E3B7E2D73F5A97D30CE0E406A0C95B6CA8DC64E03A47845AF501D39F3CEC55F34A8AC5CF4000506CE26EFD2BA41CAD9A86D41AD1BF506CA1074844ACDF933405037BDC85AA69819E15EAF52DDE5A46B523F799CA564C64D6AC6EC66AE467B
311
E097BD10829E7BD4537C42ADC84F2F4E0275BBF6825FBA9EE07ECF9A22E62C9AE567BAF25A463D02A79852847B84C91B2107DA1E48F7CE9AC2E42C449F6FDE8696EB80C75B5A3EAC34336B9EDD3FAE691DFF774DC6C61DDD5C9F8A009CE4251F0DCE9A92522E8F08732D89F26F504B0304140006080800075B21559426B3E1
311
0C010000B10100005C00000043423941333745372D383630332D343233342D394345342D3542453543453643373132302F5265736F75726365732F31463844443239302D384636362D344532392D393441392D3546343043423446343937422F636F72652E786D6C85904D6EC3201085AF62B1C70682E31061A2A4B64FD055
311
77C8260E4A0C113F558F5F885DA95D75C3A0C77BF331C34F5FCBA3F854CE6B6B5A804B040A65463B6933B720862B3C80E224B8B336FCB281C2C845B520CB40F0D9D9F8DCA4D19AA04C568D9DD4264AEF5500C5F8489716F8F1A61659CA1892C3DFCBA71CEF7256252E579FE031EA698BEA2975D357AD1C105DD3F73DB930C8
311
083A43DAA783F5E71ED63BDAA17DCD30620DAF7258F0A0971FFAE8940C6A02822042206210E1778C8F841E71FDC1ABEC14DC079766DEA0793A20F070E83AC2103C0CFB7DC29104A66706EB81A2B70B1D286B2EBC5A837F80F139FD0F8CDA841DD9806BC22766FAFFEB41F02A2F3095D77653CDCB16DF504B03041400060808
311
00075B2155FF2D46ADF9000000960100003700000043423941333745372D383630332D343233342D394345342D3542453543453643373132302F5265736F75726365732F636F72652E786D6C8550CB6EC32010FC156BEFB681D84D1D61A254E107AA9E7A4378E3A2C460F1A8FAF985C495DA532F2C9A9D99DD1D7EFC5A6ED5
311
27FA609C1D8136042AB4DA4DC6CE23A478A99FA13A0AEE9D8BBF685059B5E0080506C167EFD2BA41DAD988B6A0D64DB8812A048C50E95BFE8C10F4072EAA51296646B836ABD2573563439B074FF094CCB449CD94DDCCC5A00771DE4B29D9CB500F8C9CEA4EE667902759F7BBEE4C9EFA819261CFDB22163C9AE567BAF6A822
311
4E201861AC26434DE81BA507D61D68FFCEDBC2143C449F6FDE8696EB40BC6270C96B0CBC7D74FFB8A675FADF35191B776C737D2802089A97BC37046F4B4AB9DC23CCB5242ABE01504B0304140006080800075B2155A8D5C187F6000000940100003500000043423941333745372D383630332D343233342D394345342D3542
311
453543453643373132302F536368656D61732F636F72652E786D6C8550CB6EC32010FC156BEFB681D84D893051AAF005EDA93764888B1283C5A3EAE7176C576A4FBDB06876667677D8F96B7E549FDA07E3EC00B84150693B3A65EC34408AB7FA19AA3367DEB9F88B069595B31EA0C0C0D9E45D5A766874366A5B50EB94DE41
311
19828E508D8FFC19208C1F7A968D4C3133C2BD59E47897936E70B3F1384BC9A85D6A54763337A33DF0EB5108415E684D09BAD49DC80F151751F787EE8A9E7A8A113DB2B688398B66FE993E7A2DA356C00922A446B446F80DE313E94EB87F676D617216A2CF37EF43CB75C05FD73D036BB7DE1FCFB4A8FF3D93B1F14076CF4D
311
1180E3BCE2DAE0AC2D19E5B206986BC9937F03504B0304140006080800075B2155872E577002010000D80100002D00000043423941333745372D383630332D343233342D394345342D3542453543453643373132302F636F72652E786D6C9591C16E842010865FC5CC1D15D475DD209BAEF10D7AEA8DCAAC4B760523D8F4F1
311
0BD5A6EDAD3D417EBE7F867F869FDFA747F2868BD3D6B440D31C12348355DA8C2DACFE4A8E909C055FACF53F30488C9CB0852883E0E362D77997066B3C9AA81AAB7017A573E821191EE1D2821B6E38C954AE3E10EE9ECE72B8CB11539A6E9CE05E4F5FD66141E95181603963246F484E9F293DB1F244AB179E4552F0551B5F
311
B0BD194EAFA8123BFB10094455F06C7B0ED8AAD50E69153EA9AF1A1710DDA5792AEABE26C7435E9092152569BABE24D5A5AFBAFED0D594E5A148300BEEFC1246B3178943F8AB7D33FE8AB6CEEA9FD136870341BF436571CE82679F4B0867DC89F800504B0304140006080800075B2155D49EF45906010000B2010000080000
311
00636F72652E786D6C8D50416EC32010FC0ADABB6D20765347982855F8414FBD51435C141B2CC051FBFB4242A5F6D60B8B66667766971D3F9719DDB40FC6D901488D01693B3A65EC34C0162FD533A02367DEB9F84B06C8CA450F9061E06CF26E5B0B343A1BB5CDA8754A175086A023A0714E9F01C2F8A11759CB2D2645B8D6
311
AB1CAF72D235A91F3ACEA2597E5A47AF65D40A38C59456B8AF307925E440DB03E9DE5893959C6D9B51C5CAA8E46E2E467BE0E7BD1082BEF4554FF1A96A457A7A711255B76BCFF8A9EB09EEF7ACC9CD9C85E8D3CE6548CA195190B7ECCB9A07C5D9BB737311A4500A393B7F01C7ACC9C49FD0DBAAFE11DAD8B8A365E0A32300
311
2729D09D48C6F982A9DCCF9B6ABE36FF06504B01021400140006080800075B215586DD1B3C12010000A80100004F000000000000000000000000000000000043423941333745372D383630332D343233342D394345342D3542453543453643373132302F4173736574446174612F446566696E6974696F6E4974657261746F
311
7250726F706572746965732E62696E504B01021400140006080800075B2155B1DC1E41EB0000003002000045000000000000000000000000007F01000043423941333745372D383630332D343233342D394345342D3542453543453643373132302F4173736574446174612F496E7374616E636550726F706572746965732E
311
62696E504B01021400140006080800075B215588E57597CD3F0000904100006B00000000000000000000000000CD02000043423941333745372D383630332D343233342D394345342D3542453543453643373132302F5265736F75726365732F31463844443239302D384636362D344532392D393441392D35463430434234
311
46343937422F7468756D626E61696C2F302F67656E657269635F706E67504B01021400140006080800075B215528BB58AF800100009E0500003D000000000000000000000000002343000043423941333745372D383630332D343233342D394345342D3542453543453643373132302F536368656D61732F436F6D6D6F6E53
311
6368656D612E786D6C504B01021400140006080800075B2155670136ADA9040000B41400003E00000000000000000000000000FE44000043423941333745372D383630332D343233342D394345342D3542453543453643373132302F536368656D61732F47656E65726963536368656D612E786D6C504B0102140014000608
311
0800075B21558DFFFC99640100009B0300004500000000000000000000000000034A000043423941333745372D383630332D343233342D394345342D3542453543453643373132302F536368656D61732F52656E6465724D6174657269616C536368656D612E786D6C504B01021400140006080800075B2155723CEAAA5100
311
0000570000004700000000000000000000000000CA4B000043423941333745372D383630332D343233342D394345342D3542453543453643373132302F4173736574446174612F41737365745461626C654F66436F6E74656E74732E62696E504B01021400140006080800075B2155C55C6636560000006800000045000000
311
00000000000000000000804C000043423941333745372D383630332D343233342D394345342D3542453543453643373132302F4173736574446174612F53747265616D56657273696F6E5461626C652E696E66504B01021400140006080800075B21558B1BBDF837010000A20400003600000000000000000000000000394D
311
000043423941333745372D383630332D343233342D394345342D3542453543453643373132302F4173736574446174612F636E782E786D6C504B01021400140006080800075B2155AC89A79AE6000000600100006700000000000000000000000000C44E000043423941333745372D383630332D343233342D394345342D35
311
42453543453643373132302F5265736F75726365732F31463844443239302D384636362D344532392D393441392D3546343043423446343937422F7468756D626E61696C2F302F636E782E786D6C504B01021400140006080800075B2155A233C2345D0000008000000065000000000000000000000000002F500000434239
311
41333745372D383630332D343233342D394345342D3542453543453643373132302F5265736F75726365732F31463844443239302D384636362D344532392D393441392D3546343043423446343937422F7468756D626E61696C2F636E782E786D6C504B01021400140006080800075B2155BE89762363000000880000005B
311
000000000000000000000000000F51000043423941333745372D383630332D343233342D394345342D3542453543453643373132302F5265736F75726365732F31463844443239302D384636362D344532392D393441392D3546343043423446343937422F636E782E786D6C504B01021400140006080800075B2155B588DB
311
457E000000A30000003600000000000000000000000000EB51000043423941333745372D383630332D343233342D394345342D3542453543453643373132302F5265736F75726365732F636E782E786D6C504B01021400140006080800075B2155D320E9450A010000550300003400000000000000000000000000BD520000
311
43423941333745372D383630332D343233342D394345342D3542453543453643373132302F536368656D61732F636E782E786D6C504B01021400140006080800075B2155E3603EBE7A000000C20000002C000000000000000000000000001954000043423941333745372D383630332D343233342D394345342D3542453543
311
453643373132302F636E782E786D6C504B01021400140006080800075B2155A76D43CF7E000000A30000000700000000000000000000000000DD540000636E782E786D6C504B01021400140006080800075B2155CA1DF9C9A9000000730100001300000000000000000000000000805500005B436F6E74656E745F54797065
311
735D2E786D6C504B01021400140006080800075B21553DEE336E64000000790000001B000000000000000000000000005A5600006175746F6465736B2D64657369676E2D7061636B6167652E786D6C504B01021400140006080800075B21556B7121F0F6000000960100003700000000000000000000000000F75600004342
311
3941333745372D383630332D343233342D394345342D3542453543453643373132302F4173736574446174612F636F72652E786D6C504B01021400140006080800075B2155851422C9F20000008E01000068000000000000000000000000004258000043423941333745372D383630332D343233342D394345342D35424535
311
43453643373132302F5265736F75726365732F31463844443239302D384636362D344532392D393441392D3546343043423446343937422F7468756D626E61696C2F302F636F72652E786D6C504B01021400140006080800075B21550BBF10F2F8000000960100006600000000000000000000000000BA5900004342394133
311
3745372D383630332D343233342D394345342D3542453543453643373132302F5265736F75726365732F31463844443239302D384636362D344532392D393441392D3546343043423446343937422F7468756D626E61696C2F636F72652E786D6C504B01021400140006080800075B21559426B3E10C010000B10100005C00
311
000000000000000000000000365B000043423941333745372D383630332D343233342D394345342D3542453543453643373132302F5265736F75726365732F31463844443239302D384636362D344532392D393441392D3546343043423446343937422F636F72652E786D6C504B01021400140006080800075B2155FF2D46
311
ADF9000000960100003700000000000000000000000000BC5C000043423941333745372D383630332D343233342D394345342D3542453543453643373132302F5265736F75726365732F636F72652E786D6C504B01021400140006080800075B2155A8D5C187F60000009401000035000000000000000000000000000A5E00
311
0043423941333745372D383630332D343233342D394345342D3542453543453643373132302F536368656D61732F636F72652E786D6C504B01021400140006080800075B2155872E577002010000D80100002D00000000000000000000000000535F000043423941333745372D383630332D343233342D394345342D354245
311
3543453643373132302F636F72652E786D6C504B01021400140006080800075B2155D49EF45906010000B20100000800000000000000000000000000A0600000636F72652E786D6C504B0506000000001A001A00210B0000CC6100000000
310
504B0304140006080800075B2155000000000000000000000000370000006662782F44394334393642382D433338382D344632372D424133312D4642463737394333304143302F617474726962757465732E62696E504B0304140006080800075B2155000000000000000000000000350000006662782F4439433439364238
310
2D433338382D344632372D424133312D4642463737394333304143302F76657274696365732E62696E504B0304140006080800075B2155F270F1330600000004000000360000006662782F44394334393642382D433338382D344632372D424133312D4642463737394333304143302F747269616E676C65732E62696E6366
310
60600000504B0304140006080800075B215588E57597CD3F000090410000420000006662782F44394334393642382D433338382D344632372D424133312D4642463737394333304143302F7265736F75726365732F322F305F67656E657269632E706E67355B773CD4FF1FBF73E71C0E67EF7576C9DEF3EC995D46C6A1EC50
310
46649CBDF79E192942562825CE965D8A868C2842C8DE9FDFD1F7E7F138F7078FCF6B3F5FCFD7EBFDFEC41B196891913091804020321D6D7513FC77D8C5070EC3FFEE51B21F068154CC75D455CC028A3EA68992803810109FDDE5D5CEC5521B28A1B422BF80741695D5B529DA1C2D058AD2388BDA9F476F7C2CADC939304173
310
DBF48A452BF8A700C0C70C3D121C1AA15A5270C22E2B9E28763651F7DA0D12CE11077B2ECD0D560B5E3DE2368B1E65C5E1C87384A4CC5F2D9FB8BE39E9B77C753783A37998F5CEF1B4FEE553463245C9712270880DF339E0B882A6BA713D865F6F384C842D440934EF264F4A304F8DE4EEFA1E2BF5E2D91F5ADD9613D6E31D
310
DB33ED31DB1D7916CAF091286EA3D31B9CFECB78BB0060245B943C4C040119FF780A74DD308BA9D028678674EB5504ECF284EE814DAED07440BAF649BE4B55DA2890F4D73E2D489A59EE54FDB0A85B59F2F52C4858A02705C4815A792B0C4A996A2023ECB195073E115E3E3647F64243A8338F2000BCB58DA5692C7E7C3D41
310
3F963FEDF3CF00FBB0F831A9D51360FECA43819F527B89FA260EB63C5DA676830AA3626A3693B23F1A17A0DFFCE3EE164E31B5365EDF0C89EF64D8E38AB0BA9A1117D7C3A0EC44F44F4023095E80BA610DE336D0F99593A88BFC5306E72DF98F7FD132ED95878DF2964EA7E43071359FD83B2BDF9C6B5BDF768F0F3C0FC351
310
199526F53D9460A34511F75D1B63E488178569472C91A94497807A3FD4A390C6558F26D416365C3656DE6E769DA9D8FC73774E1709812842DD8EF96AED1960F79D21B395CDDFE6F92CB4EB962A4668C76990E2EF29798C8941D67DA50F4A5F947872460F1F6FDB794E8A29FD7AC0C0D6E0714339CE258FB17AE8535221E346
310
4A10F29A0BE5EEECEFC5675926A89F49EB14E5711894F6586DB5754EB4D5DA9C6437EBA57DB97A24F8B8A8DB295FFD73266CF57E82694DF5166DDF93573AFE9C9C5EB05F8FEF8E89E0A8917B0B3724DB7BEBB53252581EFC3E38166BA131A3A5B42FE2AD00A769BBFA4458D2DE7822F8C4F63D0B8E21B285AE13325F3410A4
310
35C648C9D91FDEB109E73CEDA7BC796961AF79175E1A3CE4C5E8B0D009B0C9E29EFD98BC8E97554E3D8D838424E270F7685226E5AC268E021EDE3522D583E8F20C0BDE2959EF5BBFEEDAB32FE9A3ED0E39F211A86AA9DEBFC68182EDED132AB8BB794442D2D7EA9F4D8BFF52BC4D55BB165124EE90A42D101E67BBBB292FFB
310
4F66DE5BF2300E44546757DA7CEF8932BFC9F92A0707953491A55C5A5ACEDABD9FA1AEA01BAC3DC5A24E22E7C47213493996EFBC369D086ED9397C9BA6C7F9855C7BD5E15BFC8C53DB3D2A4C5901A57ACD2FBDF4D1676E95338B2C2BCE65FDA4C64F5FEFDC7D9CA5AA1FCF11E193F2FDABF0F4916BF13FB916A224380E6462
310
A9815F2300DC49CC4DF8D055CEF76462F4B7A7ACA7365C2707891370BC1D0AA6203C44CCAB47084FEC057F27FFCD57F89B8B9852459798A675C66BD7CE572CAF71FF7E6D7ECF7BF62CAB7B3F1107DCD04DC55A3F9961700286141C94A4F771FEB2BCDA2DDEE0CB0BAE402FF1DB0100F8E475DFFFC074DDB4498AB7D186A765
310
4DDB1CB680D703D47CEB4E72F8CB13D86A4AA68116E26387B93FD6738779B34FEDB8E517EDF2BAF28D9BE93A1D3A164320E07D42E514725C29515FF361754213EDE06B079A2E99EB1CA82A02019EADEEB87B9AF005BD04BBCECB14AACD6B24EFBE482194A97DD32400685FF1FEF1544D1B14EFB1E7F08E6D2CD2AF52DE757F
310
35F5E62332EE88EA26417AD5C3E0E319D68F25414E6D672BD4522B278C57D18F0113921C71D96527E091F00CEB15AE23D24667369BD3CEFA10C7549D930890BA4366F4EBC55F01F746109F98ABCDD5A3EE06619C6AD78AB33E48E4C9BD21BF7478B385EC05C4F8987E2C1BFA0A60EBEDAA0AE0B015C2720ECE180FB6F2DEFB
310
EB822D96338C9B63822183BBF52FB664A7AE57003AABCE512BF77E7E31BDA2E739AC4C131657DDFE5225E900FB56CC01CDE808FA4A9C9DA16AC679656BB64796283D89812B8F91136AE18EE5EBBAF47A73BE3C153EB5D4CD491B4BFB4FE690A4CF9ABA08C0D8AA64220C438C96EA6CA80B58FE5761E697B3A292EB9FBDA502
310
FA863E49FE694ADDFFF9D62C520BDD1A22014147A0903A05B9B729F54272EF83931FEEC057BFF8C8055C279EAC5C0011804828734024F6CFA319C9CC6867C727184465CD9BB7ED386AFFD96B294A85E3802FAE47244602D8273615952B98C4F23F7EAE4463D9D638EEE374A20959E0FE519C4CFB0FBFE5DD80C2AA3F9DB961
310
D1BDE57E67C9BB47B77FDD74EE3094F5DBBE3EBC1FBDB7393F5116263009E2EFE1AF9A221B2AE234C902BF70E9F280ED23E73908361565964333A3F01D0B006AF32FB21AA1316744B489D5A198E85299241735BE559675130955C902A8ED761FC0DBE337A9F91919AF5CE32AF902ADF9AB2615E00E8A94586BA1A90839B618
310
32FF1BFB76D2EFADE6DB1BA04CCAD3DA649E7E2A0219F592E22F2AD54847EEA8E42271011E9074F8F3DD9FBA6CDF88FFC9FC7E811AD1CA8F4557CE4AFC7BBEDCF0114A48689F20A584520C74DA8127124B767E2FB91A6B186246727BE63C9445BAE02088D58B8EFDC0F1072407CD9B89A13F6303B4A928F593AD489B58E686
310
9325790ADC406036C591729FE14021F94B7796BB11848D463536A092A26F077F94639F7CEEE2A724C66EC885F4A24F8B8A0AC321F8FD149BA529460FAA34E4663C02D41FDF80BCA222D42F0ABFF8490F4FA74C673807C2051D8E467B47B616072860069A9A303ABA9B319D58404461401B0A0F9BE5E1E151C14BC33B32ABE0
310
3DDE91708DFAEB15E7C0D593C86BB7D7EC17BE56E57975F077BFD5525F3A1A361D584A75E08CF29FC7B44B2B3085014F3A5A14517377C3F6B8F37E59514C3B12F8AACDEDDA4DFC49BE5710101534CD6FB6DE15B50F11A09472AABA727F0C49D9CB906B158030065F48EB3625E010CEC1D511D0053474B11E6A4F01C0D6EF1B
310
ED3A944FDEC70E0DDCDC756C86545910E0DAE3BE3AA9A404574C2995CD5CAF9549226BC94B4F4F0F5F9086F418F6B32346464610D8BC7391D3C3A3CCF04CFC1FB2A3A3170E369511868F14EEA4E5E438CC73DB1F3248AA94B6B2FF33B222FF3D1E7BF146CAD229770158063BCE4F5391964DF62F7E52A7BE0EEA829C9E13C4
310
C147D6F93FE59E111DAB5E4594D6F3CD1AD375EE039930EFE5AF2BB2D41C83C7DABD8C659BAFBE8FAB392CA634F3D15C1D945DB4588D2B0824A4EC928AAC565557CA2F0DAA588CA5BE30B3A8004F7BF005E96CBF891D7F18112A3619FDF530DC8AA64954258E1811789B5189B49B4EB53F5F89F7D37523894F3EB57B373763
310
C91E502F52CC99EB7BDDF933FC324C4FFC2561DFFA7339FAFDD0A4BFBE6D3A8FF9ED1FC49898139864602458968913181918F719CCF5A68B2EE9C1FF050E34E63107003B8120FA982C21B30A874E4F5E4B38D5A8290C4B8D9BE48A0BE31EA995BDC37AC6DE90BA17D259DEF53605D55922FEB1855D915B659FBEB350EE0DFB
310
2F9F766E1C84CC8964B75D08667445EAB966015F63A18A9E0A325C1B3DC628C0D3CB60F767FA93CC65F25458BD23C3B312716E5F40E5858AC06EBA9AB14F95DB99147B832069201541D09A0D856E12C629CF32683760EE855537D1901988D5EBC156676C7DD51D7207CF3267AF1D76C2AD867315E44618015313A98B19941C
310
696FED3461CAA9B5415F918556D7802EDACEFD6B2E45853A9735DFC9DBF7E440F9319F8B6805A973BCCDC76C069A9144E51F187EDCC12FC31B5DEAAF0A76137199B106EC84ADA6B6EE697D4E6A96E007417F4E880E8B1E89B4BCE9D81EF611E2ED8F0C1A6C25F620FAFAAB656A7C42D464880E8AFAB0E0FC8EA38CA9A8AEEA
310
EE3E4648BA4680270A89743CDD3E6C6CBF34B7B640EFA285ABC7EA0A1E28F3CC963D114A80123EE66D0AF7D5380EB41909B605AB4765B709B808590458157E69BA1378FEC4B48CAF6A730E3BE3C5EF2DD1A5EAF94B1DDE50CEB55DDFD7EE9A16747FA4B223359FB1FCC69E1194892BABB93A1D5C4E807AC0EA2E30180811E7
310
7A2291F6E7F7FAA5E0F60215BC6024E48DE436C511F0628B8CA189982D4D83CCA17D305A7E923C37941CFDFDCD93ACAF735EF5F0E61BBD3E6C41A59B242790D3A3BAC7064DCD89AA2E37214EC839820949D5CAA31E240D2948E48F690298974A96BA9A8432BC90F5071D6537C9666EA4564796B7AFFFA548077BEEA75F6308
310
3435074BA182F3699557397F71548383FDA8CA34D99B981E72835ECDA5DDDC151315173D05A21F651AAF8524E88209E2E7A737ED1045800CE3390050BCFB8BE588DF111617874C62575039CA588EEFDEFEFE319B739DE2EDC147092A262611E159650E787917885EF08F1F51B8F2D8A71D60B58B190FEF9541A1BE94BC19FE
310
A50784DA1419FE4B0FB51B8D36B5FF8E1286FD8AF42B91E59A5F1CC4D60174E764045FD8C57B18209B217F89A62252BD20BE0E63E12B8E8F029FE19E0E8D0870F58721A557082250D5424F7909369376E41666C0EE77CD87CB283F661D5FB6D0DA023CB67320A20DC7BE661E9E1BFE5463085C557DA1FF9BE835733766C3D1
310
39F2CF9E2208873AD0EB4814DE9E6BF2CAF81614D4D43906ED1C05A3265CABBFE192770FC2F64F940CB6B17B5F166F133C9AEEAD2641807C3E69515171DD74C4A85311513D6EC9530B3B601B6BA3EBFF3B5C3D2F7D69765141E345F75433953D013ADDF8F6AA7DC3F4A7563FE5C7D367937E2900D7EAD0F9FC9A4A1A9B5BDF
310
1FEF08532660C01C5D6DE22199AA774383E306DAB87E301ABB7D213887F9869D4942D0D71E94B27EDF216A318BD488D45DF84529EF575AF3C3938C0AAA0215B01994153E2054A0B894DA5C784980633AAD48576957CF4AEAEAFADC7C587368551C73DBE1E57C58AC713303A8BFC258BD04B51724459FF9E24C03A81E0E0679
310
CEB9B348C0DC998FEB9C6D6EFA77D247CC8F92D3848599ED89A23218D0636465AD1CEEB7DC140D7426F83491C4E8E8281C2FB35240918FFECE880CA2A42D70E8B20B34DF5221C7DB0CF90ECCB9C745B37A47E9B716FF7A97B7A252C1F3814DC7B1E1A7F72B8751D524EF7CAE45B0C73B3BE7D08ED39781B380DDFC9AA4A474
310
9C9493DB5BAD07A6EA6C092FBD0E85DB004DF06B8C9D3089C5320187E4CE1846158C7EA7DDAE8AD9AFFF21AA3A1026BB06A259845E8232DEE62811A4DA9CEAB3A4887320B76E2AE5615EAB7BDF738CBDD01F1E64064BC13D9EC53576751CA8CACD58B3CEB0E6CA585BD089B2A59B9FC101403387AADBDBE70586B93D64BF3A
310
D4453EF9C3B6A93817E8346991798601344F79A83C51F3D50F7BF2683A3605F51A72449489E0EE6169C749C60B1035651103AEE24D24E51A759C840DD3FC6504DA6FE107510E447B43461C79D22970B75DE5E1BD3007D1AFC619A4A4A69B5626AF5E9B8374E20677F77E2F8E73DF868E8BEC7EBA7B6A75EEF7205E1AB9486C
310
B642741D6E03FF13FCCEDB1C4AC129886268B01CDF4B124AF797CF784F3C6DEC97A17D4B558070A0F1C04DA4FF9BDBF34159AEFE958479824B3F58EBD1E19088A2AFDE501B6F2052368A3FD0E650A179EFAB1561E1D27527077136E652676C3670F42DCB3352F48F6BC86D2C3B0051727E41A0A4DC6CE2BE9D47F5CAA2935A
310
3C0539AF080665997194ABECD723B08129CC5B6B21D2E7D54CD4D12610E7E9FB8306771A89576C7A982002775ED44F3F744CF21EEBB27A631671D921938AAEE3EB0D19CD1E083727F607823E817BF599DCED5394E37EEBC2E88782E638920CA641EF74D4CDFCDEF06F4278ECB18E31E7E9876F2D783C8BF429C75395F57E98
310
C2B495A3DA077EB3AC3C158608B6B57FE3EA48484D9A480096FCEE0DE880950E7E5A5714131C5C41AAA29FD19AE81AC145FA1B9E85C7169A5AB837B213493DF7E9AA4B5FBF9CDEB36EBD21EF1181B7CF7366AB2A951D01E37AF4EB835D1BE8C117CFBE7625D2EBCDB0B20C5A4B45CED0BCDE3EE8DA9DA78C2E21DEAAFFD119
310
7E463C33CC6A80FB785669B856EFF7A8CCCA2841B5A5369173320B1170C368B2748D81062EA0296E5E2D95D7667A4A46D98A6FF475C76AAB0A8C8D45E226FAFC9FE0133EA9F60111F99CA81ACE03A1D14C89E8B0D69079C91464FA1D99E651D0EAF606F345C42A8A1AA9BA391031582B96D5B4176A77AADB01F12FD298A75D
310
EEBB2C82F0B8650E880722F8DDD90C56A7A058E5FDEF1AC93545BA27367C76F5D8F9690CB6F8DAE141EDD7971F0FB548A2AE435F224D6E5954CA155512F7332029D5A1230854B79F258EC5FFDB09F5F6343A8EB193229B7F7E79B3E48F8E183860B38C8269D1B53738FF1E0BACF6AADA6D4869E9DE708E79B5DADCC09B1BC7
310
6F649731CFAF59A83FD8BAE4C749D66FA87A3810D4D62FFE826FA400C0F325D2BC0F3CA35F5847B82A2ACC7961745C823E4D863D54460AF792CE6F79B5C7A33B25C3AEA6CDE15A919B6367D781E9D44F61BF828672594A3E1D9EDD6DF179A81F27EAC05B936575D73E05C209DDD2115CFB705DF9BBF3C911589B3640735E9E
310
618FC9C36A7326C82B2205E244C55D56FDB9D5DC93CE958D4BF8174D2B3DA54CB3C09F2C2A6DFF73D23B2197355761AD421EC581284A7EF8DE2CE3497C0C804D49B41DFD6A7360844E5BEFFB495CFCDB97A4595911CDBA623274CE852B5E278AF0BEB1770E9D37CD977B2766A7DED0E94B840E1E95E8C77DE5CB6354AF7871
310
427C28ADBEEF7BA0A28E19DE9ACD75F379FE373EAE6DDDAE3834692F9C2B03B4FCA8FCA9ABE8EEEBEBB725B88A7C90941E850682CA04061A7DF0CE82ED49BFAFFD42C309818FAE14755CAAE78B0F73243ECCCAD7DF58FCB9CDFAE7A4D3E6671A613639130D056C8383C8F4FCF4808C331E544DD26E4755D09EA05253B3049A
310
1E32587CC25D72E073E2CD96D04A71BBCB0038FEC3F53D254199C3CDC67CD66640269431860225392B2CB3ECD0B4498AAE78BA1994246AE1EE78F2EDFB79F6C6CB6B5E279C4D373FBC21CB2698C9ACBBEB6A4BB6B39E16AB0E421CCBFC7654D81ED86022F9BB522146F9F4772E2D0E4FA70120C95A85A417BF5078B232F475
310
4363EB1750B2AC2148EB46B1EA72AD9B4D23ADCBC589D70106C3EC2ABEEED84DFE28E718C6C83502C28E9FDD3B09DA0A6F6F7B72B706A31C9E2A331EE70DA56A083D2177BFD63C55B11D8D949FAFCF90B23A1E24B9B5018B9A17E99F2890EC302F330FE7936E2C23F0D237EC8916F5166AB84B62A21BB0B950146962D754F9
310
2CC2C8877BED8FC7B7B25726DD19545392570B3A2C66B58F027BEF412E552D12A588C4A3CC5C3193FCB3485EFFF700D0B9EEC077754A33DC1FB9E25AF814628F91DDFECB667D3F7690803F38D13F8AE39353523BB08FC6760144AFA2CE28236F65EDBB3D5F59A57D612B99E3D7E5F8A851666BF9B5A6658EFC96EEB37A378A
310
BB0EB3FDDF1303AF32C41BD1C8560745D7BD81066B0D6313359CF488563D3BA3F8E2185D1FAA3EBA1397C9D0E3DD232180A4DCADB6AF25DB3AC3CC26589C8239E66E81547BC7E2F328F9884764CA37EB5DBE390DFC03A5246B456A7C3684C4377D0EEF9A350680FA9A077E8B2957B489E09AB1AD41316944C2254B5984830F
310
691C93CAA767EECF976FA5647538830B5E63236A6F0365C1E0F3E327F24FE35EDDBD7360B0F7374837409F7A6311BECC12B7026D4FA1AE204FA3F5FE904B1F420C7A9044AE58E403E7C4848E7DA25DC9EDAC79DD756FAA26B9EA83ACE8A214A2612A22AFA19DAE7DBAC5F8CDE1292A485F98DAC731A29FE01A3966E96BCB9F
310
B5A4C8830E1B9AF0C54B87FBE221A097036E5D28D1F869F810C06A9BB0AC0612F69AEBAF893C6E7AD59460208BAB3A6B09CA4F6BDDAB8CF0D1F84B72487498395A70DCD754796E271099A567A55CF242BBED64696378BB6CF25EF0FCDB589F3A82F1116D010A9AB9FA4358809EE0C973A2B4229BAA876A70B03AB49CBA7FBE
310
71DB1832FFD32F9BF2C8E98075CACAFB36921235D0F552B6A67E94E094097A5D7DF681B40623DA535ADA7A9AD8E9A62407D7C9A5AE51D62A17A83A23728DE86BB56115804D3F2675F2C6B87541A0FC497BF0CA86420F558C9859EBE9FAD62747E323E3AADC03FDCDDFE7407B09DA90B44E3185723C5381EAEF589765E2F7A0
310
99BA46695BAD60CEF3491B8A171F5F56444F7CE9455312C3498C74173AEA0214EC029833B34B650CBB5A5508D5091665309642791708ECF27CF11DB3D797D6CFE474453BD4BFADB768094B2147814D81C7CBAF8228DCAF5564B5891F5EF6A860EB2E323CB82AB868D8EA048880D63B0DE5341F1B3D53297B928A11E15F25E5
310
148990F710747C3509ED14909C552EBE3973246FCE55D00564D8310BC3EBC5085D08D806799B77D6C57FDF5E55837F9E934F09C03C729271B64F12D0A9F9E938107CAF7BF1EC8CF1BB9B42363D33070F4CACB425E605DDB0A34A12BB936DE286B9887A4E2E558F0886498BFF49C311D96C277CF6A9FC0D75AD0ECC5226D7E0
310
E3572012E56D7FDE4410CEC7A6D0F997F225A2055B8B92E3956E875AE4993CB3D4C9063AF98FD45E1BAB165640A43439A2C9181A7C355B297C0A0CCFFAE19B6FA3C2BA238A885FBC98B8F6DAF4B94B97304878DF4D8BFF6A4AEDF79E90ED4E68F00CD7299F4E0D83E35601AF0CBEF18C1E870E74758FA91F5131075004DB3C
310
FCF09AE1DABC11957FD9808C92E8A678CE9DBE40DDA0E0D1D505AAFBCBA208232BFB6FB3704E8985E61ADE53DE74152F5C7DE74B1DEDCD37DC3E8FB30D7EBA8B9EFFC3606BF90B8D438279CB7709FC7C00D327F41817EEA71CD9E49FE9C8C9A81C70915D9F0F15958EC5AA4C3BBFAF46986B90F188BDB24B89DE3C6F29EC3E
310
6F66D84856EE96A35E657CA41B41EFD8DBFA16AD6E91439EA92B40B21C053249F51AE50EB0B24C770FFAF40DF12C8436366819C48E36547D4E7B72FE2BBF10828583057814A668BDF183F6B2E58DFB151103E56303E63D00F39C27C4661605DB644D19175D02E3F0241E8FC3458D17AAAADB117CE9EEA690D0DB01E634878C
310
04C2C9310B69FCAB831151E3AD293BEF6E46B0ABCECB50F5939B39C613D41E81FAE8D34CAE3C4566B761D37185FE864AC32FCB71AEF39DAA5BAB88609BB980CD2F07A8F941653B529567726E2B2A58D079DD57E1E5E31426CF184A04D7B03B985F276D47406AF276FE32E3328BA866EB1FD39BEF57863A317634AA5FE46740
310
9B3873F5069EF0D71AF00AD189D17BA1974ECDB2D623E9E14086386A6AAB5807825C37B015BFE892AFD154920EC437EB945D958E18622E1E0FE2FA06557CE4BB9BBD05A2D40E774DA2B65473791E314B7D6C886820B2FCFE4AA272B3B8B15E7344A145E8AF919B5454D89D36D413E87211186BF6F645E5EC94DCCE8E1C7990
310
22E4EC9BC86D7A0F2AFB1FC4B2CE48F84B3F49ECE65BAD24CADCC07EFF39AB06BE9E6B27A059938EA7208838455383DDBCFCD967DDE4650EF92A14FF933C975DB20BD7FEEBC4487576485963D757D16340D9599FEB362F775F38CA4185A86F74B629C81B133644A3B18FD056E997E0734F9BE26D11C0AAFC669E2AC9FC41D2
310
81F8B2E1C35AE27BCE05F3DA295488096688719D974DF1B5D182DB7792288697F8763CFB43562C1CDEE11C4AABD5C22B6E33F6F389CFC3477C5919DC0D533F8A7A1846B7ADB60ABDC26C43D0CFC8910B7C15EE22675BD02702ED39DB77A87A192CA7A543E6205B979B9F5A6B512A3CA799E198B2D5797C0AF8D1D872CA455D
310
4D431A7879D4DD76110B5FF7F4176B54477A9EB5E4A5D11214FDA585F0382751D8E2582BA5D2075053298FEB8F1537304E32CB22C2E2B693DC0A760B1DFCA751BDC445AFDCBB12820ED85F6D5298933C7EF1211E9E057684056CDA3FEF3BB6052355E162DF27C59E965A8DDB7F9437EB72CDDA3A090DE65A5B2F50326247B7
310
EC67B73ACC7047FC9B353D6EE990F772207C6EC52B39DC2F3C0754821DAB559F7C1809C7D0DD5B0499D0442E0A6E391B3D5DB46D11E731E6794EC77523FBDAA242ED67F9FA1FB684255671F63C9BCFE6E7E896D51001A6113EF2298BA494E0B0980D1FA5B9D60796554C02256B1E0345FB7C6186B6A19D2DCA270416262845
310
FA4F42DB5D9B0A0B6F07FCA2E56C242522E001E0CEB734AF310FC8BFB57E38E03AACE93B3326A2197891E68452B26A6307FDABFEE0223D3C03C3C73D2D5BC054C8311F12004CAE488E5C29287F8156A2CAA4AD0D7BE6B97264E4139F437CE73ADF52E5134C52B819777C18B323A5924E4F67AFD13B1CDC3A61793A79FAF5C0
310
CEB718E441071E797C6DCCB9EFCF7E4A1E9F3DF3C2F9C9E8294E9586868788C972857FB0556D7A26941A7EEB9B580AD78EC40B85DC906B4120A563CA3B87797ED612D3B035962BB75F6515A393F4CB057F564CDF54F2E5A024514E6A1F901DB80C7E70B1FC05E356A7E72FABF4775B3E3FB8F70A2A8E7B6A94542BB3041579
310
78CCC999E707A29CC795E67A59CC546A5D47B368954CA7B6E75EC9E1F6FC73CE3B4F71F8CB1A6B15923D61EAAEB14626AAA9D04A26EB9C66CD1BE86CA31A5D8703DE04CD1EBCE4F5CCB62F93909AD11E55799A781A956ED27D3E738F4538CB04ADABC7DAEF20BC35BA6A90BCC1DC61BA05F20D8832FFB9BC9B15E2DB838A0A
310
FBB7E0C82A562127E0446894F427794C3037186F622BF24DE1B00AA10A23BFA47B2A180D6DA5AD6F7326FEB8C100C2D7142EB2A0B2A9D1008A09BA343D70E054AB69E2A7EDB783CBD92537FAF4A44D1296AC2792729104B3276C276C951D0CF3CF3F1E6B017720A7B8505A5FF9589365979678C36F1BAF759EAF57C60F1FF5
310
FE9DCF5F8E764FF25A2D06CF25117A8FED51884C13B2B750DB0E4F5E3D64124FCF11F0AD8F1CC3B3DA4B38ED22BF1CB2585EE6BFEBBA63FBFD44F9537B9B37BDD6B358720F98A8125AED4349CCFEB0E135F19E208A04CA7E2B10711185D72E381F448036EF57C9F874E54A971CA37A639E986AC0226DC5AA00D5B14FEA9192
310
234B3DE617814FC221C92F33F1D392F297731B567FD98FD91D989379AF567A65B8ADF177591DB90FBEA99BF4ED11B16E50A0AB1DBF1156D034BBE04D69D08F939D8E92BF525A1DDAFF80ECBC95D8F45D3FDD289FD23F7D8B452F8EBB34EC082DEEE68E18EDDF072060FAD2AB1504DD4879BF67099FC58F6E9DEFBF645D1633
310
4A3E9A127C6F1AF6132CF287E433B43A0EE93812B4AA0B194E03EE3FF91EF9C6ED0074A2F6EB18A96A7C9890B1FCDA1F2095E944DB911ED54C60DF16FB74C8CE9BDC7C54C4F14078CF73C2FFF1F1BBCCD7CF64F71407EA1683DBC410D226627F66E509060D5C0AFD611DE681D509DB8DD12FB1265B03C6F5C55FF4C30BD941
310
87FF692B4F152982502F193098A789526A038AB529A52BC0DC4FB6285CBAC10A8B8DB75DCD9BDABBB221E27D1F8DA9F5EE5926A1C8AA9BA9BC09239C6A7F12914EA3B59EFF7AAEC3FFCCE56F1C5C2980AD072793527565E774F4631DB178CEEC691B1F367BEA0CF2907E1D6B854D527065979DDEF002D8B2ACEA7CE21AE297
310
737EDE1D45B31233B73FEA35BCFDD0B09721FDBAF6432681F2FD10C3E9EFB246FD6E854B344ACC9D8A0EEF876A7314B49B6A499FC650B099D650DBFEC7638ADFD245E2B7839DA5AC5F7D5623FC0ECEEC8653FC9B2BDD1AD4D00A566FBA7186DD3C9CD26512551637498CADB950FEC71ADB9A5524285DE328B8EC7EC75D2345
310
AEC6A27C42AF6D9B92155315C80DBFCABBB7DA0FAE425C4FB896B15C9BFAC4FE67DF5A23D30C93DA4D8F36FB15D100050DA6062E22AEC5F4DAC4F6FEEF97AE05DE63C6D38F9E068A20BC5E3B6BCD75320C5090924E7F93640A7735B1A43451C2D91EE62C6238B797349E59890AF3A520DF4A87095F3ABEC2E61F0593416CE4
310
6CDCBE0E00E2523FCCD04408588B5B6C9DB6459C786CE378770B54F51DA3A5E1DF2A3349BEAAC234A6CF8993B598B3B25B4B113E353A4D750FA7534749430F3EBF2512E7EA3FD43C6AB9A1F765A58463B306721A15D224FAFE8C6F5E3432D57EE697DA0DD5A9D4866A8BCCAAA9DFF1F06047851408FEC060471D0E3EB86BFA
310
F46E4B5E60311DC3E3CEA147C75CF971BE74689507154FF2D2E92F15CDB2B9182B11459FD8ACAC5A85F174BC94A7F4EE4C4F5CAFA7C02E37BF0BC77B7DCD0C047BC316F562A01A441AFA7931CC84A28CB9F4AA367EB515778F29BFE61195FA671F4352E5E46E3A64773F1F76EE5EB36D7BCE9BCEAD837A4D77F8DB8C92AEEF
310
6711920D7C7D0F76B0FD0EB7AB83724CD35BCA7D36DDDF5FBB7FF6F04A91F3E2BB3B8F1A43CD659639507FF6331C5F697BCC782AE57D757A27D97F1AB9E0AEDB43F92F1B2AACDF5FEC8ADBAF9F814E2027003BA2F9E144B1938A7A04050AE5D953B82C45619165C813A10E76DD6906B3C16438064D14CDA713AEC420034613
310
E1AC7241904A49FBF87409AFB1FCB9B72FE7933A87D8FBEDACECE4EDCF6A4FE9FB94D5DEB74FAB7CFEAE17EE965DF980DCCA2D04134994F9A2E94D2265DA4FE6AA7B7AC15FACAC2B5ABBCD7DFF542C5314FDAB2E1B9D8B65220B8E2B638BE008E8DCA22678C820C5053664D15E89F2D735B51A84955E81A443545E9FF787BE
310
0FA700A76D136C27DA179A7C6E8939E01BE756E19CB292798063D8B97F44E8A27BCF3A614FEB8BE974A718E86F7EC99B53CA35FA24F61F2B07266684623A3D4CF073E511F3A10A8FDAFAF0078C577F4DF9D339FE7862E5FA47CF4344209E5BF76D783B1B48E152AD281B15FCB934DCDA49CEC5706B1EE8B460F435324A5CAD
310
154725E21AB8044B75A557A79F6C807B9340AA3D92503E866F4274412926C8C504E4D5EF8C0E68DD0B028781A6B4054F11CF18941F101C57CCC796773ABC8DED9CD91FE5788806C05E548895354AEAC96546D55B0E94A59F148D061F42AA398D822CDECA4CDE79E13469BDCC44FDC990F366BA5978C15F97ED80CBFD73B0CD
310
9B8B83A4F6845BDFBFAF034019473FB9A63BD55D3A4A7284757071574029A4D016DCCBE95DD679EF3C4880BF169422F8C89B68A988D2B13793CAED4F74DE7486C72DC94DF46B8E93D8E02EFCB1FF9B3BA10C8AE7F653DF94F4AF466CDDCEF5776687F7C4C14B63E4EED1719DC2EC482D7DBCC7AE518CDE3D5FF86D39000EC3
310
673C0044E1D308BF05F74D1B5F033A7D1BE7F74BC55BBE3E4A20F920946CA0271EB17BD2B80E5660ACB8A29A79F5E4BBA49D4D945B6EEF4A7EFEAA65E5555BBB57A7E15D2F83C69F30BBB978D2B39F1F26FC097424D39BB33CA3D87ABF64E307938B685BAD44F71556A30B7E712CA4FE600613C3E554B69ADE949A7CFE214D
310
F1FFF05CB82151EC6FC31950239F94CF7AD39DC473F6EA356E5EC2C4EFA04383CEFE985A127484366FBEE3C0EC4FEA363E4F6632AE781392FD45D67B63FB8DF70E82734F431FD3443172A0E30A83D60982D55FA6A2CF86DBA8382502ACC6CDEF3B907982EED1160E14863FA242F9757347E1544275CCDCF71ECD5F8621CBEA
310
326B8BA884AD7F825781923E66971F04010D574C541D8427A438A37EEF8AF88240EED7362C953F5A81DE2D56109CDE2524EA0F5D2F87308C0C47BD97AD605878AB8589E17CA83930CB5E0DCCD75853D68B1AB136594926DE426C367428E9334AFAFF90ECE221BB5DC9E5BB53D2CDEF954EAA9CD814F0E5725F1965DD458E5F
310
8487683AD86B9D0076BE3EE91EB1CECC5331A67A3F79D8B27587C12EC2A6A70474749F27B4C0BBAFB94B34189E88DC18964BE4121B9137FD516C7755356E50D6714E31ACD222621EBBCD1CFF81D87479056A9DA0E0B8EA19D24CF937DA89F78E8650CCBDC110AAB6C4E46DCBFD0446BA9E2060E81F314AC2031E88135E5476
310
AC0160EF5C0DD2EEF1B8B5CB2D198BE9A554A9093B5F7D7E4B5407DDFCA1D9C152FD97F55BFFFDFE802954DFEC8995B983E28AC92F1971E28F531DC407A1280EB125F64A72E617EFB27DFBCEDCDA2D6F2BDADA36873EE46B9BE1782998C63DA7182BC383FB6FD15DA472B175D7E8B4FC88F38D6E07FEAA3FA3CBB8F6B449EC
310
F14D2175E5C5CCA3A42ABF24CA6C9395AF74535F4DDB38CB84F56614B0FD32D7E19CA5CF988DB4449C40E23DF2B16772594554579094450F56F253CD25EA7F77366FB1CFE79696C428BB64D5A41E986189427E5E4D7E2DAE3D5BB4972B3DC44EAABDDDD63A2264ECFA5C786EB0EE1FDC5BE34FA0F08376869FD1E61EA06CAE
310
15191135445EE8F0394161C3266A596AA035572BB0C8876180D8B9C77D307DF9DCDF7365ABDA6F3A2366436457A4DFC1F259666569A9E4A79C817BDD5610E5200FCE894A358EC72858D50EF67545DA81C6FACE3D457BAF70367E1E6BDD9A952FB4F56247F58F523B97E640246051A72F79BE42FFA0B3187F63097F91C48B86
310
8586F714B0EBD5A00A8412C1236E1298F60C72BE6C96B82B404CADAA304AE9F303176B14BA53FBC2D5E86377E35542019E24D97B96A49B2C0E5006E7795954DEAF5DA58958839043C6C70BD3B1B33B6DC5C31316D8A6923F142E26F6711A2258AF977DDF1F970ECC4F1F2B434B96D81BEB6E89BF3BBB3C7C8CC80505070723
310
D6D7D7D3C8CA27CA164A26024FED94B12A86031867241DA53D929636DA600F050BC40CE48B8BA03D69224720DEE2ED2127390BDF5E6EA64527BBD4C4C63FA76BB801FEEC0E61218EC98A8A86CD8313781617877E66692839B9468CF4DB8E50A73986E558E309C0D6F676F921BE02F1185454DC75B111572FF9D27D85EA14C0
310
5AD7271225B391C4275659CA4A43759D0BA44639BE4C30A84DB7F67A41399FB95CBF923B1B1672ABC807C1590557FB18D811983FA97F5E609516D62281D38B1281F68FC75528C35E4CD7DF0F7DBB5E5DD69C414EBEA2F4A5B241B996BA77AE6C772E367408C633EA3E438B68563EA8BE7667F3A4C4FDEEA52ABD78A2820F44
310
3B7914A15F180018D231E64519C56A12F6CA7C8DAE18F06F6B769DBF92329EF6A5D18FBCE600F36BD8E8198DE5CDAA96181F3A756EBA5501CEE58F497EA4F418A2B82565B9BCC611713C0B708CCA1F398B78C5F7D03B3437CC18F13061F55C7BEDADD5ACB1DB0E36D3CE47FF6EA1A563A57E9649EA5D14D1A50EAA45746338
310
1C073777EF1600607BAF6428A7DDC079D47A204EF1E1F1F0589FB054D45E02CE623B3823C317C601E589E22B1E88B448524B86A82828E32345EC18AE17214B42F8C41C6D428016D9BA31DDCB47572561E5A402E5BA4FCE55F78AF7268524AA04130F3A20BA5D1E9F9948EA48FC8F5314FDB35E21898198060034ACE5E3E2BB
310
CA34092518F275190AF65F45867FF0900AA4B81F25427414C372BF51DC29AA855C5428EE1EEDD6B849AD60F6E73475C2D2523F8A2772C840A478DED18A8C5C91B085F255DC4F54EA7AA8947354FD17ECF8FB3B4A0DE7B483CAF3A1165EE05BBA413E5C1FEF3DE1D6B8F2F3F3251C17D9FCAB48A9AAF63AC773A0E413BBC46A
310
9ADF84A566FC920E4D8C52C9769EE3301CADEEEDD92B312E02E2A7E35B7F1E7D203FE5A7D75578B06E99D0E46FFADB8FDA17ED8880390DA29094202D6F645F76F6F96409CDA05495A96E84B04A00D1A6C6C81D7F3DE9376E828CCF144EE50E364ACCE7237EA0BFB5607ED1AC3CFE73794E5B61739D14DF1743441B1AC98F00
310
ECEDE9E7301FA29755FBEFA68C91EF2B314CF510537EF1ABFC9A762496280B546F5EDAAF8A5B387D469FC9A878A92828C88608453ACEC6094DCA54111E7AD5B2663DFE2DD151B7F123B9F4FEF8EE36AB125FD7AD52A59B1B765B3E3F73E3F73DEA93875004D2AFFE3CDE9493B87A9904DD052028949041A91DC0E1BA47BA71
310
4343FD5B25E0A6A09503AFC17C790058A836A324FE31D7893512E28230332F153181C1E018E1124EBE1BA262AA428A518237D1EA7275E48C5C561BD19ED6912EDD8367DA0F31E40EEAE9683DA9257525AEA7B632B97119E17145A90231768A4F3B9120FF32E8319B015E3CBE26F1A754177D8185345817C096B0CE443A955D
310
13AC15E1FB5DEEA0239EC32A3C92241A237B0B02FFCB4F93CF2B02570C8D192E2F2A68CEEB42F12E6F8CEEFF46C251E22B4341C56FB08CCE550E7A9D6F4D6564B9EA52A83D5BF2C6E03FA19D2775E15A8A7ACF30A13C259EE7F5EF2AC3BA354F1500E1A07FC63FB4686E2F12EC69719F9ECF5FE3F35598DF2CE944008CE78F
310
0911BA5BE5D0A34E0098FF038669C26030BA9B300303039852A8F6F496341737CA7E0D2E3AAA36DE0A70AA7D9CA0D54D9AD84B18A44C9E625475E1C97B93BEBB38DCE7D227E67A2D00F531436136355F243D1FC0D712C5765754FA22FCFFAE97919161F46D6E61ACB37D83777B385889770B50765B127768443A5C4D3A4E35
310
A3151111F146B7CA116F918A049F1C272F2CD7976C69A0068773451659A97E0F4A08FE604C3FF6CE7385DB19F4D3ABC8A0D80DA8A42096AC377DB49382B36E270B6FA7570188B4B7D1DDDDA82ACA487CCA5D38BD3BD039ADBAFA4ACFF27809239B722081E2EB9F145320553D183F28471C388BC8814E5045676767AB58A8E7
310
2D1CED2CA731379515D2E533E4CF0B39DFC625F97AC4836831A4DE330E87A8126FA17EBE583D614E71E22A8DBF2825599743E0640037303E8E1B1E8EA4E1ABFA4F62907B5E4E0E5DCFDAB417C36C6848A2B8D15F1E505434C0707E16B1CFC2A1C36A42BBF55734F8F4301DDC2A5110CEE8C0747F69519265012A2174BF4E95
310
5ECD4FDE095A3ABC70536B7AD0B9D7892F81287D667C108703C9B66A221E9A0929D030008F77FF6F5D2108EF5706FC87A3069B976F7C9FC3239D13D283CDEA83597461079FEEE049B0F392889898B7D87D31F8D60ED7B56B91823A8E4EDDB36C6172ECEE42BD42B12CD67994FA0F0DFAE9389356F4CD4425A4B8AA55CBF7EC
310
D585C6A2C2316791E43D5C06841ADBB226A87FD61515FFBB0167B74E56BD7F3E90A57A97FEDCBDF483A0D6699A8C0849CAEB4947FAA90D8E332D9DEBD9F4738C37DA0CAF9CF3DAA68BCB67C420459C7A64498D6E848E5CADE92BB6901F607AA331104A67F7CD650EE169B1DAE94D2C31C2F993632259B6957E246EFE4C5481
310
107B07118607700040E5812A2A2A38DA0076875258C753F60E0F2662C748EDD5F3F3686B8FC3BD6FE631ECCAA1E8B1C1E565AD117E54893E79F4672E32F9E46B2A183DFDCF3EECB4D4D077DBEA0DA254D256045109670050129E9B9B1A9E4A11344D61497A992778095151510C4BB7EF2009B63AA4360635312E4CF668B7E0
310
D3D85A8688E2BD83B569439892ADB63461930D428E0DE42E4AC57CE48DA5CC1449530D8BD3D6A0F08DF20C8E8F570F2CFFFCEA286E30969B4654D498A58D9DA782E19FE3F002181838925592C4A1EF0B332D88B61A92C644547BED490D3A42CFFAB70E36D961F694F6307F72FF15A1C79D5B1B5CEFD353D9E2B52566DEC8F8
310
F09CB3E8359C0F68EBBB7898243E34E12A015B2685AB303C04D3A9E00671FF3DFF0A184E4A2ABEB2B666AF5B3A209C73D8EF29DCDB069C9F391EEE9DD0F74C7BCDE16F8F02E3B8816122BBEB50665775B600549D8BB33A54A6BF940C028118BC6878C79958D6784F9DEAA6E26748386FFAF8D0D0101E2847B6563F5D8DC1D7
310
8F787BE00E2C941AE12148D4A81599FE8F68D4DA5CDED75530ADE138240300EE13B0FC13A1687FED6774662C05A2B7DFB186732F0D7A93545D8B0A6390AE5054D9CB582DA846D7A061B3358B45E2B52DDE63E114397EDB7E09233A579155D795BE76102CF277F4DF8B188C4F2879BEAE3C08347124BF9ED23B128259FE107D
310
31E34A652F090B30B39E0D9AF917B76A2806135621A8A60681F16AF216514BBD02711585B5B1AE823F4B2D0369EA5B6BCB863072727FFC871CA6C9AB79A814D989057E9470A3D238BC87CBB4A0EA49AFE2B86F22E499793CAA9047080450166BDC357524561E258C77CB697F1ABB32562CF87C3B7AA12F911EF19FB3E5C022
310
22E887D08202A60A17151F5E053A86B437771088B4FEE14D652C43E8D939995D34545E12E2FF93D4E366EAD25F10CB7DED141563C3D0C447AF06078A91135FD4B9611583CB4BF3BD167F2399CEAB0E0100F8FFC305F00F1711717173138B4B48C83022295DE657EFEDD97F238ECA80F528AFB4F8D67AD4E2594B9A3AA86D74
310
87EFC313BA95745C186F0CDD84CC12DC9CB0424B42203D351FD9C0A3AF10CC7F388E0329279087386421F194F4A29464C1DEF7EF8BE515E4A199DCD5B909342598D8FE6A231F71336248D5CEC5454455C7BE383B3BC7B260FED27F703FDC39A170F3827239102F59D4DEE7FEF82EAA1A5E4BA94DCC4CC44E7E2EDE20F24244
310
E4454369D2E87C3F823F193FD4FD27E1C23984B01898D15ABC20711A8A558054951A6AE280096BA36CBA439603B7B0B4C45F248C14B2383B4B5CD8ECECE4FF859AD4A6CA2326D020EF090F4041D28DB66E5256B56232CC52829DE8060BAE6BBF37D4B7469B822454FE93210A3E8D15E69FFCF01123222611C51C4FD0A041A0
310
CFA2471CF6BE38D2B20FA4C3525B5B8B586759475CF80ADFE67A284AC24651E52B8E683D24C2622642F27E7C3C22783BCF63648BC398BD6CD0D9C97E7E7E3EACB6126DB7A6C1FD9F1031302EE67ED96F22B77C7CA0239BB324207559B105E4693EB26EC46182A92C9C0DBD24F29B31C5C5AC1F84300E0E17CEEAC15F5736FA
310
4A98971E2F1423BFCD68D4BBD5F86E74B40A369F39507C88FCDB35D2DD8DEBEA4AF999E23CF2816D204200DF6E611781B9884C1AC8888B4DE397320472959434323A5A36B22A8E1F721A270DF3BD65E4A31C11FF048AFB0D8B7B6881423793963A23CFCE935FC189ED36FAE35C46DA3574C979E4394BE52084F3081837BE03
310
3396D2EBD80F1F691B273F660D2B32FA27A33B1DE4ADA5F0FA4651511102DFA410DDA86E065272CA314D5249DF91B06BB92807B28EFD54F08F7B525252782CD276DD02E6B0319B13DF87B1F6361AD6B28FC0D711CF445429B9E5A433CD493051C49A9E03DDB1B147D880253514A5DED88009018620EE229101C041950E2D8A
310
A8E1F5F5438E0C0C0C60EEDEE9E3E0C051948C69F84BB7B2A48A1F3C8EB9E6864687F4F4F6F6E2FA87608ADAF9C5E117B7C1A737E710769DA1D15ECE6A84502AA855398712D5FB51BE92E4EF824969CE18278798AC303C2C7980DD2500ADF8FB1E6D6C2FAAFF9987178923334A244758BAA01A9A1B70FA5097D01E1CC2A58D
310
AD0EC94CE6430AA9B0C10D75E3C6BAC670EFBADEE1607739CE0FC18A2587E3EC3058562014C64219C69BC269082D5C2F4A659278D585755912176D78A1B641719C2A394CED495A1AC5D583FD2F5EDD93308EA7EAE8A6DD396598BDBD3D4CFED62D18A5BDFDE0DD5C80D1A89BA62697B131AE7CE9A6594138582F1B37D68F17
310
49AC7CB67A70695D48A4A056AC1FBD4E82358CEAE38F54B95A9016F9000F9879C0D9D131768635CA798895F27D6F1614F11F2838A83611AA51C9A3DDB539D42979C29F10465655C17BEC3E2760B80DCBF609198C7B171A531905F3EC218D696025975E986C6B4C666666787271F202805577DD5A3EF0CAFAF91B62DC4B2DB4
310
217A7606282F31D8DDBC290593BAA93EA6353AFA9939B877978481E15CFC9F2755CDC00C538F63A4BA3E80AE009B73CA0185687D339A507D165B74290D6EE46D5C58148F020C3668ABE9EF2F7549170DC80DB41FFC1D678FF19AEB10C7133832B104B80F691B3138F97A92D26E551F1F110400D45AC71A9B9AC41A1A1B1DAE
310
ED0B0810638EFFB511D46B121C6FEA0F38CD00E03CFFEB9713FE1F9C263E4DDEC160D0497FA9A132BA608584057FB15380825DE6C7FC3C667EE947D488A09898D8E939C4953BF4EC9836344D2CC6B2971B2A21A572B06096F4982D2CC7232D46E8EA69DC83722E267754D777F97F96D5DA74E1E75178084D0E70F12AD33E5F
310
71EF2AFA599B2BEBF60A5BE475F444F240CBFE8143C334E7ED9150FEEFEF7EB020C4DBED388DD1D6A167A76F3CBF119B578AE8CFA7736ACAFA4440A1C47185638A0D2F3EB5BDDEFDA958FB13CE4AA4923D5BF840392D45544329525749734866684BF7F8D9D54D892E19BCA9F829A0F8BFCBEEA6CFDFC61D74EA1A645ED7A1
310
FF241739F15694BD835B66FEC5677E40FE69BD3F91AE402F036537218A401CB0828604AD189E575015C6F3F6BBC8AC79CF6C70653847254B31551EFCBEB5978B9DB85D58D0FA41A9DFE9C624834AA04949D24B5AE6D299E072D152D12097920F14AA92C31C3B97E28B6C2E6E9C23D63043ECBBC0A60FDF5BD0C33C127EA8A3
310
308B8B6AFFEB28B4455BF6E7AF4FC6222728357EB8E46E85053E6A8843AB23295BF838ABDA94658FEF3F832F147046B4ACD6F7D48E8FCC9618582961C898D1C7A253C91BFECBDA6BA18A1FCF70755DCCEE2222F41B76D23CA98D0CB3D95F0CF66D57FFF65E2A90F5DF40FC3187621E981BD0BC1D992787212688976B94A8F0
310
C6EF646624B570B78E068826F87CE27041A95C9A4871FF65CC17FCB1639629AD6A9517000D63AC231F3D741CB8430777E7ECF80CE7A3F73C0F162F7E56AA71F4DA80A33CD6ACEE78E2C11FAC03DAFCE929B106F8F6B3ED2DC71FF994BD9CEF4E9A94896EF1B6E2B7B4978168BCF0847A3D2A4F1B0500B926E634B174548E9F
310
BAD27153FB5FC36799B1E6C7C38A94E1F9E996796D7B485E635D5287A2AE76FBD11A341DB3F8F810385BB7296391973DC6C37C452A9305AEBBE0CDB6C566DB59FE60C8E94B1FD090354BF51439FFD1B48D725228FFA88C84F686F547107A7A235665A4593B7C34D748C1AC8D56DD5DA861EEFBADDECBBD65117E65851F9035
310
1AEB65F0EFCFF4BCFEF24CB7A5879699FAC437A7AF9099186CF006BB923A59E37D7A36A29FD8D2CBB914A5E9D0A8FD212FBF796AE9A67958FF1D5D8B85F78F96219D4714EB919929241B6C018AAE0C02069F8D919961EC5DDFBFB7573E3AC8E08BFB7C8534BE6DE045B3CD63DBD71F7638BA2309CAE398EA3A7D8F98BBBC7A
310
EB367EFA5CFA27A9F8F2F52FE878058E6209C026453F8E7E8A237DFC389E9590F6059B397CFD65183BBF936E86896612A5B5FEE49DAC8455D026218AFEBEC12B3523A45B57B82C9C97E02ACFA1184DB18E48CF615DBF39C3CC6F0B4AE6BBEEA2E39D944E290302FA3DE33FA7E40296E2EF7BF1CD855BBECFAD0FD622BEE974
310
6FC4FDFDE545AE6E3BC234CADF83A0FB76DFB145BF3828AE3436368AC24989454F8FF70A177672C711CAA1A76107218CF948CA01F873520E7A2B118EBB161ABAD432932029628B6761590C98AB590C8C8C79798CE9F715BA696E839E9131A4BB68BE923F1747FBFF165331FFDD4D05997ACD168F12CA75348DAC04C7F509FE
310
83898A8B421181AF492861CE81E4A2DD0A30850CFA95E05F097FF70F9E777310D584A75BA7018922E271DAB1D785671157685B7D383D3E074DDB4F1E44EF04B07BAAC75A062077C54B9752C738C9D804D402E02851F3F89605AF189738C18C021D2139EAF72513824E10DDD3047BACC8521ED7E98B257D1166903B1B08FA6F
310
918FD7E162913FEC7D0EF4787E29C35FBA8C6E2C9C20E9AB30AE42CA2A01A090E7D010C1B5BF9CEE2A304BF3A987FB40D836979B79E18D70F257DA61E808472DD85B82761825779D6B90CAEB0F23360C6F80A7D7D77545E95B3DFF0CF96A827F9B5BCECD2C9698718417EF80FEEDEE938AFF55859D0D540B7FE09435583A6F
310
04874A0C7E8CF234DF4879722000167F5872CEC6BF3EF7E5A8CC8121E6A359227C8A29C95212F9F735BC72A887D56B8F309FC525BFB4FD767AAEC4AEFF249CFBBD2DE1AB9969A6155C7D8DABC307E47324C1F916C7BCFF40ABA5644E9FFB9238D19ADADA49D9610F01ABBA57E4DFCBDCCBB2B93C8953206C91DE01B0E2651A
310
6D6C31721915B31F7B7CBCE55466F6D70402788FA91D73BE4ADCBA99A35F17D6B83383704917D6833F0FA3CD45C926ADB8BC17999A4A0AFBCE2541F7B8CF4C2F5FBA611B3E626D64407CB32C122DFF4EF8674D6EDBB86C8F7C6A16D50FA685E2CCA34F8F7D1D8265BB0042E9D7F1F666F7BE5FAA5184DF58E12122A42EF02F
310
461B3F369AC746F96528AD208512AB56844CF75B97F352DF7995024FB02855385854F3798670D01CAC771AC3E1889EC25F61A20C1F8CAB46898817F9C47E2CDA1F286BF2F358298709FE567C91133E2638C8B53975E753EA8BFD3578B5F7186B7BF084EBA3F77BAC3132A5779902EC22AF2D2E79F42D324E083386DAEE9810
310
D1B44A5DAA54513C7A71E52A4AB9257D975B621308FE4D2141CC3DCFE946C154A3C1DFCCA7629EC69ACFA831634ADDA93C0388D2A9A2DDAFCF957C6995BCE7FBB6DC4EBAE79E63EB08E9A25F52F67076F7093CA545CA3053B5BF576DEAD4E0017143C5F759F32B2D6F145B52B67B48909B7C7FCA6586EE385A2189C16932CB
310
6DDFD9152AE317C430492A578ED27B72D85D40C7C93C097939E1B50F4D67F05334FE9DC362C30B7FF561B95259138ECFD9274C8D695C31B14D4EAA9F3D7FA8DDF652F8C5DEFA23284C799B7D94416DEE81E05A866302DC70192A5368EA65E1CED8BF107A1E2D3119A71E85DC1A7B0C1E93274CE04DD0F2ABC8AC7C987FDB00
310
2B6F81757B43502EF7A0D92E416494FAEEA4C9C090CD9557AA4D532F4996A272B94355C5A0E4974EEA9627476F30809B94D8D8D860062E02204643BEC7D0438AF800FC7E2B26955D595421E83C69E1A07E0E3122285835F014AD538188CF9737CE76D464A353FA55A001AB2526B84E985083693BC76FE211CA1D000679C889
310
E3C009832C87E1AC2EDD05C302557422DF0800E316FCAC86978A371F025A6C7DAA9F333E7BD160403A1A06EA75AA9888FF01504B0304140006080800075B215551464CB48900000043010000360000006662782F44394334393642382D433338382D344632372D424133312D4642463737394333304143302F646972656374
310
6F72792E786D6C9D8F310EC2300C45AF127987122606C71DD918B841D4B851A43646695A717C52A85029031293A5A76FBF6FACEF7DA7264E43906840EF0FA03836E242F406C6DCEE4EA06AC22492573150D1F66C60C640E8938CB705396EEDD86DE9B5042FE27813D640EA63BB001C722AF6E55CB61E4863F58284D5D3F53D
310
D715CE1C3985E63FD7F1B7EBDD617E9F1E504B0304140006080800075B2155DF6552373D070000541C0000340000006662782F44394334393642382D433338382D344632372D424133312D4642463737394333304143302F6F626A656374732E786D6CDD595B6FDA4814FE2B23EFCBEE836FDC822BA00A502A54A5AD8ABADA
310
376B3003998D6F1ADB09D95FBF676EC6760C38D956AA36918233CC9C39E73BF7E3C9FB6314A247C2329AC453C3B51C0391384876343E4C8D22DF9B6303BD9FA1094B92BCB2CF40318EC8D4E0CBC66C72604991AAA51DD9E3226CAEAEE67FA12C2031315010E22C9B1A59704F226CE1224F76247BB07638C7D6617FB45C4B6E
310
AC933D309CDE37AE4A3123710EACC27A0C5414076EFD5F10C99E4D6CBEA1B6ADD76D5BFFC2365B085E6794C6598EE3E005570D3ABD6E5CF5DDC1F2436FE899C3C1A06F0E463DD79CAFE64BD3BDE93B8BD162E1DD7EF00C349B6C93242C15909278075A7C3666EEC4E6DF94E22B14DAF80E9238268142B36DC38E28BA94644D
310
4C6AC0BA42B48A42A4AC95857E47E1CF6CEB044A8DA51ADA5A38FD59B5DE64FB37809075B15296116EE559CE40D70A7BE90FCEC496AB35BDD00C4538278CE2108574CB300305C156A9A01A19EE2D9C14E298092D6A7A555EC1B0AFFB521B97FB220CB9FF1A33E1693EF823C933C119FD87B013F7D5DB802790B6A0713E56C2
310
E6CF2990F026B65894DFF57BEA4B0924DA87F800D60262F24DFD5E03AF058F05EBA531FBB4DA1E373C3EB45F9EB224252CE796279C59F99DD660C5B4C0F83A802271ADEBEE84CA3780FE33205FF28226A039468F83E340CBCE709CED1316817690834C07FE38883FBE789AD8E5E11942B558790E5370DB1F84694D8CDADD15
310
4867934730FA84F595709B008760D37734E67E0E8682C2049620DEEFB74763B686600A8B700A87203DFC4E6CFE88E043D28178D3D0505BF8EDA028ED304D3F3BE9EA23D80CA341A9AA9A8CE7F01DFE107C6F979B4F9B82ED7140EE94632FC99EC6348764DACE500DF49ACB7F5F7F161EF9429EDAAE00EE39243C70B4E865A3
310
F482846280159E87A56AC4CA1D05770F431C93A4C8D47A5BA00A923061FEF6D9973EDC7AD79FDA08E465E0DFDC025A831964F780D1948362CC94786524B44E38F138A80CF02095EA6F71F0C0E1F50388586FE103AC16B326D1224A7D1C2545CCC3F74BF36E8A66F51DF1E3BA5ECFF17A636F3854060FBC8B0BB4FFE8E050B2
310
CF6F8A707AE69A454D5F2A6E6820A5270D205EB6C91040D554E47E92E280E6EDD6D010A323CB3BBADF171984F556601A1C5B7D7728B1D17F7B3DE4BC62B564EAB2B48A299F46F840FC3DE639B195BF1AA02571ADA456240F619265342699A8695EC4BA068A8E05A1435ABAA6DA62B634F32392E3B758AC48920D8365641FFA
310
507DE5BCFEBD6EAF9A41956FCF51E4B55E12FB42FE673FC3511ACABAEE1A066EAF71432BAE9C697EC523D8A78F73DFD91151A65FA35E46128D6F27EADE9BC99F8187E19F0E8FBE8242B10E59F5BA665D6BE87AFC670C61683474FBA39B5215D7D0D297E5BC6E090BA8B48267FF89D0C37DB720A8557EF19E8C847B9F866111
310
F93287E42482B20DE705EBE4B1238826CD8B546468B844E5A63D0DA1A8EE1C6645BDA22B16B84C142CE7C26CE51A108AC6D0D77512E48514AD462C74217A58DEAA5DD7FFEBA9FEE78859ED6D1EC8F353C276AD9CD64B0F5DB5E92283074C95134BF50ACAB349D5FD22D1EC5CC761A089A808273B0B65218C3C523ECC105D53
310
6BCF913DE13C8050BA119FE61C3C624776A73AA4464E8D468C195CAAA9E9DAB6DA1D41B8E309A456ACAD79488D60428179A4BDE30FE1370CAA866A31B3552564CBF5354F6D160C634E7C5CA0F5E5E3A64105563A9FFECA31224F0D0A6A75C18BBF0BA4BEAF4F356E838292E8FBFAC2F1FCBE88B631A63C3772B3C0BBF4DD7B
310
D17F4E6D682EECA5B71878A3F9D85CF4C76373B0EADD98F3DBBE6BAEE6AB9B1B6FD1776E178ECD4896142C2099DDB31D5F575B697CD08621A1EBD285C024E27ABBA8EDB9A9E0FF711712265B7CCE167FD526A42CF87849D6F0C5AE4D486BA0DEBEAE63705F04EAF624F6AA5A5BCE17B4815F4E5B108C74BEEF5E5C68D23AC3
310
B7F35CC988AF4CBC67FB9B9F9E636A01BD353FD476B485FC7A2C8679554B96D21DB11C8BACC6CB65CF73CCF16A3432071F7A9EE90D6E618CBB1A388BF96035F06EE625E22A1776CD2BBF440CD5CC56466F3041CE9290C2209FECD08124D003C1A4A2437C6511C9446F0305804AE3FA2D4287D38F720E9BE36DA84F07F71886
310
D9A1CAC845008354E83BA6865A47BFC1E8944F2FC540CB7A80C4A3ACDD4005A353034C20A7905FAC2D8CC0C4C051506F8C38416D383EF0AE499E2AFF3F1DE3E880AD9CE42AF774C1454956B34E1827A4E2DD02443B5D90BC5D74CD0EC2393C6E8BBC14E6B470924681A05F2248E16052F8A0E03D42E0B92C976B893D35483A
310
4DF32FDA81A46AE6981DC448BE82F7EDF2ABCDA7E9EB2F280D8B0357E7A57C5FA364F23A232CE4E06A0286A1C44C31EFC417EFECAF2C81D752115A513002F4FB713CFAC35E245194C472C9BE552FB7D0E61E5E55ED6C3D2684C2C5713D5BD43DEA5500CCBA3262E15DF6000BA05A46F93C55425C3380323C550C406B84EB02
310
8ED5F6AF974825814A095B2D5D393CE23D000247E2EF7FB8DB5437548696E00BC0959CED960F7A616233189CCFFE05504B0304140006080800075B2155CA00641AE1000000550100003C0000006662782F44394334393642382D433338382D344632372D424133312D4642463737394333304143302F7265736F7572636573
310
2F322F636E782E786D6C4D90CD4A043110845F6508789C4C121474C9645FC2939725667AC7B0497AC88FE8DBDB592378EAA6EAA3A92E7DFE8A61FA845C3CA695492ED804C9E1E6D3BEB256AFF3339BCE4667C4FA0F6353B21156D66566F49EB11D43DAE06A5BE86AF0E9364471D92141F6EE72A49D4D2ED8525656DC0744CB
310
6DABB841B9F1CD56CB25CF50B0650774A2FA08E384CB602B6CCC28A1D42C5E66215FA53CA9C7937C7AD34B278D7E470C83F7A942C6E3410987B4264A24F4D201A35BF683EA6F90F1178F533CBD906D74A9993A1858FD3E08F3D1EEB0DC915FD7E8A53F49E3DE00CD5E88F901504B0304140006080800075B2155FF15A4A45D
310
000000800000003A0000006662782F44394334393642382D433338382D344632372D424133312D4642463737394333304143302F7265736F75726365732F636E782E786D6C4D8B3B0E80201005AF42B6F75B59F0390B113044D83508C6E30BC6C26AF226F3B8BA6360974DA7271430F523308B2B198F9B80925DB700539227
310
A2FCCB80A18E5640D320F996A81C9F32D6E9129A0D1EF74FCE750E6D57BC7165FBCA07504B0304140006080800075B215560809D914201000056050000300000006662782F44394334393642382D433338382D344632372D424133312D4642463737394333304143302F636E782E786D6CCD94414EC3301045AF125962193B
310
894082CA7125169C800562E738D3E036B1237B82E8ED1997B405A10A1695DA9D357E96FE9FF91EB9FC18FAEC1D42B4DED5ACE405CBC019DF5AD7D56CC2557ECFB2A592C17BFC86B1CCE9016A96CA4CC92EF8699C4B2DACF4D4A76A6FDD662E6AC4609B0921B2CCF43AC69A45F30683E67A42DF42DCF056A3E6250F10FD140C
310
D07BB403CCEF4D008DD03255155595170F79513E97E5A2BA5D9477AF522452C9C6FB7EE6AD43087EBCA90AE3E9E8484E214502949C829DA9E481A9A336DE582705DD2B1949AFEB660EB763E2C6B1B74623354A7883803941A00729BE60254572FCC3F7D3E3CB51039D5A1BC0A00FDB8BB5A13CD58683344E89F85F1776E05F
310
E67DB326CB979BFB49C3B3B0B3D9DD273752747F2781F2A45DD75FE30738483B7FFE69B1A035D7687AAFEC4C9EC56E05D2E0D346549F504B0304140006080800075B21559DBA12E57E000000A30000000B0000006662782F636E782E786D6C4D8CD10AC22018465F45FE7BCBE54885E99886EF319A1BD2A661337AFC3476D1
310
D50787EF9CAEFF6C2B7ABBF4F23148684E04900BF738F9B048C8FB8C39A05E7529C6FDEF06288C9B935031A86E49313F0F34B979CC6BA5AB0F8F03DE8469C555736C28E7B8B51786F5401B6CB5654C184A06438A71AE4A995FAF6CCDAB2F504B0304140006080800075B2155A6D797065F0000008200000007000000636E78
310
2E786D6C4DCB3B0E80201045D1AD90E9FD7516806B51190811670C8A61F982B1B0BAC9C97B72CA7B1037C6D3332918DA1E04D2CAC69353902EDB8C20262D23F3F59B81A079470595414B17391D1F19B4730A5583A7ED43BBE4025D9592775E5ADFFA01504B0304140006080800075B2155ECFD112DA8000000260100001300
310
00005B436F6E74656E745F54797065735D2E786D6C7D4F4B0EC22010BD0A61DF525D18634ABB506FE00510A79458060253536F2FD89D5197F3FED3F68B9BD80362B21E25DFD40D6780DADF2C1AC9671AAA3D677DD75E9E0112CB5A4C928F44E12044D22338956A1F003333F8E814E5331A1194BE2B0362DB343BA13D122055
310
543278D79E6050F344ECBC6478EDCD76CE8EABAE5449AE4298AC56946789C28AAFBEABC53F3EAF09A84A1441B91F0101CD4780756578C173A578FFDDBD00504B0304140006080800075B21553DEE336E64000000790000001B0000006175746F6465736B2D64657369676E2D7061636B6167652E786D6C35CBC10E83200C00
310
D05F21DCA56CA76D41FC96062B120735B69A7DBE268BB7777961F8D5AF396893C2ADB70FE7ADA196782C2DF776D7A97B5933C430F15651E5469C55D70F80A4992A3ADC954792C525AE70A1E4D6AD9816CC044FEFDF01FE3FDE907802504B0304140006080800075B2155377BAA7BF20000008E0100003D0000006662782F44
310
394334393642382D433338382D344632372D424133312D4642463737394333304143302F7265736F75726365732F322F636F72652E786D6C8550CB6EC32010FC156BEFD886FA1961A2CAC91FF4D41B02E2A2C460F1A8FAF985D895DA534FBB9A9D99DD1D7AFE5A1FC5A7725E5B33012E6B289411566AB34C10C30D0D509C19
310
75D6865F34280C5FD5041906461767E37640C29AA04C468D95EA00B9F72A40211EA999C08B0FB5F292C79018FE5E6E5CDCF9A24A5CEE3C4663D4F2906A99DCF44D2B07AC6EE70BEEC61191EE4250D3F7037A6DFB1EB5F375EEAE3D697033D02A8B190D7AFDD92E9CE2414960A42604D523AAF11BC627D29C70FB4EABCC64D4
310
07977E3E96E6EF129D563BFAC72D6EF27FB7A84D782187DBAEF0C0703AEE3960B4CAE9A4F28C2ED59C24FB06504B0304140006080800075B2155290F54F7F8000000960100003B0000006662782F44394334393642382D433338382D344632372D424133312D4642463737394333304143302F7265736F75726365732F636F
310
72652E786D6C8550CB6EC32010FC156BEFD886DAB11D61A22AC91FF4D41B828D8B1243C4A3EAE71712576A4F3DED6A76667677F8E16BBD559FE8837176065AB750A1554E1BBBCC90E2858C501D04F7CEC55F34A8AC5C71860283E08B77E9BE41CAD988B6A0D669DC40190246A8D42D373304F581ABAC658A9911AEF55DAAAB
310
5CB0A6F59327784A466F52A3B39BB918F420DAFE78A2BB69226C7762A41B8691BCF6C340FAE3F9B83B0FACA3DDC89B22163C9AF567BBF228236A10AC658CB41369E91BA57BD6ED69FFCE9BC2143C449F7FDE9696EF40780C2E79858137CFE91FD774D7FFBB2663E30BDB5C9F8A0082E6231F03C19B92522E8F08732D898A6F
310
504B0304140006080800075B2155C9BB6065F2000000B1010000310000006662782F44394334393642382D433338382D344632372D424133312D4642463737394333304143302F636F72652E786D6C8D50CD6E8420187C15C31D05B45537C866B5F1097AEA8D006BC9AE60F869FAF885D526ED6D4F1F996F86996FE8F97BBD
310
175FCA796DCD00708940A18CB0529B6500315C61078A33A3CEDAF087060AC35735800C03461767E37640C29AA04C468D95EA00B9F72A8042DCD363005E7CAA95973C86C4F0B772E3E2C61755E272E7311AF4FA2B154EF1A02460041102510F117EC7F8449A137EF9A05566321AA396879596C95D5FB57280BDF553D3BF8E1D
310
9CEAAE83CD4C5A385E6A0CE7716EDB7EAAD16542B4CA62467D70E9E6E3937CDDB3F25DF82F73DCE41399B50935390C7785070CA73C8F05A3552E308D47BB69E6B2D90F504B0304140006080800075B2155794BFE8053010000DD0200000C0000006662782F636F72652E786D6C8D525D6F832014FD2B86775498D6B6419AA5
310
ED3FD8D3DE285247AA60104C7FFEC08F381FD62D2648CEBDF79C7B4E20A767DB448330BDD4AA04284E412414D7955475099CBDC33D884E9418ADED8F361029D68A12041850521BEDBA19E25A59A102AA74256690F5BDB020E28DBF94A0E75FA2653173D677F48FB863FCC16A11A378EAA3C43959CDA3B2F26CF22E850134CD
310
CF17B43B1C20DE5D30CC8A620FDFF3A280F9F97ADE5D0B9CA16C4F92304C8995EDA2CE8D60565480E21463981E608A3E103AE2EC88F24F92844E4A7A6BBCE75934B803F47E7B9264C2377CAEABFEE67352D9373CF34D133DA0C8AF37162849423EFE3786B7CDD00BFBFC2CBB358B85878706C1AD3699AF54DAADA581354E78
310
EA341A3F924C55CF3C12FCC6835FF0BCE6F0413155FBD598F5D79BB3417DBB53270C1CEC3352DAB4AC59979B565CCF5568636919E7BAD1E63FD38BD525CC243C4CFA0D504B0304140006080800075B2155E3190C1506010000B201000008000000636F72652E786D6C8D504B6EC32014BC0A628F6DA87F893051E5E4065D75
310
47813828365880A3F6F685984AEDAEAB8766E6BD19869E3E97193C94F3DA9A01E2A282401961A536D300B770453D0427469DB5E1970C02C31735C00443462767B73543C29AA04C428D952A83DC7B152010737C0CD08B9B5A78C1B71015FE5EAC5CDCF9A40A5CEC3A46835E7E5685533C280919A90841D50155F80DE323A98F
310
B879A7655232BA6D5A662B2DA3BBBE6AE520AB9AF18CDBC30191F64C50DD753D7A6DBA0E35E3656C2F1DA971DDD3322D33EA838B7FCE4762CE003C7F245F5AEE14A31FD6CE5910434960CDFC154D6899883FA1B755FE23B436E185E483FB86870CC7404F221AA706E378D61B676A9B7D03504B01021400140006080800075B
310
21550000000000000000000000003700000000000000000000000000000000006662782F44394334393642382D433338382D344632372D424133312D4642463737394333304143302F617474726962757465732E62696E504B01021400140006080800075B2155000000000000000000000000350000000000000000000000
310
0000550000006662782F44394334393642382D433338382D344632372D424133312D4642463737394333304143302F76657274696365732E62696E504B01021400140006080800075B2155F270F13306000000040000003600000000000000000000000000A80000006662782F44394334393642382D433338382D34463237
310
2D424133312D4642463737394333304143302F747269616E676C65732E62696E504B01021400140006080800075B215588E57597CD3F0000904100004200000000000000000000000000020100006662782F44394334393642382D433338382D344632372D424133312D4642463737394333304143302F7265736F75726365
310
732F322F305F67656E657269632E706E67504B01021400140006080800075B215551464CB4890000004301000036000000000000000000000000002F4100006662782F44394334393642382D433338382D344632372D424133312D4642463737394333304143302F6469726563746F72792E786D6C504B0102140014000608
310
0800075B2155DF6552373D070000541C000034000000000000000000000000000C4200006662782F44394334393642382D433338382D344632372D424133312D4642463737394333304143302F6F626A656374732E786D6C504B01021400140006080800075B2155CA00641AE1000000550100003C00000000000000000000
310
0000009B4900006662782F44394334393642382D433338382D344632372D424133312D4642463737394333304143302F7265736F75726365732F322F636E782E786D6C504B01021400140006080800075B2155FF15A4A45D000000800000003A00000000000000000000000000D64A00006662782F44394334393642382D43
310
3338382D344632372D424133312D4642463737394333304143302F7265736F75726365732F636E782E786D6C504B01021400140006080800075B215560809D91420100005605000030000000000000000000000000008B4B00006662782F44394334393642382D433338382D344632372D424133312D464246373739433330
310
4143302F636E782E786D6C504B01021400140006080800075B21559DBA12E57E000000A30000000B000000000000000000000000001B4D00006662782F636E782E786D6C504B01021400140006080800075B2155A6D797065F000000820000000700000000000000000000000000C24D0000636E782E786D6C504B01021400
310
140006080800075B2155ECFD112DA8000000260100001300000000000000000000000000464E00005B436F6E74656E745F54797065735D2E786D6C504B01021400140006080800075B21553DEE336E64000000790000001B000000000000000000000000001F4F00006175746F6465736B2D64657369676E2D7061636B6167
310
652E786D6C504B01021400140006080800075B2155377BAA7BF20000008E0100003D00000000000000000000000000BC4F00006662782F44394334393642382D433338382D344632372D424133312D4642463737394333304143302F7265736F75726365732F322F636F72652E786D6C504B01021400140006080800075B21
310
55290F54F7F8000000960100003B00000000000000000000000000095100006662782F44394334393642382D433338382D344632372D424133312D4642463737394333304143302F7265736F75726365732F636F72652E786D6C504B01021400140006080800075B2155C9BB6065F2000000B1010000310000000000000000
310
00000000005A5200006662782F44394334393642382D433338382D344632372D424133312D4642463737394333304143302F636F72652E786D6C504B01021400140006080800075B2155794BFE8053010000DD0200000C000000000000000000000000009B5300006662782F636F72652E786D6C504B010214001400060808
310
00075B2155E3190C1506010000B2010000080000000000000000000000000018550000636F72652E786D6C504B050600000000120012002D060000445600000000
  0
XRECORD
  5
2F78
102
{ACAD_REACTORS
330
2F77
102
}
330
2F77
100
AcDbXrecord
280
     1
102
ACAD_ROUNDTRIP_2012_MLEADER_STYLE
298
     1
  0
XRECORD
  5
2F7A
102
{ACAD_REACTORS
330
2F79
102
}
330
2F79
100
AcDbXrecord
280
     1
102
DISPLAYNAME
  1
Imperial24
102
FLAGS
 90
        0
  0
CELLSTYLEMAP
  5
2F7D
102
{ACAD_REACTORS
330
2F7B
102
}
330
2F7B
100
AcDbCellStyleMap
 90
        3
300
CELLSTYLE
  1
TABLEFORMAT_BEGIN
 90
        5
170
     1
 91
        0
 92
    32768
 62
   257
 93
        1
300
CONTENTFORMAT
  1
CONTENTFORMAT_BEGIN
 90
        0
 91
        0
 92
      512
 93
        0
300

 40
0.0
140
1.0
 94
        5
 62
     0
340
10
144
0.25
309
CONTENTFORMAT_END
171
     0
 94
        0
309
TABLEFORMAT_END
  1
CELLSTYLE_BEGIN
 90
        1
 91
        1
300
_TITLE
309
CELLSTYLE_END
300
CELLSTYLE
  1
TABLEFORMAT_BEGIN
 90
        5
170
     1
 91
        0
 92
        0
 62
   257
 93
        1
300
CONTENTFORMAT
  1
CONTENTFORMAT_BEGIN
 90
        0
 91
        0
 92
      512
 93
        0
300

 40
0.0
140
1.0
 94
        5
 62
     0
340
10
144
0.18
309
CONTENTFORMAT_END
171
     0
 94
        0
309
TABLEFORMAT_END
  1
CELLSTYLE_BEGIN
 90
        2
 91
        1
300
_HEADER
309
CELLSTYLE_END
300
CELLSTYLE
  1
TABLEFORMAT_BEGIN
 90
        5
170
     1
 91
        0
 92
        0
 62
   257
 93
        1
300
CONTENTFORMAT
  1
CONTENTFORMAT_BEGIN
 90
        0
 91
        0
 92
      512
 93
        0
300

 40
0.0
140
1.0
 94
        2
 62
     0
340
10
144
0.18
309
CONTENTFORMAT_END
171
     0
 94
        0
309
TABLEFORMAT_END
  1
CELLSTYLE_BEGIN
 90
        3
 91
        2
300
_DATA
309
CELLSTYLE_END
  0
XRECORD
  5
2F7C
102
{ACAD_REACTORS
330
2F7B
102
}
330
2F7B
100
AcDbXrecord
280
     1
102
ACAD_ROUNDTRIP_PRE2007_TABLESTYLE
 90
      512
 91
        0
  1

 92
      512
 93
        0
  2

 94
      512
 95
        0
  3

  0
XRECORD
  5
2F7F
102
{ACAD_REACTORS
330
2F7E
102
}
330
2F7E
100
AcDbXrecord
280
     1
102
RTVSPropertyOp0
 70
     1
102
RTVSPropertyOp1
 70
     1
102
RTVSPropertyOp2
 70
     1
102
RTVSPropertyOp3
 70
     1
102
RTVSPropertyOp4
 70
     1
102
RTVSPropertyOp5
 70
     1
102
RTVSPropertyOp6
 70
     1
102
RTVSPropertyOp7
 70
     1
102
RTVSPropertyOp8
 70
     1
102
RTVSPropertyOp9
 70
     1
102
RTVSPropertyOp10
 70
     1
102
RTVSPropertyOp11
 70
     1
102
RTVSPropertyOp12
 70
     1
102
RTVSPropertyOp13
 70
     1
102
RTVSPropertyOp14
 70
     1
102
RTVSPropertyOp15
 70
     1
102
RTVSPropertyOp16
 70
     1
102
RTVSPropertyOp17
 70
     1
102
RTVSPropertyOp18
 70
     1
102
RTVSPropertyOp19
 70
     1
102
RTVSPropertyOp20
 70
     1
102
RTVSPropertyOp21
 70
     1
102
RTVSPropertyOp22
 70
     1
102
RTVSPropertyOp23
 70
     1
102
RTVSPropertyOp24
 70
     1
102
RTVSPropertyOp25
 70
     1
102
RTVSPropertyOp26
 70
     1
102
RTVSPropertyOp27
 70
     1
102
RTVSPropertyOp28
 70
     1
102
RTVSPropertyOp29
 70
     1
102
RTVSPropertyOp30
 70
     1
102
RTVSPropertyOp31
 70
     1
102
RTVSPropertyOp32
 70
     1
102
RTVSPropertyOp33
 70
     1
102
RTVSPropertyOp34
 70
     1
102
RTVSPropertyOp35
 70
     1
102
RTVSPropertyOp36
 70
     1
102
RTVSPropertyOp37
 70
     1
102
RTVSPropertyOp38
 70
     1
102
RTVSPropertyOp39
 70
     1
102
RTVSPropertyOp40
 70
     1
102
RTVSPropertyOp41
 70
     1
102
RTVSPropertyOp42
 70
     1
102
RTVSPropertyOp43
 70
     1
102
RTVSPropertyOp44
 70
     1
102
RTVSPropertyOp45
 70
     1
102
RTVSPropertyOp46
 70
     1
102
RTVSPropertyOp47
 70
     1
102
RTVSPropertyOp48
 70
     1
102
RTVSPropertyOp49
 70
     1
102
RTVSPropertyOp50
 70
     1
102
RTVSPropertyOp51
 70
     0
102
RTVSPropertyOp52
 70
     0
102
RTVSPropertyOp53
 70
     1
102
RTVSPropertyOp54
 70
     1
102
RTVSPropertyOp55
 70
     1
102
RTVSPropertyOp56
 70
     1
102
RTVSPropertyOp57
 70
     1
102
RTVSPost2010Prop28
280
     1
102
RTVSPost2010PropOp28
 70
     1
102
RTVSPost2010Prop29
280
     1
102
RTVSPost2010PropOp29
 70
     1
102
RTVSPost2010Prop30
280
     0
102
RTVSPost2010PropOp30
 70
     1
102
RTVSPost2010Prop31
280
     0
102
RTVSPost2010PropOp31
 70
     1
102
RTVSPost2010Prop32
280
     0
102
RTVSPost2010PropOp32
 70
     1
102
RTVSPost2010Prop33
280
     0
102
RTVSPost2010PropOp33
 70
     1
102
RTVSPost2010Prop34
280
     0
102
RTVSPost2010PropOp34
 70
     1
102
RTVSPost2010Prop35
280
     0
102
RTVSPost2010PropOp35
 70
     1
102
RTVSPost2010Prop36
280
     0
102
RTVSPost2010PropOp36
 70
     1
102
RTVSPost2010Prop37
 90
       50
102
RTVSPost2010PropOp37
 70
     1
102
RTVSPost2010Prop38
140
0.0
102
RTVSPost2010PropOp38
 70
     1
102
RTVSPost2010Prop39
140
1.0
102
RTVSPost2010PropOp39
 70
     1
102
RTVSPost2010Prop40
 90
        0
102
RTVSPost2010PropOp40
 70
     1
102
RTVSPost2010Prop41ColorIndex
 90
       18
102
RTVSPost2010Prop41ColorRGB
 90
        0
102
RTVSPost2010PropOp41
 70
     1
102
RTVSPost2010Prop42
 90
       50
102
RTVSPost2010PropOp42
 70
     1
102
RTVSPost2010Prop43
 90
        3
102
RTVSPost2010PropOp43
 70
     1
102
RTVSPost2010Prop44ColorIndex
 90
        5
102
RTVSPost2010Prop44ColorRGB
 90
      255
102
RTVSPost2010PropOp44
 70
     1
102
RTVSPost2010Prop45
280
     0
102
RTVSPost2010PropOp45
 70
     1
102
RTVSPost2010Prop46
 90
       50
102
RTVSPost2010PropOp46
 70
     1
102
RTVSPost2010Prop47
 90
       50
102
RTVSPost2010PropOp47
 70
     1
102
RTVSPost2010Prop48
 90
       50
102
RTVSPost2010PropOp48
 70
     1
102
RTVSPost2010Prop49
280
     0
102
RTVSPost2010PropOp49
 70
     1
102
RTVSPost2010Prop50
 90
       50
102
RTVSPost2010PropOp50
 70
     1
102
RTVSPost2010Prop51ColorIndex
 90
      256
102
RTVSPost2010Prop51ColorRGB
 90
-16777216
102
RTVSPost2010PropOp51
 70
     0
102
RTVSPost2010Prop52
140
1.0
102
RTVSPost2010PropOp52
 70
     0
102
RTVSPost2010Prop53
 90
        2
102
RTVSPost2010PropOp53
 70
     1
102
RTVSPost2010Prop54
  1
strokes_ogs.tif
102
RTVSPost2010PropOp54
 70
     1
102
RTVSPost2010Prop55
280
     0
102
RTVSPost2010PropOp55
 70
     1
102
RTVSPost2010Prop56
140
1.0
102
RTVSPost2010PropOp56
 70
     1
102
RTVSPost2010Prop57
140
1.0
102
RTVSPost2010PropOp57
 70
     1
  0
XRECORD
  5
2F81
102
{ACAD_REACTORS
330
2F80
102
}
330
2F80
100
AcDbXrecord
280
     1
102
RTVSPropertyOp0
 70
     1
102
RTVSPropertyOp1
 70
     1
102
RTVSPropertyOp2
 70
     1
102
RTVSPropertyOp3
 70
     1
102
RTVSPropertyOp4
 70
     1
102
RTVSPropertyOp5
 70
     1
102
RTVSPropertyOp6
 70
     1
102
RTVSPropertyOp7
 70
     1
102
RTVSPropertyOp8
 70
     1
102
RTVSPropertyOp9
 70
     1
102
RTVSPropertyOp10
 70
     1
102
RTVSPropertyOp11
 70
     1
102
RTVSPropertyOp12
 70
     1
102
RTVSPropertyOp13
 70
     1
102
RTVSPropertyOp14
 70
     1
102
RTVSPropertyOp15
 70
     1
102
RTVSPropertyOp16
 70
     1
102
RTVSPropertyOp17
 70
     1
102
RTVSPropertyOp18
 70
     1
102
RTVSPropertyOp19
 70
     1
102
RTVSPropertyOp20
 70
     1
102
RTVSPropertyOp21
 70
     1
102
RTVSPropertyOp22
 70
     1
102
RTVSPropertyOp23
 70
     1
102
RTVSPropertyOp24
 70
     1
102
RTVSPropertyOp25
 70
     1
102
RTVSPropertyOp26
 70
     1
102
RTVSPropertyOp27
 70
     1
102
RTVSPropertyOp28
 70
     1
102
RTVSPropertyOp29
 70
     1
102
RTVSPropertyOp30
 70
     1
102
RTVSPropertyOp31
 70
     1
102
RTVSPropertyOp32
 70
     1
102
RTVSPropertyOp33
 70
     1
102
RTVSPropertyOp34
 70
     1
102
RTVSPropertyOp35
 70
     1
102
RTVSPropertyOp36
 70
     1
102
RTVSPropertyOp37
 70
     1
102
RTVSPropertyOp38
 70
     1
102
RTVSPropertyOp39
 70
     1
102
RTVSPropertyOp40
 70
     1
102
RTVSPropertyOp41
 70
     1
102
RTVSPropertyOp42
 70
     1
102
RTVSPropertyOp43
 70
     1
102
RTVSPropertyOp44
 70
     1
102
RTVSPropertyOp45
 70
     1
102
RTVSPropertyOp46
 70
     1
102
RTVSPropertyOp47
 70
     1
102
RTVSPropertyOp48
 70
     1
102
RTVSPropertyOp49
 70
     1
102
RTVSPropertyOp50
 70
     1
102
RTVSPropertyOp51
 70
     0
102
RTVSPropertyOp52
 70
     0
102
RTVSPropertyOp53
 70
     1
102
RTVSPropertyOp54
 70
     1
102
RTVSPropertyOp55
 70
     1
102
RTVSPropertyOp56
 70
     1
102
RTVSPropertyOp57
 70
     1
102
RTVSPost2010Prop28
280
     0
102
RTVSPost2010PropOp28
 70
     1
102
RTVSPost2010Prop29
280
     1
102
RTVSPost2010PropOp29
 70
     1
102
RTVSPost2010Prop30
280
     1
102
RTVSPost2010PropOp30
 70
     1
102
RTVSPost2010Prop31
280
     0
102
RTVSPost2010PropOp31
 70
     1
102
RTVSPost2010Prop32
280
     0
102
RTVSPost2010PropOp32
 70
     1
102
RTVSPost2010Prop33
280
     0
102
RTVSPost2010PropOp33
 70
     1
102
RTVSPost2010Prop34
280
     0
102
RTVSPost2010PropOp34
 70
     1
102
RTVSPost2010Prop35
280
     0
102
RTVSPost2010PropOp35
 70
     1
102
RTVSPost2010Prop36
280
     0
102
RTVSPost2010PropOp36
 70
     1
102
RTVSPost2010Prop37
 90
       50
102
RTVSPost2010PropOp37
 70
     1
102
RTVSPost2010Prop38
140
0.0
102
RTVSPost2010PropOp38
 70
     1
102
RTVSPost2010Prop39
140
1.0
102
RTVSPost2010PropOp39
 70
     1
102
RTVSPost2010Prop40
 90
        0
102
RTVSPost2010PropOp40
 70
     1
102
RTVSPost2010Prop41ColorIndex
 90
       18
102
RTVSPost2010Prop41ColorRGB
 90
        0
102
RTVSPost2010PropOp41
 70
     1
102
RTVSPost2010Prop42
 90
       50
102
RTVSPost2010PropOp42
 70
     1
102
RTVSPost2010Prop43
 90
        3
102
RTVSPost2010PropOp43
 70
     1
102
RTVSPost2010Prop44ColorIndex
 90
        5
102
RTVSPost2010Prop44ColorRGB
 90
      255
102
RTVSPost2010PropOp44
 70
     1
102
RTVSPost2010Prop45
280
     0
102
RTVSPost2010PropOp45
 70
     1
102
RTVSPost2010Prop46
 90
       50
102
RTVSPost2010PropOp46
 70
     1
102
RTVSPost2010Prop47
 90
       50
102
RTVSPost2010PropOp47
 70
     1
102
RTVSPost2010Prop48
 90
       50
102
RTVSPost2010PropOp48
 70
     1
102
RTVSPost2010Prop49
280
     0
102
RTVSPost2010PropOp49
 70
     1
102
RTVSPost2010Prop50
 90
       50
102
RTVSPost2010PropOp50
 70
     1
102
RTVSPost2010Prop51ColorIndex
 90
      256
102
RTVSPost2010Prop51ColorRGB
 90
-16777216
102
RTVSPost2010PropOp51
 70
     0
102
RTVSPost2010Prop52
140
1.0
102
RTVSPost2010PropOp52
 70
     0
102
RTVSPost2010Prop53
 90
        2
102
RTVSPost2010PropOp53
 70
     1
102
RTVSPost2010Prop54
  1
strokes_ogs.tif
102
RTVSPost2010PropOp54
 70
     1
102
RTVSPost2010Prop55
280
     0
102
RTVSPost2010PropOp55
 70
     1
102
RTVSPost2010Prop56
140
1.0
102
RTVSPost2010PropOp56
 70
     1
102
RTVSPost2010Prop57
140
1.0
102
RTVSPost2010PropOp57
 70
     1
  0
XRECORD
  5
2F83
102
{ACAD_REACTORS
330
2F82
102
}
330
2F82
100
AcDbXrecord
280
     1
102
RTVSPropertyOp0
 70
     1
102
RTVSPropertyOp1
 70
     1
102
RTVSPropertyOp2
 70
     1
102
RTVSPropertyOp3
 70
     1
102
RTVSPropertyOp4
 70
     1
102
RTVSPropertyOp5
 70
     1
102
RTVSPropertyOp6
 70
     1
102
RTVSPropertyOp7
 70
     1
102
RTVSPropertyOp8
 70
     1
102
RTVSPropertyOp9
 70
     1
102
RTVSPropertyOp10
 70
     1
102
RTVSPropertyOp11
 70
     1
102
RTVSPropertyOp12
 70
     1
102
RTVSPropertyOp13
 70
     1
102
RTVSPropertyOp14
 70
     1
102
RTVSPropertyOp15
 70
     1
102
RTVSPropertyOp16
 70
     1
102
RTVSPropertyOp17
 70
     1
102
RTVSPropertyOp18
 70
     1
102
RTVSPropertyOp19
 70
     1
102
RTVSPropertyOp20
 70
     1
102
RTVSPropertyOp21
 70
     1
102
RTVSPropertyOp22
 70
     1
102
RTVSPropertyOp23
 70
     1
102
RTVSPropertyOp24
 70
     1
102
RTVSPropertyOp25
 70
     1
102
RTVSPropertyOp26
 70
     1
102
RTVSPropertyOp27
 70
     1
102
RTVSPropertyOp28
 70
     1
102
RTVSPropertyOp29
 70
     1
102
RTVSPropertyOp30
 70
     1
102
RTVSPropertyOp31
 70
     1
102
RTVSPropertyOp32
 70
     1
102
RTVSPropertyOp33
 70
     1
102
RTVSPropertyOp34
 70
     1
102
RTVSPropertyOp35
 70
     1
102
RTVSPropertyOp36
 70
     1
102
RTVSPropertyOp37
 70
     1
102
RTVSPropertyOp38
 70
     1
102
RTVSPropertyOp39
 70
     1
102
RTVSPropertyOp40
 70
     1
102
RTVSPropertyOp41
 70
     1
102
RTVSPropertyOp42
 70
     1
102
RTVSPropertyOp43
 70
     1
102
RTVSPropertyOp44
 70
     1
102
RTVSPropertyOp45
 70
     1
102
RTVSPropertyOp46
 70
     1
102
RTVSPropertyOp47
 70
     1
102
RTVSPropertyOp48
 70
     1
102
RTVSPropertyOp49
 70
     1
102
RTVSPropertyOp50
 70
     1
102
RTVSPropertyOp51
 70
     0
102
RTVSPropertyOp52
 70
     0
102
RTVSPropertyOp53
 70
     1
102
RTVSPropertyOp54
 70
     1
102
RTVSPropertyOp55
 70
     1
102
RTVSPropertyOp56
 70
     1
102
RTVSPropertyOp57
 70
     1
102
RTVSPost2010Prop28
280
     0
102
RTVSPost2010PropOp28
 70
     1
102
RTVSPost2010Prop29
280
     1
102
RTVSPost2010PropOp29
 70
     1
102
RTVSPost2010Prop30
280
     1
102
RTVSPost2010PropOp30
 70
     1
102
RTVSPost2010Prop31
280
     0
102
RTVSPost2010PropOp31
 70
     1
102
RTVSPost2010Prop32
280
     0
102
RTVSPost2010PropOp32
 70
     1
102
RTVSPost2010Prop33
280
     0
102
RTVSPost2010PropOp33
 70
     1
102
RTVSPost2010Prop34
280
     0
102
RTVSPost2010PropOp34
 70
     1
102
RTVSPost2010Prop35
280
     0
102
RTVSPost2010PropOp35
 70
     1
102
RTVSPost2010Prop36
280
     0
102
RTVSPost2010PropOp36
 70
     1
102
RTVSPost2010Prop37
 90
       50
102
RTVSPost2010PropOp37
 70
     1
102
RTVSPost2010Prop38
140
0.0
102
RTVSPost2010PropOp38
 70
     1
102
RTVSPost2010Prop39
140
1.0
102
RTVSPost2010PropOp39
 70
     1
102
RTVSPost2010Prop40
 90
        0
102
RTVSPost2010PropOp40
 70
     1
102
RTVSPost2010Prop41ColorIndex
 90
       18
102
RTVSPost2010Prop41ColorRGB
 90
        0
102
RTVSPost2010PropOp41
 70
     1
102
RTVSPost2010Prop42
 90
       50
102
RTVSPost2010PropOp42
 70
     1
102
RTVSPost2010Prop43
 90
        3
102
RTVSPost2010PropOp43
 70
     1
102
RTVSPost2010Prop44ColorIndex
 90
        5
102
RTVSPost2010Prop44ColorRGB
 90
      255
102
RTVSPost2010PropOp44
 70
     1
102
RTVSPost2010Prop45
280
     0
102
RTVSPost2010PropOp45
 70
     1
102
RTVSPost2010Prop46
 90
       50
102
RTVSPost2010PropOp46
 70
     1
102
RTVSPost2010Prop47
 90
       50
102
RTVSPost2010PropOp47
 70
     1
102
RTVSPost2010Prop48
 90
       50
102
RTVSPost2010PropOp48
 70
     1
102
RTVSPost2010Prop49
280
     0
102
RTVSPost2010PropOp49
 70
     1
102
RTVSPost2010Prop50
 90
       50
102
RTVSPost2010PropOp50
 70
     1
102
RTVSPost2010Prop51ColorIndex
 90
      256
102
RTVSPost2010Prop51ColorRGB
 90
-16777216
102
RTVSPost2010PropOp51
 70
     0
102
RTVSPost2010Prop52
140
1.0
102
RTVSPost2010PropOp52
 70
     0
102
RTVSPost2010Prop53
 90
        2
102
RTVSPost2010PropOp53
 70
     1
102
RTVSPost2010Prop54
  1
strokes_ogs.tif
102
RTVSPost2010PropOp54
 70
     1
102
RTVSPost2010Prop55
280
     0
102
RTVSPost2010PropOp55
 70
     1
102
RTVSPost2010Prop56
140
1.0
102
RTVSPost2010PropOp56
 70
     1
102
RTVSPost2010Prop57
140
1.0
102
RTVSPost2010PropOp57
 70
     1
  0
XRECORD
  5
2F85
102
{ACAD_REACTORS
330
2F84
102
}
330
2F84
100
AcDbXrecord
280
     1
102
RTVSPropertyOp0
 70
     1
102
RTVSPropertyOp1
 70
     1
102
RTVSPropertyOp2
 70
     1
102
RTVSPropertyOp3
 70
     1
102
RTVSPropertyOp4
 70
     1
102
RTVSPropertyOp5
 70
     1
102
RTVSPropertyOp6
 70
     1
102
RTVSPropertyOp7
 70
     1
102
RTVSPropertyOp8
 70
     1
102
RTVSPropertyOp9
 70
     1
102
RTVSPropertyOp10
 70
     1
102
RTVSPropertyOp11
 70
     1
102
RTVSPropertyOp12
 70
     1
102
RTVSPropertyOp13
 70
     1
102
RTVSPropertyOp14
 70
     1
102
RTVSPropertyOp15
 70
     1
102
RTVSPropertyOp16
 70
     1
102
RTVSPropertyOp17
 70
     1
102
RTVSPropertyOp18
 70
     1
102
RTVSPropertyOp19
 70
     1
102
RTVSPropertyOp20
 70
     1
102
RTVSPropertyOp21
 70
     1
102
RTVSPropertyOp22
 70
     1
102
RTVSPropertyOp23
 70
     1
102
RTVSPropertyOp24
 70
     1
102
RTVSPropertyOp25
 70
     1
102
RTVSPropertyOp26
 70
     1
102
RTVSPropertyOp27
 70
     1
102
RTVSPropertyOp28
 70
     1
102
RTVSPropertyOp29
 70
     1
102
RTVSPropertyOp30
 70
     1
102
RTVSPropertyOp31
 70
     1
102
RTVSPropertyOp32
 70
     1
102
RTVSPropertyOp33
 70
     1
102
RTVSPropertyOp34
 70
     1
102
RTVSPropertyOp35
 70
     1
102
RTVSPropertyOp36
 70
     1
102
RTVSPropertyOp37
 70
     1
102
RTVSPropertyOp38
 70
     1
102
RTVSPropertyOp39
 70
     1
102
RTVSPropertyOp40
 70
     1
102
RTVSPropertyOp41
 70
     1
102
RTVSPropertyOp42
 70
     1
102
RTVSPropertyOp43
 70
     1
102
RTVSPropertyOp44
 70
     1
102
RTVSPropertyOp45
 70
     1
102
RTVSPropertyOp46
 70
     1
102
RTVSPropertyOp47
 70
     1
102
RTVSPropertyOp48
 70
     1
102
RTVSPropertyOp49
 70
     1
102
RTVSPropertyOp50
 70
     1
102
RTVSPropertyOp51
 70
     0
102
RTVSPropertyOp52
 70
     0
102
RTVSPropertyOp53
 70
     1
102
RTVSPropertyOp54
 70
     1
102
RTVSPropertyOp55
 70
     1
102
RTVSPropertyOp56
 70
     1
102
RTVSPropertyOp57
 70
     1
102
RTVSPost2010Prop28
280
     0
102
RTVSPost2010PropOp28
 70
     1
102
RTVSPost2010Prop29
280
     1
102
RTVSPost2010PropOp29
 70
     1
102
RTVSPost2010Prop30
280
     1
102
RTVSPost2010PropOp30
 70
     1
102
RTVSPost2010Prop31
280
     0
102
RTVSPost2010PropOp31
 70
     1
102
RTVSPost2010Prop32
280
     0
102
RTVSPost2010PropOp32
 70
     1
102
RTVSPost2010Prop33
280
     0
102
RTVSPost2010PropOp33
 70
     1
102
RTVSPost2010Prop34
280
     0
102
RTVSPost2010PropOp34
 70
     1
102
RTVSPost2010Prop35
280
     0
102
RTVSPost2010PropOp35
 70
     1
102
RTVSPost2010Prop36
280
     0
102
RTVSPost2010PropOp36
 70
     1
102
RTVSPost2010Prop37
 90
       50
102
RTVSPost2010PropOp37
 70
     1
102
RTVSPost2010Prop38
140
0.0
102
RTVSPost2010PropOp38
 70
     1
102
RTVSPost2010Prop39
140
1.0
102
RTVSPost2010PropOp39
 70
     1
102
RTVSPost2010Prop40
 90
        0
102
RTVSPost2010PropOp40
 70
     1
102
RTVSPost2010Prop41ColorIndex
 90
       18
102
RTVSPost2010Prop41ColorRGB
 90
        0
102
RTVSPost2010PropOp41
 70
     1
102
RTVSPost2010Prop42
 90
       50
102
RTVSPost2010PropOp42
 70
     1
102
RTVSPost2010Prop43
 90
        3
102
RTVSPost2010PropOp43
 70
     1
102
RTVSPost2010Prop44ColorIndex
 90
        5
102
RTVSPost2010Prop44ColorRGB
 90
      255
102
RTVSPost2010PropOp44
 70
     1
102
RTVSPost2010Prop45
280
     0
102
RTVSPost2010PropOp45
 70
     1
102
RTVSPost2010Prop46
 90
       50
102
RTVSPost2010PropOp46
 70
     1
102
RTVSPost2010Prop47
 90
       50
102
RTVSPost2010PropOp47
 70
     1
102
RTVSPost2010Prop48
 90
       50
102
RTVSPost2010PropOp48
 70
     1
102
RTVSPost2010Prop49
280
     0
102
RTVSPost2010PropOp49
 70
     1
102
RTVSPost2010Prop50
 90
       50
102
RTVSPost2010PropOp50
 70
     1
102
RTVSPost2010Prop51ColorIndex
 90
      256
102
RTVSPost2010Prop51ColorRGB
 90
-16777216
102
RTVSPost2010PropOp51
 70
     0
102
RTVSPost2010Prop52
140
1.0
102
RTVSPost2010PropOp52
 70
     0
102
RTVSPost2010Prop53
 90
        2
102
RTVSPost2010PropOp53
 70
     1
102
RTVSPost2010Prop54
  1
strokes_ogs.tif
102
RTVSPost2010PropOp54
 70
     1
102
RTVSPost2010Prop55
280
     0
102
RTVSPost2010PropOp55
 70
     1
102
RTVSPost2010Prop56
140
1.0
102
RTVSPost2010PropOp56
 70
     1
102
RTVSPost2010Prop57
140
1.0
102
RTVSPost2010PropOp57
 70
     1
  0
XRECORD
  5
2F87
102
{ACAD_REACTORS
330
2F86
102
}
330
2F86
100
AcDbXrecord
280
     1
102
RTVSPropertyOp0
 70
     1
102
RTVSPropertyOp1
 70
     1
102
RTVSPropertyOp2
 70
     1
102
RTVSPropertyOp3
 70
     1
102
RTVSPropertyOp4
 70
     1
102
RTVSPropertyOp5
 70
     1
102
RTVSPropertyOp6
 70
     1
102
RTVSPropertyOp7
 70
     1
102
RTVSPropertyOp8
 70
     1
102
RTVSPropertyOp9
 70
     1
102
RTVSPropertyOp10
 70
     1
102
RTVSPropertyOp11
 70
     1
102
RTVSPropertyOp12
 70
     1
102
RTVSPropertyOp13
 70
     1
102
RTVSPropertyOp14
 70
     1
102
RTVSPropertyOp15
 70
     1
102
RTVSPropertyOp16
 70
     1
102
RTVSPropertyOp17
 70
     1
102
RTVSPropertyOp18
 70
     1
102
RTVSPropertyOp19
 70
     1
102
RTVSPropertyOp20
 70
     1
102
RTVSPropertyOp21
 70
     1
102
RTVSPropertyOp22
 70
     1
102
RTVSPropertyOp23
 70
     1
102
RTVSPropertyOp24
 70
     1
102
RTVSPropertyOp25
 70
     1
102
RTVSPropertyOp26
 70
     1
102
RTVSPropertyOp27
 70
     1
102
RTVSPropertyOp28
 70
     1
102
RTVSPropertyOp29
 70
     1
102
RTVSPropertyOp30
 70
     1
102
RTVSPropertyOp31
 70
     1
102
RTVSPropertyOp32
 70
     1
102
RTVSPropertyOp33
 70
     1
102
RTVSPropertyOp34
 70
     1
102
RTVSPropertyOp35
 70
     1
102
RTVSPropertyOp36
 70
     1
102
RTVSPropertyOp37
 70
     1
102
RTVSPropertyOp38
 70
     1
102
RTVSPropertyOp39
 70
     1
102
RTVSPropertyOp40
 70
     1
102
RTVSPropertyOp41
 70
     1
102
RTVSPropertyOp42
 70
     1
102
RTVSPropertyOp43
 70
     1
102
RTVSPropertyOp44
 70
     1
102
RTVSPropertyOp45
 70
     1
102
RTVSPropertyOp46
 70
     1
102
RTVSPropertyOp47
 70
     1
102
RTVSPropertyOp48
 70
     1
102
RTVSPropertyOp49
 70
     1
102
RTVSPropertyOp50
 70
     1
102
RTVSPropertyOp51
 70
     0
102
RTVSPropertyOp52
 70
     0
102
RTVSPropertyOp53
 70
     1
102
RTVSPropertyOp54
 70
     1
102
RTVSPropertyOp55
 70
     1
102
RTVSPropertyOp56
 70
     1
102
RTVSPropertyOp57
 70
     1
102
RTVSPost2010Prop28
280
     0
102
RTVSPost2010PropOp28
 70
     1
102
RTVSPost2010Prop29
280
     1
102
RTVSPost2010PropOp29
 70
     1
102
RTVSPost2010Prop30
280
     1
102
RTVSPost2010PropOp30
 70
     1
102
RTVSPost2010Prop31
280
     0
102
RTVSPost2010PropOp31
 70
     1
102
RTVSPost2010Prop32
280
     0
102
RTVSPost2010PropOp32
 70
     1
102
RTVSPost2010Prop33
280
     0
102
RTVSPost2010PropOp33
 70
     1
102
RTVSPost2010Prop34
280
     0
102
RTVSPost2010PropOp34
 70
     1
102
RTVSPost2010Prop35
280
     0
102
RTVSPost2010PropOp35
 70
     1
102
RTVSPost2010Prop36
280
     0
102
RTVSPost2010PropOp36
 70
     1
102
RTVSPost2010Prop37
 90
       50
102
RTVSPost2010PropOp37
 70
     1
102
RTVSPost2010Prop38
140
0.0
102
RTVSPost2010PropOp38
 70
     1
102
RTVSPost2010Prop39
140
1.0
102
RTVSPost2010PropOp39
 70
     1
102
RTVSPost2010Prop40
 90
        0
102
RTVSPost2010PropOp40
 70
     1
102
RTVSPost2010Prop41ColorIndex
 90
       18
102
RTVSPost2010Prop41ColorRGB
 90
        0
102
RTVSPost2010PropOp41
 70
     1
102
RTVSPost2010Prop42
 90
       50
102
RTVSPost2010PropOp42
 70
     1
102
RTVSPost2010Prop43
 90
        3
102
RTVSPost2010PropOp43
 70
     1
102
RTVSPost2010Prop44ColorIndex
 90
        5
102
RTVSPost2010Prop44ColorRGB
 90
      255
102
RTVSPost2010PropOp44
 70
     1
102
RTVSPost2010Prop45
280
     0
102
RTVSPost2010PropOp45
 70
     1
102
RTVSPost2010Prop46
 90
       50
102
RTVSPost2010PropOp46
 70
     1
102
RTVSPost2010Prop47
 90
       50
102
RTVSPost2010PropOp47
 70
     1
102
RTVSPost2010Prop48
 90
       50
102
RTVSPost2010PropOp48
 70
     1
102
RTVSPost2010Prop49
280
     0
102
RTVSPost2010PropOp49
 70
     1
102
RTVSPost2010Prop50
 90
       50
102
RTVSPost2010PropOp50
 70
     1
102
RTVSPost2010Prop51ColorIndex
 90
      256
102
RTVSPost2010Prop51ColorRGB
 90
-16777216
102
RTVSPost2010PropOp51
 70
     0
102
RTVSPost2010Prop52
140
1.0
102
RTVSPost2010PropOp52
 70
     0
102
RTVSPost2010Prop53
 90
        2
102
RTVSPost2010PropOp53
 70
     1
102
RTVSPost2010Prop54
  1
strokes_ogs.tif
102
RTVSPost2010PropOp54
 70
     1
102
RTVSPost2010Prop55
280
     0
102
RTVSPost2010PropOp55
 70
     1
102
RTVSPost2010Prop56
140
1.0
102
RTVSPost2010PropOp56
 70
     1
102
RTVSPost2010Prop57
140
1.0
102
RTVSPost2010PropOp57
 70
     1
  0
XRECORD
  5
2F89
102
{ACAD_REACTORS
330
2F88
102
}
330
2F88
100
AcDbXrecord
280
     1
102
RTVSPropertyOp0
 70
     1
102
RTVSPropertyOp1
 70
     1
102
RTVSPropertyOp2
 70
     1
102
RTVSPropertyOp3
 70
     1
102
RTVSPropertyOp4
 70
     1
102
RTVSPropertyOp5
 70
     1
102
RTVSPropertyOp6
 70
     1
102
RTVSPropertyOp7
 70
     1
102
RTVSPropertyOp8
 70
     1
102
RTVSPropertyOp9
 70
     1
102
RTVSPropertyOp10
 70
     1
102
RTVSPropertyOp11
 70
     1
102
RTVSPropertyOp12
 70
     1
102
RTVSPropertyOp13
 70
     1
102
RTVSPropertyOp14
 70
     1
102
RTVSPropertyOp15
 70
     1
102
RTVSPropertyOp16
 70
     1
102
RTVSPropertyOp17
 70
     1
102
RTVSPropertyOp18
 70
     1
102
RTVSPropertyOp19
 70
     1
102
RTVSPropertyOp20
 70
     1
102
RTVSPropertyOp21
 70
     1
102
RTVSPropertyOp22
 70
     1
102
RTVSPropertyOp23
 70
     1
102
RTVSPropertyOp24
 70
     1
102
RTVSPropertyOp25
 70
     1
102
RTVSPropertyOp26
 70
     1
102
RTVSPropertyOp27
 70
     1
102
RTVSPropertyOp28
 70
     1
102
RTVSPropertyOp29
 70
     1
102
RTVSPropertyOp30
 70
     1
102
RTVSPropertyOp31
 70
     1
102
RTVSPropertyOp32
 70
     1
102
RTVSPropertyOp33
 70
     1
102
RTVSPropertyOp34
 70
     1
102
RTVSPropertyOp35
 70
     1
102
RTVSPropertyOp36
 70
     1
102
RTVSPropertyOp37
 70
     1
102
RTVSPropertyOp38
 70
     1
102
RTVSPropertyOp39
 70
     1
102
RTVSPropertyOp40
 70
     1
102
RTVSPropertyOp41
 70
     1
102
RTVSPropertyOp42
 70
     1
102
RTVSPropertyOp43
 70
     1
102
RTVSPropertyOp44
 70
     1
102
RTVSPropertyOp45
 70
     1
102
RTVSPropertyOp46
 70
     1
102
RTVSPropertyOp47
 70
     1
102
RTVSPropertyOp48
 70
     1
102
RTVSPropertyOp49
 70
     1
102
RTVSPropertyOp50
 70
     1
102
RTVSPropertyOp51
 70
     0
102
RTVSPropertyOp52
 70
     0
102
RTVSPropertyOp53
 70
     1
102
RTVSPropertyOp54
 70
     1
102
RTVSPropertyOp55
 70
     1
102
RTVSPropertyOp56
 70
     1
102
RTVSPropertyOp57
 70
     1
102
RTVSPost2010Prop28
280
     0
102
RTVSPost2010PropOp28
 70
     1
102
RTVSPost2010Prop29
280
     1
102
RTVSPost2010PropOp29
 70
     1
102
RTVSPost2010Prop30
280
     1
102
RTVSPost2010PropOp30
 70
     1
102
RTVSPost2010Prop31
280
     0
102
RTVSPost2010PropOp31
 70
     1
102
RTVSPost2010Prop32
280
     0
102
RTVSPost2010PropOp32
 70
     1
102
RTVSPost2010Prop33
280
     0
102
RTVSPost2010PropOp33
 70
     1
102
RTVSPost2010Prop34
280
     0
102
RTVSPost2010PropOp34
 70
     1
102
RTVSPost2010Prop35
280
     0
102
RTVSPost2010PropOp35
 70
     1
102
RTVSPost2010Prop36
280
     0
102
RTVSPost2010PropOp36
 70
     1
102
RTVSPost2010Prop37
 90
       50
102
RTVSPost2010PropOp37
 70
     1
102
RTVSPost2010Prop38
140
0.0
102
RTVSPost2010PropOp38
 70
     1
102
RTVSPost2010Prop39
140
1.0
102
RTVSPost2010PropOp39
 70
     1
102
RTVSPost2010Prop40
 90
        0
102
RTVSPost2010PropOp40
 70
     1
102
RTVSPost2010Prop41ColorIndex
 90
       18
102
RTVSPost2010Prop41ColorRGB
 90
        0
102
RTVSPost2010PropOp41
 70
     1
102
RTVSPost2010Prop42
 90
       50
102
RTVSPost2010PropOp42
 70
     1
102
RTVSPost2010Prop43
 90
        3
102
RTVSPost2010PropOp43
 70
     1
102
RTVSPost2010Prop44ColorIndex
 90
        5
102
RTVSPost2010Prop44ColorRGB
 90
      255
102
RTVSPost2010PropOp44
 70
     1
102
RTVSPost2010Prop45
280
     0
102
RTVSPost2010PropOp45
 70
     1
102
RTVSPost2010Prop46
 90
       50
102
RTVSPost2010PropOp46
 70
     1
102
RTVSPost2010Prop47
 90
       50
102
RTVSPost2010PropOp47
 70
     1
102
RTVSPost2010Prop48
 90
       50
102
RTVSPost2010PropOp48
 70
     1
102
RTVSPost2010Prop49
280
     0
102
RTVSPost2010PropOp49
 70
     1
102
RTVSPost2010Prop50
 90
       50
102
RTVSPost2010PropOp50
 70
     1
102
RTVSPost2010Prop51ColorIndex
 90
      256
102
RTVSPost2010Prop51ColorRGB
 90
-16777216
102
RTVSPost2010PropOp51
 70
     0
102
RTVSPost2010Prop52
140
1.0
102
RTVSPost2010PropOp52
 70
     0
102
RTVSPost2010Prop53
 90
        2
102
RTVSPost2010PropOp53
 70
     1
102
RTVSPost2010Prop54
  1
strokes_ogs.tif
102
RTVSPost2010PropOp54
 70
     1
102
RTVSPost2010Prop55
280
     0
102
RTVSPost2010PropOp55
 70
     1
102
RTVSPost2010Prop56
140
1.0
102
RTVSPost2010PropOp56
 70
     1
102
RTVSPost2010Prop57
140
1.0
102
RTVSPost2010PropOp57
 70
     1
  0
XRECORD
  5
2F8B
102
{ACAD_REACTORS
330
2F8A
102
}
330
2F8A
100
AcDbXrecord
280
     1
102
RTVSPropertyOp0
 70
     0
102
RTVSPropertyOp1
 70
     0
102
RTVSPropertyOp2
 70
     0
102
RTVSPropertyOp3
 70
     0
102
RTVSPropertyOp4
 70
     0
102
RTVSPropertyOp5
 70
     0
102
RTVSPropertyOp6
 70
     0
102
RTVSPropertyOp7
 70
     0
102
RTVSPropertyOp8
 70
     0
102
RTVSPropertyOp9
 70
     0
102
RTVSPropertyOp10
 70
     0
102
RTVSPropertyOp11
 70
     0
102
RTVSPropertyOp12
 70
     0
102
RTVSPropertyOp13
 70
     0
102
RTVSPropertyOp14
 70
     2
102
RTVSPropertyOp15
 70
     0
102
RTVSPropertyOp16
 70
     0
102
RTVSPropertyOp17
 70
     0
102
RTVSPropertyOp18
 70
     0
102
RTVSPropertyOp19
 70
     0
102
RTVSPropertyOp20
 70
     0
102
RTVSPropertyOp21
 70
     0
102
RTVSPropertyOp22
 70
     0
102
RTVSPropertyOp23
 70
     0
102
RTVSPropertyOp24
 70
     0
102
RTVSPropertyOp25
 70
     0
102
RTVSPropertyOp26
 70
     0
102
RTVSPropertyOp27
 70
     0
102
RTVSPropertyOp28
 70
     0
102
RTVSPropertyOp29
 70
     0
102
RTVSPropertyOp30
 70
     0
102
RTVSPropertyOp31
 70
     0
102
RTVSPropertyOp32
 70
     0
102
RTVSPropertyOp33
 70
     0
102
RTVSPropertyOp34
 70
     0
102
RTVSPropertyOp35
 70
     0
102
RTVSPropertyOp36
 70
     0
102
RTVSPropertyOp37
 70
     0
102
RTVSPropertyOp38
 70
     0
102
RTVSPropertyOp39
 70
     0
102
RTVSPropertyOp40
 70
     0
102
RTVSPropertyOp41
 70
     0
102
RTVSPropertyOp42
 70
     0
102
RTVSPropertyOp43
 70
     0
102
RTVSPropertyOp44
 70
     0
102
RTVSPropertyOp45
 70
     0
102
RTVSPropertyOp46
 70
     0
102
RTVSPropertyOp47
 70
     0
102
RTVSPropertyOp48
 70
     0
102
RTVSPropertyOp49
 70
     0
102
RTVSPropertyOp50
 70
     0
102
RTVSPropertyOp51
 70
     0
102
RTVSPropertyOp52
 70
     0
102
RTVSPropertyOp53
 70
     0
102
RTVSPropertyOp54
 70
     0
102
RTVSPropertyOp55
 70
     0
102
RTVSPropertyOp56
 70
     0
102
RTVSPropertyOp57
 70
     0
102
RTVSPost2010Prop28
280
     0
102
RTVSPost2010PropOp28
 70
     0
102
RTVSPost2010Prop29
280
     1
102
RTVSPost2010PropOp29
 70
     0
102
RTVSPost2010Prop30
280
     1
102
RTVSPost2010PropOp30
 70
     0
102
RTVSPost2010Prop31
280
     0
102
RTVSPost2010PropOp31
 70
     0
102
RTVSPost2010Prop32
280
     0
102
RTVSPost2010PropOp32
 70
     0
102
RTVSPost2010Prop33
280
     0
102
RTVSPost2010PropOp33
 70
     0
102
RTVSPost2010Prop34
280
     0
102
RTVSPost2010PropOp34
 70
     0
102
RTVSPost2010Prop35
280
     0
102
RTVSPost2010PropOp35
 70
     0
102
RTVSPost2010Prop36
280
     0
102
RTVSPost2010PropOp36
 70
     0
102
RTVSPost2010Prop37
 90
       50
102
RTVSPost2010PropOp37
 70
     0
102
RTVSPost2010Prop38
140
0.0
102
RTVSPost2010PropOp38
 70
     0
102
RTVSPost2010Prop39
140
1.0
102
RTVSPost2010PropOp39
 70
     0
102
RTVSPost2010Prop40
 90
        0
102
RTVSPost2010PropOp40
 70
     0
102
RTVSPost2010Prop41ColorIndex
 90
       18
102
RTVSPost2010Prop41ColorRGB
 90
        0
102
RTVSPost2010PropOp41
 70
     0
102
RTVSPost2010Prop42
 90
       50
102
RTVSPost2010PropOp42
 70
     0
102
RTVSPost2010Prop43
 90
        3
102
RTVSPost2010PropOp43
 70
     0
102
RTVSPost2010Prop44ColorIndex
 90
        5
102
RTVSPost2010Prop44ColorRGB
 90
      255
102
RTVSPost2010PropOp44
 70
     0
102
RTVSPost2010Prop45
280
     0
102
RTVSPost2010PropOp45
 70
     0
102
RTVSPost2010Prop46
 90
       50
102
RTVSPost2010PropOp46
 70
     0
102
RTVSPost2010Prop47
 90
       50
102
RTVSPost2010PropOp47
 70
     0
102
RTVSPost2010Prop48
 90
       50
102
RTVSPost2010PropOp48
 70
     0
102
RTVSPost2010Prop49
280
     0
102
RTVSPost2010PropOp49
 70
     0
102
RTVSPost2010Prop50
 90
       50
102
RTVSPost2010PropOp50
 70
     0
102
RTVSPost2010Prop51ColorIndex
 90
      256
102
RTVSPost2010Prop51ColorRGB
 90
-16777216
102
RTVSPost2010PropOp51
 70
     0
102
RTVSPost2010Prop52
140
1.0
102
RTVSPost2010PropOp52
 70
     0
102
RTVSPost2010Prop53
 90
        2
102
RTVSPost2010PropOp53
 70
     0
102
RTVSPost2010Prop54
  1
strokes_ogs.tif
102
RTVSPost2010PropOp54
 70
     0
102
RTVSPost2010Prop55
280
     0
102
RTVSPost2010PropOp55
 70
     0
102
RTVSPost2010Prop56
140
1.0
102
RTVSPost2010PropOp56
 70
     0
102
RTVSPost2010Prop57
140
1.0
102
RTVSPost2010PropOp57
 70
     0
  0
XRECORD
  5
2F8D
102
{ACAD_REACTORS
330
2F8C
102
}
330
2F8C
100
AcDbXrecord
280
     1
102
RTVSPropertyOp0
 70
     1
102
RTVSPropertyOp1
 70
     1
102
RTVSPropertyOp2
 70
     1
102
RTVSPropertyOp3
 70
     1
102
RTVSPropertyOp4
 70
     1
102
RTVSPropertyOp5
 70
     1
102
RTVSPropertyOp6
 70
     1
102
RTVSPropertyOp7
 70
     1
102
RTVSPropertyOp8
 70
     1
102
RTVSPropertyOp9
 70
     1
102
RTVSPropertyOp10
 70
     1
102
RTVSPropertyOp11
 70
     1
102
RTVSPropertyOp12
 70
     1
102
RTVSPropertyOp13
 70
     1
102
RTVSPropertyOp14
 70
     1
102
RTVSPropertyOp15
 70
     1
102
RTVSPropertyOp16
 70
     1
102
RTVSPropertyOp17
 70
     1
102
RTVSPropertyOp18
 70
     1
102
RTVSPropertyOp19
 70
     1
102
RTVSPropertyOp20
 70
     1
102
RTVSPropertyOp21
 70
     1
102
RTVSPropertyOp22
 70
     1
102
RTVSPropertyOp23
 70
     1
102
RTVSPropertyOp24
 70
     1
102
RTVSPropertyOp25
 70
     1
102
RTVSPropertyOp26
 70
     1
102
RTVSPropertyOp27
 70
     1
102
RTVSPropertyOp28
 70
     1
102
RTVSPropertyOp29
 70
     1
102
RTVSPropertyOp30
 70
     1
102
RTVSPropertyOp31
 70
     1
102
RTVSPropertyOp32
 70
     1
102
RTVSPropertyOp33
 70
     1
102
RTVSPropertyOp34
 70
     1
102
RTVSPropertyOp35
 70
     1
102
RTVSPropertyOp36
 70
     1
102
RTVSPropertyOp37
 70
     1
102
RTVSPropertyOp38
 70
     1
102
RTVSPropertyOp39
 70
     1
102
RTVSPropertyOp40
 70
     1
102
RTVSPropertyOp41
 70
     1
102
RTVSPropertyOp42
 70
     1
102
RTVSPropertyOp43
 70
     1
102
RTVSPropertyOp44
 70
     1
102
RTVSPropertyOp45
 70
     1
102
RTVSPropertyOp46
 70
     1
102
RTVSPropertyOp47
 70
     1
102
RTVSPropertyOp48
 70
     1
102
RTVSPropertyOp49
 70
     1
102
RTVSPropertyOp50
 70
     1
102
RTVSPropertyOp51
 70
     0
102
RTVSPropertyOp52
 70
     0
102
RTVSPropertyOp53
 70
     1
102
RTVSPropertyOp54
 70
     1
102
RTVSPropertyOp55
 70
     1
102
RTVSPropertyOp56
 70
     1
102
RTVSPropertyOp57
 70
     1
102
RTVSPost2010Prop28
280
     0
102
RTVSPost2010PropOp28
 70
     1
102
RTVSPost2010Prop29
280
     1
102
RTVSPost2010PropOp29
 70
     1
102
RTVSPost2010Prop30
280
     1
102
RTVSPost2010PropOp30
 70
     1
102
RTVSPost2010Prop31
280
     0
102
RTVSPost2010PropOp31
 70
     1
102
RTVSPost2010Prop32
280
     0
102
RTVSPost2010PropOp32
 70
     1
102
RTVSPost2010Prop33
280
     0
102
RTVSPost2010PropOp33
 70
     1
102
RTVSPost2010Prop34
280
     0
102
RTVSPost2010PropOp34
 70
     1
102
RTVSPost2010Prop35
280
     0
102
RTVSPost2010PropOp35
 70
     1
102
RTVSPost2010Prop36
280
     0
102
RTVSPost2010PropOp36
 70
     1
102
RTVSPost2010Prop37
 90
       50
102
RTVSPost2010PropOp37
 70
     1
102
RTVSPost2010Prop38
140
0.0
102
RTVSPost2010PropOp38
 70
     1
102
RTVSPost2010Prop39
140
1.0
102
RTVSPost2010PropOp39
 70
     1
102
RTVSPost2010Prop40
 90
        0
102
RTVSPost2010PropOp40
 70
     1
102
RTVSPost2010Prop41ColorIndex
 90
       18
102
RTVSPost2010Prop41ColorRGB
 90
        0
102
RTVSPost2010PropOp41
 70
     1
102
RTVSPost2010Prop42
 90
       50
102
RTVSPost2010PropOp42
 70
     1
102
RTVSPost2010Prop43
 90
        3
102
RTVSPost2010PropOp43
 70
     1
102
RTVSPost2010Prop44ColorIndex
 90
        5
102
RTVSPost2010Prop44ColorRGB
 90
      255
102
RTVSPost2010PropOp44
 70
     1
102
RTVSPost2010Prop45
280
     0
102
RTVSPost2010PropOp45
 70
     1
102
RTVSPost2010Prop46
 90
       50
102
RTVSPost2010PropOp46
 70
     1
102
RTVSPost2010Prop47
 90
       50
102
RTVSPost2010PropOp47
 70
     1
102
RTVSPost2010Prop48
 90
       50
102
RTVSPost2010PropOp48
 70
     1
102
RTVSPost2010Prop49
280
     0
102
RTVSPost2010PropOp49
 70
     1
102
RTVSPost2010Prop50
 90
       50
102
RTVSPost2010PropOp50
 70
     1
102
RTVSPost2010Prop51ColorIndex
 90
      256
102
RTVSPost2010Prop51ColorRGB
 90
-16777216
102
RTVSPost2010PropOp51
 70
     0
102
RTVSPost2010Prop52
140
1.0
102
RTVSPost2010PropOp52
 70
     0
102
RTVSPost2010Prop53
 90
        2
102
RTVSPost2010PropOp53
 70
     1
102
RTVSPost2010Prop54
  1
strokes_ogs.tif
102
RTVSPost2010PropOp54
 70
     1
102
RTVSPost2010Prop55
280
     0
102
RTVSPost2010PropOp55
 70
     1
102
RTVSPost2010Prop56
140
1.0
102
RTVSPost2010PropOp56
 70
     1
102
RTVSPost2010Prop57
140
1.0
102
RTVSPost2010PropOp57
 70
     1
  0
XRECORD
  5
2F8F
102
{ACAD_REACTORS
330
2F8E
102
}
330
2F8E
100
AcDbXrecord
280
     1
102
RTVSPropertyOp0
 70
     1
102
RTVSPropertyOp1
 70
     1
102
RTVSPropertyOp2
 70
     1
102
RTVSPropertyOp3
 70
     1
102
RTVSPropertyOp4
 70
     1
102
RTVSPropertyOp5
 70
     1
102
RTVSPropertyOp6
 70
     1
102
RTVSPropertyOp7
 70
     1
102
RTVSPropertyOp8
 70
     1
102
RTVSPropertyOp9
 70
     1
102
RTVSPropertyOp10
 70
     1
102
RTVSPropertyOp11
 70
     1
102
RTVSPropertyOp12
 70
     1
102
RTVSPropertyOp13
 70
     1
102
RTVSPropertyOp14
 70
     1
102
RTVSPropertyOp15
 70
     1
102
RTVSPropertyOp16
 70
     1
102
RTVSPropertyOp17
 70
     1
102
RTVSPropertyOp18
 70
     1
102
RTVSPropertyOp19
 70
     1
102
RTVSPropertyOp20
 70
     1
102
RTVSPropertyOp21
 70
     1
102
RTVSPropertyOp22
 70
     1
102
RTVSPropertyOp23
 70
     1
102
RTVSPropertyOp24
 70
     1
102
RTVSPropertyOp25
 70
     1
102
RTVSPropertyOp26
 70
     1
102
RTVSPropertyOp27
 70
     1
102
RTVSPropertyOp28
 70
     1
102
RTVSPropertyOp29
 70
     1
102
RTVSPropertyOp30
 70
     1
102
RTVSPropertyOp31
 70
     1
102
RTVSPropertyOp32
 70
     1
102
RTVSPropertyOp33
 70
     1
102
RTVSPropertyOp34
 70
     1
102
RTVSPropertyOp35
 70
     1
102
RTVSPropertyOp36
 70
     1
102
RTVSPropertyOp37
 70
     1
102
RTVSPropertyOp38
 70
     1
102
RTVSPropertyOp39
 70
     1
102
RTVSPropertyOp40
 70
     1
102
RTVSPropertyOp41
 70
     1
102
RTVSPropertyOp42
 70
     1
102
RTVSPropertyOp43
 70
     1
102
RTVSPropertyOp44
 70
     1
102
RTVSPropertyOp45
 70
     1
102
RTVSPropertyOp46
 70
     1
102
RTVSPropertyOp47
 70
     1
102
RTVSPropertyOp48
 70
     1
102
RTVSPropertyOp49
 70
     1
102
RTVSPropertyOp50
 70
     1
102
RTVSPropertyOp51
 70
     0
102
RTVSPropertyOp52
 70
     0
102
RTVSPropertyOp53
 70
     1
102
RTVSPropertyOp54
 70
     1
102
RTVSPropertyOp55
 70
     1
102
RTVSPropertyOp56
 70
     1
102
RTVSPropertyOp57
 70
     1
102
RTVSPost2010Prop28
280
     0
102
RTVSPost2010PropOp28
 70
     1
102
RTVSPost2010Prop29
280
     1
102
RTVSPost2010PropOp29
 70
     1
102
RTVSPost2010Prop30
280
     1
102
RTVSPost2010PropOp30
 70
     1
102
RTVSPost2010Prop31
280
     0
102
RTVSPost2010PropOp31
 70
     1
102
RTVSPost2010Prop32
280
     0
102
RTVSPost2010PropOp32
 70
     1
102
RTVSPost2010Prop33
280
     0
102
RTVSPost2010PropOp33
 70
     1
102
RTVSPost2010Prop34
280
     0
102
RTVSPost2010PropOp34
 70
     1
102
RTVSPost2010Prop35
280
     0
102
RTVSPost2010PropOp35
 70
     1
102
RTVSPost2010Prop36
280
     0
102
RTVSPost2010PropOp36
 70
     1
102
RTVSPost2010Prop37
 90
       50
102
RTVSPost2010PropOp37
 70
     1
102
RTVSPost2010Prop38
140
0.0
102
RTVSPost2010PropOp38
 70
     1
102
RTVSPost2010Prop39
140
1.0
102
RTVSPost2010PropOp39
 70
     1
102
RTVSPost2010Prop40
 90
        0
102
RTVSPost2010PropOp40
 70
     1
102
RTVSPost2010Prop41ColorIndex
 90
       18
102
RTVSPost2010Prop41ColorRGB
 90
        0
102
RTVSPost2010PropOp41
 70
     1
102
RTVSPost2010Prop42
 90
       50
102
RTVSPost2010PropOp42
 70
     1
102
RTVSPost2010Prop43
 90
        3
102
RTVSPost2010PropOp43
 70
     1
102
RTVSPost2010Prop44ColorIndex
 90
        5
102
RTVSPost2010Prop44ColorRGB
 90
      255
102
RTVSPost2010PropOp44
 70
     1
102
RTVSPost2010Prop45
280
     0
102
RTVSPost2010PropOp45
 70
     1
102
RTVSPost2010Prop46
 90
       50
102
RTVSPost2010PropOp46
 70
     1
102
RTVSPost2010Prop47
 90
       50
102
RTVSPost2010PropOp47
 70
     1
102
RTVSPost2010Prop48
 90
       50
102
RTVSPost2010PropOp48
 70
     1
102
RTVSPost2010Prop49
280
     0
102
RTVSPost2010PropOp49
 70
     1
102
RTVSPost2010Prop50
 90
       50
102
RTVSPost2010PropOp50
 70
     1
102
RTVSPost2010Prop51ColorIndex
 90
      256
102
RTVSPost2010Prop51ColorRGB
 90
-16777216
102
RTVSPost2010PropOp51
 70
     0
102
RTVSPost2010Prop52
140
1.0
102
RTVSPost2010PropOp52
 70
     0
102
RTVSPost2010Prop53
 90
        2
102
RTVSPost2010PropOp53
 70
     1
102
RTVSPost2010Prop54
  1
strokes_ogs.tif
102
RTVSPost2010PropOp54
 70
     1
102
RTVSPost2010Prop55
280
     0
102
RTVSPost2010PropOp55
 70
     1
102
RTVSPost2010Prop56
140
1.0
102
RTVSPost2010PropOp56
 70
     1
102
RTVSPost2010Prop57
140
1.0
102
RTVSPost2010PropOp57
 70
     1
  0
XRECORD
  5
2F91
102
{ACAD_REACTORS
330
2F90
102
}
330
2F90
100
AcDbXrecord
280
     1
102
RTVSPropertyOp0
 70
     1
102
RTVSPropertyOp1
 70
     1
102
RTVSPropertyOp2
 70
     1
102
RTVSPropertyOp3
 70
     1
102
RTVSPropertyOp4
 70
     1
102
RTVSPropertyOp5
 70
     1
102
RTVSPropertyOp6
 70
     1
102
RTVSPropertyOp7
 70
     1
102
RTVSPropertyOp8
 70
     1
102
RTVSPropertyOp9
 70
     1
102
RTVSPropertyOp10
 70
     1
102
RTVSPropertyOp11
 70
     1
102
RTVSPropertyOp12
 70
     1
102
RTVSPropertyOp13
 70
     1
102
RTVSPropertyOp14
 70
     1
102
RTVSPropertyOp15
 70
     1
102
RTVSPropertyOp16
 70
     1
102
RTVSPropertyOp17
 70
     1
102
RTVSPropertyOp18
 70
     1
102
RTVSPropertyOp19
 70
     1
102
RTVSPropertyOp20
 70
     1
102
RTVSPropertyOp21
 70
     1
102
RTVSPropertyOp22
 70
     1
102
RTVSPropertyOp23
 70
     1
102
RTVSPropertyOp24
 70
     1
102
RTVSPropertyOp25
 70
     1
102
RTVSPropertyOp26
 70
     1
102
RTVSPropertyOp27
 70
     1
102
RTVSPropertyOp28
 70
     1
102
RTVSPropertyOp29
 70
     1
102
RTVSPropertyOp30
 70
     1
102
RTVSPropertyOp31
 70
     1
102
RTVSPropertyOp32
 70
     1
102
RTVSPropertyOp33
 70
     1
102
RTVSPropertyOp34
 70
     1
102
RTVSPropertyOp35
 70
     1
102
RTVSPropertyOp36
 70
     1
102
RTVSPropertyOp37
 70
     1
102
RTVSPropertyOp38
 70
     1
102
RTVSPropertyOp39
 70
     1
102
RTVSPropertyOp40
 70
     1
102
RTVSPropertyOp41
 70
     1
102
RTVSPropertyOp42
 70
     1
102
RTVSPropertyOp43
 70
     1
102
RTVSPropertyOp44
 70
     1
102
RTVSPropertyOp45
 70
     1
102
RTVSPropertyOp46
 70
     1
102
RTVSPropertyOp47
 70
     1
102
RTVSPropertyOp48
 70
     1
102
RTVSPropertyOp49
 70
     1
102
RTVSPropertyOp50
 70
     1
102
RTVSPropertyOp51
 70
     0
102
RTVSPropertyOp52
 70
     0
102
RTVSPropertyOp53
 70
     1
102
RTVSPropertyOp54
 70
     1
102
RTVSPropertyOp55
 70
     1
102
RTVSPropertyOp56
 70
     1
102
RTVSPropertyOp57
 70
     1
102
RTVSPost2010Prop28
280
     0
102
RTVSPost2010PropOp28
 70
     1
102
RTVSPost2010Prop29
280
     1
102
RTVSPost2010PropOp29
 70
     1
102
RTVSPost2010Prop30
280
     1
102
RTVSPost2010PropOp30
 70
     1
102
RTVSPost2010Prop31
280
     0
102
RTVSPost2010PropOp31
 70
     1
102
RTVSPost2010Prop32
280
     0
102
RTVSPost2010PropOp32
 70
     1
102
RTVSPost2010Prop33
280
     0
102
RTVSPost2010PropOp33
 70
     1
102
RTVSPost2010Prop34
280
     0
102
RTVSPost2010PropOp34
 70
     1
102
RTVSPost2010Prop35
280
     0
102
RTVSPost2010PropOp35
 70
     1
102
RTVSPost2010Prop36
280
     0
102
RTVSPost2010PropOp36
 70
     1
102
RTVSPost2010Prop37
 90
       50
102
RTVSPost2010PropOp37
 70
     1
102
RTVSPost2010Prop38
140
0.0
102
RTVSPost2010PropOp38
 70
     1
102
RTVSPost2010Prop39
140
1.0
102
RTVSPost2010PropOp39
 70
     1
102
RTVSPost2010Prop40
 90
        0
102
RTVSPost2010PropOp40
 70
     1
102
RTVSPost2010Prop41ColorIndex
 90
       18
102
RTVSPost2010Prop41ColorRGB
 90
        0
102
RTVSPost2010PropOp41
 70
     1
102
RTVSPost2010Prop42
 90
       50
102
RTVSPost2010PropOp42
 70
     1
102
RTVSPost2010Prop43
 90
        3
102
RTVSPost2010PropOp43
 70
     1
102
RTVSPost2010Prop44ColorIndex
 90
        5
102
RTVSPost2010Prop44ColorRGB
 90
      255
102
RTVSPost2010PropOp44
 70
     1
102
RTVSPost2010Prop45
280
     0
102
RTVSPost2010PropOp45
 70
     1
102
RTVSPost2010Prop46
 90
       50
102
RTVSPost2010PropOp46
 70
     1
102
RTVSPost2010Prop47
 90
       50
102
RTVSPost2010PropOp47
 70
     1
102
RTVSPost2010Prop48
 90
       50
102
RTVSPost2010PropOp48
 70
     1
102
RTVSPost2010Prop49
280
     0
102
RTVSPost2010PropOp49
 70
     1
102
RTVSPost2010Prop50
 90
       50
102
RTVSPost2010PropOp50
 70
     1
102
RTVSPost2010Prop51ColorIndex
 90
      256
102
RTVSPost2010Prop51ColorRGB
 90
-16777216
102
RTVSPost2010PropOp51
 70
     0
102
RTVSPost2010Prop52
140
1.0
102
RTVSPost2010PropOp52
 70
     0
102
RTVSPost2010Prop53
 90
        2
102
RTVSPost2010PropOp53
 70
     1
102
RTVSPost2010Prop54
  1
strokes_ogs.tif
102
RTVSPost2010PropOp54
 70
     1
102
RTVSPost2010Prop55
280
     0
102
RTVSPost2010PropOp55
 70
     1
102
RTVSPost2010Prop56
140
1.0
102
RTVSPost2010PropOp56
 70
     1
102
RTVSPost2010Prop57
140
1.0
102
RTVSPost2010PropOp57
 70
     1
  0
XRECORD
  5
2F93
102
{ACAD_REACTORS
330
2F92
102
}
330
2F92
100
AcDbXrecord
280
     1
102
RTVSPropertyOp0
 70
     1
102
RTVSPropertyOp1
 70
     1
102
RTVSPropertyOp2
 70
     1
102
RTVSPropertyOp3
 70
     1
102
RTVSPropertyOp4
 70
     1
102
RTVSPropertyOp5
 70
     1
102
RTVSPropertyOp6
 70
     1
102
RTVSPropertyOp7
 70
     1
102
RTVSPropertyOp8
 70
     1
102
RTVSPropertyOp9
 70
     1
102
RTVSPropertyOp10
 70
     1
102
RTVSPropertyOp11
 70
     1
102
RTVSPropertyOp12
 70
     1
102
RTVSPropertyOp13
 70
     1
102
RTVSPropertyOp14
 70
     1
102
RTVSPropertyOp15
 70
     1
102
RTVSPropertyOp16
 70
     1
102
RTVSPropertyOp17
 70
     1
102
RTVSPropertyOp18
 70
     1
102
RTVSPropertyOp19
 70
     1
102
RTVSPropertyOp20
 70
     1
102
RTVSPropertyOp21
 70
     1
102
RTVSPropertyOp22
 70
     1
102
RTVSPropertyOp23
 70
     1
102
RTVSPropertyOp24
 70
     1
102
RTVSPropertyOp25
 70
     1
102
RTVSPropertyOp26
 70
     1
102
RTVSPropertyOp27
 70
     1
102
RTVSPropertyOp28
 70
     1
102
RTVSPropertyOp29
 70
     1
102
RTVSPropertyOp30
 70
     1
102
RTVSPropertyOp31
 70
     1
102
RTVSPropertyOp32
 70
     1
102
RTVSPropertyOp33
 70
     1
102
RTVSPropertyOp34
 70
     1
102
RTVSPropertyOp35
 70
     1
102
RTVSPropertyOp36
 70
     1
102
RTVSPropertyOp37
 70
     1
102
RTVSPropertyOp38
 70
     1
102
RTVSPropertyOp39
 70
     1
102
RTVSPropertyOp40
 70
     1
102
RTVSPropertyOp41
 70
     1
102
RTVSPropertyOp42
 70
     1
102
RTVSPropertyOp43
 70
     1
102
RTVSPropertyOp44
 70
     1
102
RTVSPropertyOp45
 70
     1
102
RTVSPropertyOp46
 70
     1
102
RTVSPropertyOp47
 70
     1
102
RTVSPropertyOp48
 70
     1
102
RTVSPropertyOp49
 70
     1
102
RTVSPropertyOp50
 70
     1
102
RTVSPropertyOp51
 70
     0
102
RTVSPropertyOp52
 70
     0
102
RTVSPropertyOp53
 70
     1
102
RTVSPropertyOp54
 70
     1
102
RTVSPropertyOp55
 70
     1
102
RTVSPropertyOp56
 70
     1
102
RTVSPropertyOp57
 70
     1
102
RTVSPost2010Prop28
280
     0
102
RTVSPost2010PropOp28
 70
     1
102
RTVSPost2010Prop29
280
     1
102
RTVSPost2010PropOp29
 70
     1
102
RTVSPost2010Prop30
280
     1
102
RTVSPost2010PropOp30
 70
     1
102
RTVSPost2010Prop31
280
     0
102
RTVSPost2010PropOp31
 70
     1
102
RTVSPost2010Prop32
280
     0
102
RTVSPost2010PropOp32
 70
     1
102
RTVSPost2010Prop33
280
     0
102
RTVSPost2010PropOp33
 70
     1
102
RTVSPost2010Prop34
280
     0
102
RTVSPost2010PropOp34
 70
     1
102
RTVSPost2010Prop35
280
     0
102
RTVSPost2010PropOp35
 70
     1
102
RTVSPost2010Prop36
280
     0
102
RTVSPost2010PropOp36
 70
     1
102
RTVSPost2010Prop37
 90
       50
102
RTVSPost2010PropOp37
 70
     1
102
RTVSPost2010Prop38
140
0.0
102
RTVSPost2010PropOp38
 70
     1
102
RTVSPost2010Prop39
140
1.0
102
RTVSPost2010PropOp39
 70
     1
102
RTVSPost2010Prop40
 90
        0
102
RTVSPost2010PropOp40
 70
     1
102
RTVSPost2010Prop41ColorIndex
 90
       18
102
RTVSPost2010Prop41ColorRGB
 90
        0
102
RTVSPost2010PropOp41
 70
     1
102
RTVSPost2010Prop42
 90
       50
102
RTVSPost2010PropOp42
 70
     1
102
RTVSPost2010Prop43
 90
        3
102
RTVSPost2010PropOp43
 70
     1
102
RTVSPost2010Prop44ColorIndex
 90
        5
102
RTVSPost2010Prop44ColorRGB
 90
      255
102
RTVSPost2010PropOp44
 70
     1
102
RTVSPost2010Prop45
280
     0
102
RTVSPost2010PropOp45
 70
     1
102
RTVSPost2010Prop46
 90
       50
102
RTVSPost2010PropOp46
 70
     1
102
RTVSPost2010Prop47
 90
       50
102
RTVSPost2010PropOp47
 70
     1
102
RTVSPost2010Prop48
 90
       50
102
RTVSPost2010PropOp48
 70
     1
102
RTVSPost2010Prop49
280
     0
102
RTVSPost2010PropOp49
 70
     1
102
RTVSPost2010Prop50
 90
       50
102
RTVSPost2010PropOp50
 70
     1
102
RTVSPost2010Prop51ColorIndex
 90
      256
102
RTVSPost2010Prop51ColorRGB
 90
-16777216
102
RTVSPost2010PropOp51
 70
     0
102
RTVSPost2010Prop52
140
1.0
102
RTVSPost2010PropOp52
 70
     0
102
RTVSPost2010Prop53
 90
        2
102
RTVSPost2010PropOp53
 70
     1
102
RTVSPost2010Prop54
  1
strokes_ogs.tif
102
RTVSPost2010PropOp54
 70
     1
102
RTVSPost2010Prop55
280
     0
102
RTVSPost2010PropOp55
 70
     1
102
RTVSPost2010Prop56
140
1.0
102
RTVSPost2010PropOp56
 70
     1
102
RTVSPost2010Prop57
140
1.0
102
RTVSPost2010PropOp57
 70
     1
  0
XRECORD
  5
2F95
102
{ACAD_REACTORS
330
2F94
102
}
330
2F94
100
AcDbXrecord
280
     1
102
RTVSPropertyOp0
 70
     1
102
RTVSPropertyOp1
 70
     1
102
RTVSPropertyOp2
 70
     1
102
RTVSPropertyOp3
 70
     1
102
RTVSPropertyOp4
 70
     1
102
RTVSPropertyOp5
 70
     1
102
RTVSPropertyOp6
 70
     1
102
RTVSPropertyOp7
 70
     1
102
RTVSPropertyOp8
 70
     1
102
RTVSPropertyOp9
 70
     1
102
RTVSPropertyOp10
 70
     1
102
RTVSPropertyOp11
 70
     1
102
RTVSPropertyOp12
 70
     1
102
RTVSPropertyOp13
 70
     1
102
RTVSPropertyOp14
 70
     1
102
RTVSPropertyOp15
 70
     1
102
RTVSPropertyOp16
 70
     1
102
RTVSPropertyOp17
 70
     1
102
RTVSPropertyOp18
 70
     1
102
RTVSPropertyOp19
 70
     1
102
RTVSPropertyOp20
 70
     1
102
RTVSPropertyOp21
 70
     1
102
RTVSPropertyOp22
 70
     1
102
RTVSPropertyOp23
 70
     1
102
RTVSPropertyOp24
 70
     1
102
RTVSPropertyOp25
 70
     1
102
RTVSPropertyOp26
 70
     1
102
RTVSPropertyOp27
 70
     1
102
RTVSPropertyOp28
 70
     1
102
RTVSPropertyOp29
 70
     1
102
RTVSPropertyOp30
 70
     1
102
RTVSPropertyOp31
 70
     1
102
RTVSPropertyOp32
 70
     1
102
RTVSPropertyOp33
 70
     1
102
RTVSPropertyOp34
 70
     1
102
RTVSPropertyOp35
 70
     1
102
RTVSPropertyOp36
 70
     1
102
RTVSPropertyOp37
 70
     1
102
RTVSPropertyOp38
 70
     1
102
RTVSPropertyOp39
 70
     1
102
RTVSPropertyOp40
 70
     1
102
RTVSPropertyOp41
 70
     1
102
RTVSPropertyOp42
 70
     1
102
RTVSPropertyOp43
 70
     1
102
RTVSPropertyOp44
 70
     1
102
RTVSPropertyOp45
 70
     1
102
RTVSPropertyOp46
 70
     1
102
RTVSPropertyOp47
 70
     1
102
RTVSPropertyOp48
 70
     1
102
RTVSPropertyOp49
 70
     1
102
RTVSPropertyOp50
 70
     1
102
RTVSPropertyOp51
 70
     0
102
RTVSPropertyOp52
 70
     0
102
RTVSPropertyOp53
 70
     1
102
RTVSPropertyOp54
 70
     1
102
RTVSPropertyOp55
 70
     1
102
RTVSPropertyOp56
 70
     1
102
RTVSPropertyOp57
 70
     1
102
RTVSPost2010Prop28
280
     0
102
RTVSPost2010PropOp28
 70
     1
102
RTVSPost2010Prop29
280
     1
102
RTVSPost2010PropOp29
 70
     1
102
RTVSPost2010Prop30
280
     1
102
RTVSPost2010PropOp30
 70
     1
102
RTVSPost2010Prop31
280
     0
102
RTVSPost2010PropOp31
 70
     1
102
RTVSPost2010Prop32
280
     0
102
RTVSPost2010PropOp32
 70
     1
102
RTVSPost2010Prop33
280
     0
102
RTVSPost2010PropOp33
 70
     1
102
RTVSPost2010Prop34
280
     0
102
RTVSPost2010PropOp34
 70
     1
102
RTVSPost2010Prop35
280
     0
102
RTVSPost2010PropOp35
 70
     1
102
RTVSPost2010Prop36
280
     0
102
RTVSPost2010PropOp36
 70
     1
102
RTVSPost2010Prop37
 90
       50
102
RTVSPost2010PropOp37
 70
     1
102
RTVSPost2010Prop38
140
0.0
102
RTVSPost2010PropOp38
 70
     1
102
RTVSPost2010Prop39
140
1.0
102
RTVSPost2010PropOp39
 70
     1
102
RTVSPost2010Prop40
 90
        0
102
RTVSPost2010PropOp40
 70
     1
102
RTVSPost2010Prop41ColorIndex
 90
       18
102
RTVSPost2010Prop41ColorRGB
 90
        0
102
RTVSPost2010PropOp41
 70
     1
102
RTVSPost2010Prop42
 90
       50
102
RTVSPost2010PropOp42
 70
     1
102
RTVSPost2010Prop43
 90
        3
102
RTVSPost2010PropOp43
 70
     1
102
RTVSPost2010Prop44ColorIndex
 90
        5
102
RTVSPost2010Prop44ColorRGB
 90
      255
102
RTVSPost2010PropOp44
 70
     1
102
RTVSPost2010Prop45
280
     0
102
RTVSPost2010PropOp45
 70
     1
102
RTVSPost2010Prop46
 90
       50
102
RTVSPost2010PropOp46
 70
     1
102
RTVSPost2010Prop47
 90
       50
102
RTVSPost2010PropOp47
 70
     1
102
RTVSPost2010Prop48
 90
       50
102
RTVSPost2010PropOp48
 70
     1
102
RTVSPost2010Prop49
280
     0
102
RTVSPost2010PropOp49
 70
     1
102
RTVSPost2010Prop50
 90
       50
102
RTVSPost2010PropOp50
 70
     1
102
RTVSPost2010Prop51ColorIndex
 90
      256
102
RTVSPost2010Prop51ColorRGB
 90
-16777216
102
RTVSPost2010PropOp51
 70
     0
102
RTVSPost2010Prop52
140
1.0
102
RTVSPost2010PropOp52
 70
     0
102
RTVSPost2010Prop53
 90
        2
102
RTVSPost2010PropOp53
 70
     1
102
RTVSPost2010Prop54
  1
strokes_ogs.tif
102
RTVSPost2010PropOp54
 70
     1
102
RTVSPost2010Prop55
280
     0
102
RTVSPost2010PropOp55
 70
     1
102
RTVSPost2010Prop56
140
1.0
102
RTVSPost2010PropOp56
 70
     1
102
RTVSPost2010Prop57
140
1.0
102
RTVSPost2010PropOp57
 70
     1
  0
XRECORD
  5
2F97
102
{ACAD_REACTORS
330
2F96
102
}
330
2F96
100
AcDbXrecord
280
     1
102
RTVSPropertyOp0
 70
     1
102
RTVSPropertyOp1
 70
     1
102
RTVSPropertyOp2
 70
     1
102
RTVSPropertyOp3
 70
     1
102
RTVSPropertyOp4
 70
     1
102
RTVSPropertyOp5
 70
     1
102
RTVSPropertyOp6
 70
     1
102
RTVSPropertyOp7
 70
     1
102
RTVSPropertyOp8
 70
     1
102
RTVSPropertyOp9
 70
     1
102
RTVSPropertyOp10
 70
     1
102
RTVSPropertyOp11
 70
     1
102
RTVSPropertyOp12
 70
     1
102
RTVSPropertyOp13
 70
     1
102
RTVSPropertyOp14
 70
     1
102
RTVSPropertyOp15
 70
     1
102
RTVSPropertyOp16
 70
     1
102
RTVSPropertyOp17
 70
     1
102
RTVSPropertyOp18
 70
     1
102
RTVSPropertyOp19
 70
     1
102
RTVSPropertyOp20
 70
     1
102
RTVSPropertyOp21
 70
     1
102
RTVSPropertyOp22
 70
     1
102
RTVSPropertyOp23
 70
     1
102
RTVSPropertyOp24
 70
     1
102
RTVSPropertyOp25
 70
     1
102
RTVSPropertyOp26
 70
     1
102
RTVSPropertyOp27
 70
     1
102
RTVSPropertyOp28
 70
     1
102
RTVSPropertyOp29
 70
     1
102
RTVSPropertyOp30
 70
     1
102
RTVSPropertyOp31
 70
     1
102
RTVSPropertyOp32
 70
     1
102
RTVSPropertyOp33
 70
     1
102
RTVSPropertyOp34
 70
     1
102
RTVSPropertyOp35
 70
     1
102
RTVSPropertyOp36
 70
     1
102
RTVSPropertyOp37
 70
     1
102
RTVSPropertyOp38
 70
     1
102
RTVSPropertyOp39
 70
     1
102
RTVSPropertyOp40
 70
     1
102
RTVSPropertyOp41
 70
     1
102
RTVSPropertyOp42
 70
     1
102
RTVSPropertyOp43
 70
     1
102
RTVSPropertyOp44
 70
     1
102
RTVSPropertyOp45
 70
     1
102
RTVSPropertyOp46
 70
     1
102
RTVSPropertyOp47
 70
     1
102
RTVSPropertyOp48
 70
     1
102
RTVSPropertyOp49
 70
     1
102
RTVSPropertyOp50
 70
     1
102
RTVSPropertyOp51
 70
     0
102
RTVSPropertyOp52
 70
     0
102
RTVSPropertyOp53
 70
     1
102
RTVSPropertyOp54
 70
     1
102
RTVSPropertyOp55
 70
     1
102
RTVSPropertyOp56
 70
     1
102
RTVSPropertyOp57
 70
     1
102
RTVSPost2010Prop28
280
     0
102
RTVSPost2010PropOp28
 70
     1
102
RTVSPost2010Prop29
280
     1
102
RTVSPost2010PropOp29
 70
     1
102
RTVSPost2010Prop30
280
     1
102
RTVSPost2010PropOp30
 70
     1
102
RTVSPost2010Prop31
280
     0
102
RTVSPost2010PropOp31
 70
     1
102
RTVSPost2010Prop32
280
     0
102
RTVSPost2010PropOp32
 70
     1
102
RTVSPost2010Prop33
280
     0
102
RTVSPost2010PropOp33
 70
     1
102
RTVSPost2010Prop34
280
     0
102
RTVSPost2010PropOp34
 70
     1
102
RTVSPost2010Prop35
280
     0
102
RTVSPost2010PropOp35
 70
     1
102
RTVSPost2010Prop36
280
     0
102
RTVSPost2010PropOp36
 70
     1
102
RTVSPost2010Prop37
 90
       50
102
RTVSPost2010PropOp37
 70
     1
102
RTVSPost2010Prop38
140
0.0
102
RTVSPost2010PropOp38
 70
     1
102
RTVSPost2010Prop39
140
1.0
102
RTVSPost2010PropOp39
 70
     1
102
RTVSPost2010Prop40
 90
        0
102
RTVSPost2010PropOp40
 70
     1
102
RTVSPost2010Prop41ColorIndex
 90
       18
102
RTVSPost2010Prop41ColorRGB
 90
        0
102
RTVSPost2010PropOp41
 70
     1
102
RTVSPost2010Prop42
 90
       50
102
RTVSPost2010PropOp42
 70
     1
102
RTVSPost2010Prop43
 90
        3
102
RTVSPost2010PropOp43
 70
     1
102
RTVSPost2010Prop44ColorIndex
 90
        5
102
RTVSPost2010Prop44ColorRGB
 90
      255
102
RTVSPost2010PropOp44
 70
     1
102
RTVSPost2010Prop45
280
     0
102
RTVSPost2010PropOp45
 70
     1
102
RTVSPost2010Prop46
 90
       50
102
RTVSPost2010PropOp46
 70
     1
102
RTVSPost2010Prop47
 90
       50
102
RTVSPost2010PropOp47
 70
     1
102
RTVSPost2010Prop48
 90
       50
102
RTVSPost2010PropOp48
 70
     1
102
RTVSPost2010Prop49
280
     0
102
RTVSPost2010PropOp49
 70
     1
102
RTVSPost2010Prop50
 90
       50
102
RTVSPost2010PropOp50
 70
     1
102
RTVSPost2010Prop51ColorIndex
 90
      256
102
RTVSPost2010Prop51ColorRGB
 90
-16777216
102
RTVSPost2010PropOp51
 70
     0
102
RTVSPost2010Prop52
140
1.0
102
RTVSPost2010PropOp52
 70
     0
102
RTVSPost2010Prop53
 90
        2
102
RTVSPost2010PropOp53
 70
     1
102
RTVSPost2010Prop54
  1
strokes_ogs.tif
102
RTVSPost2010PropOp54
 70
     1
102
RTVSPost2010Prop55
280
     0
102
RTVSPost2010PropOp55
 70
     1
102
RTVSPost2010Prop56
140
1.0
102
RTVSPost2010PropOp56
 70
     1
102
RTVSPost2010Prop57
140
1.0
102
RTVSPost2010PropOp57
 70
     1
  0
XRECORD
  5
2F99
102
{ACAD_REACTORS
330
2F98
102
}
330
2F98
100
AcDbXrecord
280
     1
102
RTVSPropertyOp0
 70
     0
102
RTVSPropertyOp1
 70
     0
102
RTVSPropertyOp2
 70
     0
102
RTVSPropertyOp3
 70
     0
102
RTVSPropertyOp4
 70
     0
102
RTVSPropertyOp5
 70
     0
102
RTVSPropertyOp6
 70
     0
102
RTVSPropertyOp7
 70
     0
102
RTVSPropertyOp8
 70
     0
102
RTVSPropertyOp9
 70
     0
102
RTVSPropertyOp10
 70
     0
102
RTVSPropertyOp11
 70
     0
102
RTVSPropertyOp12
 70
     0
102
RTVSPropertyOp13
 70
     0
102
RTVSPropertyOp14
 70
     2
102
RTVSPropertyOp15
 70
     0
102
RTVSPropertyOp16
 70
     0
102
RTVSPropertyOp17
 70
     0
102
RTVSPropertyOp18
 70
     0
102
RTVSPropertyOp19
 70
     0
102
RTVSPropertyOp20
 70
     0
102
RTVSPropertyOp21
 70
     0
102
RTVSPropertyOp22
 70
     0
102
RTVSPropertyOp23
 70
     0
102
RTVSPropertyOp24
 70
     0
102
RTVSPropertyOp25
 70
     0
102
RTVSPropertyOp26
 70
     0
102
RTVSPropertyOp27
 70
     0
102
RTVSPropertyOp28
 70
     0
102
RTVSPropertyOp29
 70
     0
102
RTVSPropertyOp30
 70
     0
102
RTVSPropertyOp31
 70
     0
102
RTVSPropertyOp32
 70
     0
102
RTVSPropertyOp33
 70
     0
102
RTVSPropertyOp34
 70
     0
102
RTVSPropertyOp35
 70
     0
102
RTVSPropertyOp36
 70
     0
102
RTVSPropertyOp37
 70
     0
102
RTVSPropertyOp38
 70
     0
102
RTVSPropertyOp39
 70
     0
102
RTVSPropertyOp40
 70
     0
102
RTVSPropertyOp41
 70
     0
102
RTVSPropertyOp42
 70
     0
102
RTVSPropertyOp43
 70
     0
102
RTVSPropertyOp44
 70
     0
102
RTVSPropertyOp45
 70
     0
102
RTVSPropertyOp46
 70
     0
102
RTVSPropertyOp47
 70
     0
102
RTVSPropertyOp48
 70
     0
102
RTVSPropertyOp49
 70
     0
102
RTVSPropertyOp50
 70
     0
102
RTVSPropertyOp51
 70
     0
102
RTVSPropertyOp52
 70
     0
102
RTVSPropertyOp53
 70
     0
102
RTVSPropertyOp54
 70
     0
102
RTVSPropertyOp55
 70
     0
102
RTVSPropertyOp56
 70
     0
102
RTVSPropertyOp57
 70
     0
102
RTVSPost2010Prop28
280
     0
102
RTVSPost2010PropOp28
 70
     0
102
RTVSPost2010Prop29
280
     1
102
RTVSPost2010PropOp29
 70
     0
102
RTVSPost2010Prop30
280
     1
102
RTVSPost2010PropOp30
 70
     0
102
RTVSPost2010Prop31
280
     0
102
RTVSPost2010PropOp31
 70
     0
102
RTVSPost2010Prop32
280
     0
102
RTVSPost2010PropOp32
 70
     0
102
RTVSPost2010Prop33
280
     0
102
RTVSPost2010PropOp33
 70
     0
102
RTVSPost2010Prop34
280
     0
102
RTVSPost2010PropOp34
 70
     0
102
RTVSPost2010Prop35
280
     0
102
RTVSPost2010PropOp35
 70
     0
102
RTVSPost2010Prop36
280
     0
102
RTVSPost2010PropOp36
 70
     0
102
RTVSPost2010Prop37
 90
       50
102
RTVSPost2010PropOp37
 70
     0
102
RTVSPost2010Prop38
140
0.0
102
RTVSPost2010PropOp38
 70
     0
102
RTVSPost2010Prop39
140
1.0
102
RTVSPost2010PropOp39
 70
     0
102
RTVSPost2010Prop40
 90
        0
102
RTVSPost2010PropOp40
 70
     0
102
RTVSPost2010Prop41ColorIndex
 90
       18
102
RTVSPost2010Prop41ColorRGB
 90
        0
102
RTVSPost2010PropOp41
 70
     0
102
RTVSPost2010Prop42
 90
       50
102
RTVSPost2010PropOp42
 70
     0
102
RTVSPost2010Prop43
 90
        3
102
RTVSPost2010PropOp43
 70
     0
102
RTVSPost2010Prop44ColorIndex
 90
        5
102
RTVSPost2010Prop44ColorRGB
 90
      255
102
RTVSPost2010PropOp44
 70
     0
102
RTVSPost2010Prop45
280
     0
102
RTVSPost2010PropOp45
 70
     0
102
RTVSPost2010Prop46
 90
       50
102
RTVSPost2010PropOp46
 70
     0
102
RTVSPost2010Prop47
 90
       50
102
RTVSPost2010PropOp47
 70
     0
102
RTVSPost2010Prop48
 90
       50
102
RTVSPost2010PropOp48
 70
     0
102
RTVSPost2010Prop49
280
     0
102
RTVSPost2010PropOp49
 70
     0
102
RTVSPost2010Prop50
 90
       50
102
RTVSPost2010PropOp50
 70
     0
102
RTVSPost2010Prop51ColorIndex
 90
      256
102
RTVSPost2010Prop51ColorRGB
 90
-16777216
102
RTVSPost2010PropOp51
 70
     0
102
RTVSPost2010Prop52
140
1.0
102
RTVSPost2010PropOp52
 70
     0
102
RTVSPost2010Prop53
 90
        2
102
RTVSPost2010PropOp53
 70
     0
102
RTVSPost2010Prop54
  1
strokes_ogs.tif
102
RTVSPost2010PropOp54
 70
     0
102
RTVSPost2010Prop55
280
     0
102
RTVSPost2010PropOp55
 70
     0
102
RTVSPost2010Prop56
140
1.0
102
RTVSPost2010PropOp56
 70
     0
102
RTVSPost2010Prop57
140
1.0
102
RTVSPost2010PropOp57
 70
     0
  0
XRECORD
  5
2F9B
102
{ACAD_REACTORS
330
2F9A
102
}
330
2F9A
100
AcDbXrecord
280
     1
102
RTVSPropertyOp0
 70
     1
102
RTVSPropertyOp1
 70
     1
102
RTVSPropertyOp2
 70
     1
102
RTVSPropertyOp3
 70
     1
102
RTVSPropertyOp4
 70
     1
102
RTVSPropertyOp5
 70
     1
102
RTVSPropertyOp6
 70
     1
102
RTVSPropertyOp7
 70
     1
102
RTVSPropertyOp8
 70
     1
102
RTVSPropertyOp9
 70
     1
102
RTVSPropertyOp10
 70
     1
102
RTVSPropertyOp11
 70
     1
102
RTVSPropertyOp12
 70
     1
102
RTVSPropertyOp13
 70
     1
102
RTVSPropertyOp14
 70
     1
102
RTVSPropertyOp15
 70
     1
102
RTVSPropertyOp16
 70
     1
102
RTVSPropertyOp17
 70
     1
102
RTVSPropertyOp18
 70
     1
102
RTVSPropertyOp19
 70
     1
102
RTVSPropertyOp20
 70
     1
102
RTVSPropertyOp21
 70
     1
102
RTVSPropertyOp22
 70
     1
102
RTVSPropertyOp23
 70
     1
102
RTVSPropertyOp24
 70
     1
102
RTVSPropertyOp25
 70
     1
102
RTVSPropertyOp26
 70
     1
102
RTVSPropertyOp27
 70
     1
102
RTVSPropertyOp28
 70
     1
102
RTVSPropertyOp29
 70
     1
102
RTVSPropertyOp30
 70
     1
102
RTVSPropertyOp31
 70
     1
102
RTVSPropertyOp32
 70
     1
102
RTVSPropertyOp33
 70
     1
102
RTVSPropertyOp34
 70
     1
102
RTVSPropertyOp35
 70
     1
102
RTVSPropertyOp36
 70
     1
102
RTVSPropertyOp37
 70
     1
102
RTVSPropertyOp38
 70
     1
102
RTVSPropertyOp39
 70
     1
102
RTVSPropertyOp40
 70
     1
102
RTVSPropertyOp41
 70
     1
102
RTVSPropertyOp42
 70
     1
102
RTVSPropertyOp43
 70
     1
102
RTVSPropertyOp44
 70
     1
102
RTVSPropertyOp45
 70
     1
102
RTVSPropertyOp46
 70
     1
102
RTVSPropertyOp47
 70
     1
102
RTVSPropertyOp48
 70
     1
102
RTVSPropertyOp49
 70
     1
102
RTVSPropertyOp50
 70
     1
102
RTVSPropertyOp51
 70
     0
102
RTVSPropertyOp52
 70
     0
102
RTVSPropertyOp53
 70
     1
102
RTVSPropertyOp54
 70
     1
102
RTVSPropertyOp55
 70
     1
102
RTVSPropertyOp56
 70
     1
102
RTVSPropertyOp57
 70
     1
102
RTVSPost2010Prop28
280
     0
102
RTVSPost2010PropOp28
 70
     1
102
RTVSPost2010Prop29
280
     1
102
RTVSPost2010PropOp29
 70
     1
102
RTVSPost2010Prop30
280
     1
102
RTVSPost2010PropOp30
 70
     1
102
RTVSPost2010Prop31
280
     0
102
RTVSPost2010PropOp31
 70
     1
102
RTVSPost2010Prop32
280
     0
102
RTVSPost2010PropOp32
 70
     1
102
RTVSPost2010Prop33
280
     0
102
RTVSPost2010PropOp33
 70
     1
102
RTVSPost2010Prop34
280
     0
102
RTVSPost2010PropOp34
 70
     1
102
RTVSPost2010Prop35
280
     0
102
RTVSPost2010PropOp35
 70
     1
102
RTVSPost2010Prop36
280
     0
102
RTVSPost2010PropOp36
 70
     1
102
RTVSPost2010Prop37
 90
       50
102
RTVSPost2010PropOp37
 70
     1
102
RTVSPost2010Prop38
140
0.0
102
RTVSPost2010PropOp38
 70
     1
102
RTVSPost2010Prop39
140
1.0
102
RTVSPost2010PropOp39
 70
     1
102
RTVSPost2010Prop40
 90
        0
102
RTVSPost2010PropOp40
 70
     1
102
RTVSPost2010Prop41ColorIndex
 90
       18
102
RTVSPost2010Prop41ColorRGB
 90
        0
102
RTVSPost2010PropOp41
 70
     1
102
RTVSPost2010Prop42
 90
       50
102
RTVSPost2010PropOp42
 70
     1
102
RTVSPost2010Prop43
 90
        3
102
RTVSPost2010PropOp43
 70
     1
102
RTVSPost2010Prop44ColorIndex
 90
        5
102
RTVSPost2010Prop44ColorRGB
 90
      255
102
RTVSPost2010PropOp44
 70
     1
102
RTVSPost2010Prop45
280
     0
102
RTVSPost2010PropOp45
 70
     1
102
RTVSPost2010Prop46
 90
       50
102
RTVSPost2010PropOp46
 70
     1
102
RTVSPost2010Prop47
 90
       50
102
RTVSPost2010PropOp47
 70
     1
102
RTVSPost2010Prop48
 90
       50
102
RTVSPost2010PropOp48
 70
     1
102
RTVSPost2010Prop49
280
     0
102
RTVSPost2010PropOp49
 70
     1
102
RTVSPost2010Prop50
 90
       50
102
RTVSPost2010PropOp50
 70
     1
102
RTVSPost2010Prop51ColorIndex
 90
      256
102
RTVSPost2010Prop51ColorRGB
 90
-16777216
102
RTVSPost2010PropOp51
 70
     0
102
RTVSPost2010Prop52
140
1.0
102
RTVSPost2010PropOp52
 70
     0
102
RTVSPost2010Prop53
 90
        2
102
RTVSPost2010PropOp53
 70
     1
102
RTVSPost2010Prop54
  1
strokes_ogs.tif
102
RTVSPost2010PropOp54
 70
     1
102
RTVSPost2010Prop55
280
     0
102
RTVSPost2010PropOp55
 70
     1
102
RTVSPost2010Prop56
140
1.0
102
RTVSPost2010PropOp56
 70
     1
102
RTVSPost2010Prop57
140
1.0
102
RTVSPost2010PropOp57
 70
     1
  0
XRECORD
  5
2F9D
102
{ACAD_REACTORS
330
2F9C
102
}
330
2F9C
100
AcDbXrecord
280
     1
102
RTVSPropertyOp0
 70
     0
102
RTVSPropertyOp1
 70
     0
102
RTVSPropertyOp2
 70
     0
102
RTVSPropertyOp3
 70
     0
102
RTVSPropertyOp4
 70
     0
102
RTVSPropertyOp5
 70
     0
102
RTVSPropertyOp6
 70
     0
102
RTVSPropertyOp7
 70
     0
102
RTVSPropertyOp8
 70
     0
102
RTVSPropertyOp9
 70
     0
102
RTVSPropertyOp10
 70
     0
102
RTVSPropertyOp11
 70
     0
102
RTVSPropertyOp12
 70
     0
102
RTVSPropertyOp13
 70
     0
102
RTVSPropertyOp14
 70
     2
102
RTVSPropertyOp15
 70
     0
102
RTVSPropertyOp16
 70
     0
102
RTVSPropertyOp17
 70
     0
102
RTVSPropertyOp18
 70
     0
102
RTVSPropertyOp19
 70
     0
102
RTVSPropertyOp20
 70
     0
102
RTVSPropertyOp21
 70
     0
102
RTVSPropertyOp22
 70
     0
102
RTVSPropertyOp23
 70
     0
102
RTVSPropertyOp24
 70
     0
102
RTVSPropertyOp25
 70
     0
102
RTVSPropertyOp26
 70
     0
102
RTVSPropertyOp27
 70
     0
102
RTVSPropertyOp28
 70
     0
102
RTVSPropertyOp29
 70
     0
102
RTVSPropertyOp30
 70
     0
102
RTVSPropertyOp31
 70
     0
102
RTVSPropertyOp32
 70
     0
102
RTVSPropertyOp33
 70
     0
102
RTVSPropertyOp34
 70
     0
102
RTVSPropertyOp35
 70
     0
102
RTVSPropertyOp36
 70
     0
102
RTVSPropertyOp37
 70
     0
102
RTVSPropertyOp38
 70
     0
102
RTVSPropertyOp39
 70
     0
102
RTVSPropertyOp40
 70
     0
102
RTVSPropertyOp41
 70
     0
102
RTVSPropertyOp42
 70
     0
102
RTVSPropertyOp43
 70
     0
102
RTVSPropertyOp44
 70
     0
102
RTVSPropertyOp45
 70
     0
102
RTVSPropertyOp46
 70
     0
102
RTVSPropertyOp47
 70
     0
102
RTVSPropertyOp48
 70
     0
102
RTVSPropertyOp49
 70
     0
102
RTVSPropertyOp50
 70
     0
102
RTVSPropertyOp51
 70
     0
102
RTVSPropertyOp52
 70
     0
102
RTVSPropertyOp53
 70
     0
102
RTVSPropertyOp54
 70
     0
102
RTVSPropertyOp55
 70
     0
102
RTVSPropertyOp56
 70
     0
102
RTVSPropertyOp57
 70
     0
102
RTVSPost2010Prop28
280
     0
102
RTVSPost2010PropOp28
 70
     0
102
RTVSPost2010Prop29
280
     1
102
RTVSPost2010PropOp29
 70
     0
102
RTVSPost2010Prop30
280
     1
102
RTVSPost2010PropOp30
 70
     0
102
RTVSPost2010Prop31
280
     0
102
RTVSPost2010PropOp31
 70
     0
102
RTVSPost2010Prop32
280
     0
102
RTVSPost2010PropOp32
 70
     0
102
RTVSPost2010Prop33
280
     0
102
RTVSPost2010PropOp33
 70
     0
102
RTVSPost2010Prop34
280
     0
102
RTVSPost2010PropOp34
 70
     0
102
RTVSPost2010Prop35
280
     0
102
RTVSPost2010PropOp35
 70
     0
102
RTVSPost2010Prop36
280
     0
102
RTVSPost2010PropOp36
 70
     0
102
RTVSPost2010Prop37
 90
       50
102
RTVSPost2010PropOp37
 70
     0
102
RTVSPost2010Prop38
140
0.0
102
RTVSPost2010PropOp38
 70
     0
102
RTVSPost2010Prop39
140
1.0
102
RTVSPost2010PropOp39
 70
     0
102
RTVSPost2010Prop40
 90
        0
102
RTVSPost2010PropOp40
 70
     0
102
RTVSPost2010Prop41ColorIndex
 90
       18
102
RTVSPost2010Prop41ColorRGB
 90
        0
102
RTVSPost2010PropOp41
 70
     0
102
RTVSPost2010Prop42
 90
       50
102
RTVSPost2010PropOp42
 70
     0
102
RTVSPost2010Prop43
 90
        3
102
RTVSPost2010PropOp43
 70
     0
102
RTVSPost2010Prop44ColorIndex
 90
        5
102
RTVSPost2010Prop44ColorRGB
 90
      255
102
RTVSPost2010PropOp44
 70
     0
102
RTVSPost2010Prop45
280
     0
102
RTVSPost2010PropOp45
 70
     0
102
RTVSPost2010Prop46
 90
       50
102
RTVSPost2010PropOp46
 70
     0
102
RTVSPost2010Prop47
 90
       50
102
RTVSPost2010PropOp47
 70
     0
102
RTVSPost2010Prop48
 90
       50
102
RTVSPost2010PropOp48
 70
     0
102
RTVSPost2010Prop49
280
     0
102
RTVSPost2010PropOp49
 70
     0
102
RTVSPost2010Prop50
 90
       50
102
RTVSPost2010PropOp50
 70
     0
102
RTVSPost2010Prop51ColorIndex
 90
      256
102
RTVSPost2010Prop51ColorRGB
 90
-16777216
102
RTVSPost2010PropOp51
 70
     0
102
RTVSPost2010Prop52
140
1.0
102
RTVSPost2010PropOp52
 70
     0
102
RTVSPost2010Prop53
 90
        2
102
RTVSPost2010PropOp53
 70
     0
102
RTVSPost2010Prop54
  1
strokes_ogs.tif
102
RTVSPost2010PropOp54
 70
     0
102
RTVSPost2010Prop55
280
     0
102
RTVSPost2010PropOp55
 70
     0
102
RTVSPost2010Prop56
140
1.0
102
RTVSPost2010PropOp56
 70
     0
102
RTVSPost2010Prop57
140
1.0
102
RTVSPost2010PropOp57
 70
     0
  0
XRECORD
  5
2F9F
102
{ACAD_REACTORS
330
2F9E
102
}
330
2F9E
100
AcDbXrecord
280
     1
102
RTVSPropertyOp0
 70
     1
102
RTVSPropertyOp1
 70
     1
102
RTVSPropertyOp2
 70
     1
102
RTVSPropertyOp3
 70
     1
102
RTVSPropertyOp4
 70
     1
102
RTVSPropertyOp5
 70
     1
102
RTVSPropertyOp6
 70
     1
102
RTVSPropertyOp7
 70
     1
102
RTVSPropertyOp8
 70
     1
102
RTVSPropertyOp9
 70
     1
102
RTVSPropertyOp10
 70
     1
102
RTVSPropertyOp11
 70
     1
102
RTVSPropertyOp12
 70
     1
102
RTVSPropertyOp13
 70
     1
102
RTVSPropertyOp14
 70
     1
102
RTVSPropertyOp15
 70
     1
102
RTVSPropertyOp16
 70
     1
102
RTVSPropertyOp17
 70
     1
102
RTVSPropertyOp18
 70
     1
102
RTVSPropertyOp19
 70
     1
102
RTVSPropertyOp20
 70
     1
102
RTVSPropertyOp21
 70
     1
102
RTVSPropertyOp22
 70
     1
102
RTVSPropertyOp23
 70
     1
102
RTVSPropertyOp24
 70
     1
102
RTVSPropertyOp25
 70
     1
102
RTVSPropertyOp26
 70
     1
102
RTVSPropertyOp27
 70
     1
102
RTVSPropertyOp28
 70
     1
102
RTVSPropertyOp29
 70
     1
102
RTVSPropertyOp30
 70
     1
102
RTVSPropertyOp31
 70
     1
102
RTVSPropertyOp32
 70
     1
102
RTVSPropertyOp33
 70
     1
102
RTVSPropertyOp34
 70
     1
102
RTVSPropertyOp35
 70
     1
102
RTVSPropertyOp36
 70
     1
102
RTVSPropertyOp37
 70
     1
102
RTVSPropertyOp38
 70
     1
102
RTVSPropertyOp39
 70
     1
102
RTVSPropertyOp40
 70
     1
102
RTVSPropertyOp41
 70
     1
102
RTVSPropertyOp42
 70
     1
102
RTVSPropertyOp43
 70
     1
102
RTVSPropertyOp44
 70
     1
102
RTVSPropertyOp45
 70
     1
102
RTVSPropertyOp46
 70
     1
102
RTVSPropertyOp47
 70
     1
102
RTVSPropertyOp48
 70
     1
102
RTVSPropertyOp49
 70
     1
102
RTVSPropertyOp50
 70
     1
102
RTVSPropertyOp51
 70
     0
102
RTVSPropertyOp52
 70
     0
102
RTVSPropertyOp53
 70
     1
102
RTVSPropertyOp54
 70
     1
102
RTVSPropertyOp55
 70
     1
102
RTVSPropertyOp56
 70
     1
102
RTVSPropertyOp57
 70
     1
102
RTVSPost2010Prop28
280
     0
102
RTVSPost2010PropOp28
 70
     1
102
RTVSPost2010Prop29
280
     1
102
RTVSPost2010PropOp29
 70
     1
102
RTVSPost2010Prop30
280
     1
102
RTVSPost2010PropOp30
 70
     1
102
RTVSPost2010Prop31
280
     0
102
RTVSPost2010PropOp31
 70
     1
102
RTVSPost2010Prop32
280
     0
102
RTVSPost2010PropOp32
 70
     1
102
RTVSPost2010Prop33
280
     0
102
RTVSPost2010PropOp33
 70
     1
102
RTVSPost2010Prop34
280
     0
102
RTVSPost2010PropOp34
 70
     1
102
RTVSPost2010Prop35
280
     0
102
RTVSPost2010PropOp35
 70
     1
102
RTVSPost2010Prop36
280
     0
102
RTVSPost2010PropOp36
 70
     1
102
RTVSPost2010Prop37
 90
       50
102
RTVSPost2010PropOp37
 70
     1
102
RTVSPost2010Prop38
140
0.0
102
RTVSPost2010PropOp38
 70
     1
102
RTVSPost2010Prop39
140
1.0
102
RTVSPost2010PropOp39
 70
     1
102
RTVSPost2010Prop40
 90
        0
102
RTVSPost2010PropOp40
 70
     1
102
RTVSPost2010Prop41ColorIndex
 90
       18
102
RTVSPost2010Prop41ColorRGB
 90
        0
102
RTVSPost2010PropOp41
 70
     1
102
RTVSPost2010Prop42
 90
       50
102
RTVSPost2010PropOp42
 70
     1
102
RTVSPost2010Prop43
 90
        3
102
RTVSPost2010PropOp43
 70
     1
102
RTVSPost2010Prop44ColorIndex
 90
        5
102
RTVSPost2010Prop44ColorRGB
 90
      255
102
RTVSPost2010PropOp44
 70
     1
102
RTVSPost2010Prop45
280
     0
102
RTVSPost2010PropOp45
 70
     1
102
RTVSPost2010Prop46
 90
       50
102
RTVSPost2010PropOp46
 70
     1
102
RTVSPost2010Prop47
 90
       50
102
RTVSPost2010PropOp47
 70
     1
102
RTVSPost2010Prop48
 90
       50
102
RTVSPost2010PropOp48
 70
     1
102
RTVSPost2010Prop49
280
     0
102
RTVSPost2010PropOp49
 70
     1
102
RTVSPost2010Prop50
 90
       50
102
RTVSPost2010PropOp50
 70
     1
102
RTVSPost2010Prop51ColorIndex
 90
      256
102
RTVSPost2010Prop51ColorRGB
 90
-16777216
102
RTVSPost2010PropOp51
 70
     0
102
RTVSPost2010Prop52
140
1.0
102
RTVSPost2010PropOp52
 70
     0
102
RTVSPost2010Prop53
 90
        2
102
RTVSPost2010PropOp53
 70
     1
102
RTVSPost2010Prop54
  1
strokes_ogs.tif
102
RTVSPost2010PropOp54
 70
     1
102
RTVSPost2010Prop55
280
     0
102
RTVSPost2010PropOp55
 70
     1
102
RTVSPost2010Prop56
140
1.0
102
RTVSPost2010PropOp56
 70
     1
102
RTVSPost2010Prop57
140
1.0
102
RTVSPost2010PropOp57
 70
     1
  0
XRECORD
  5
2FA1
102
{ACAD_REACTORS
330
2FA0
102
}
330
2FA0
100
AcDbXrecord
280
     1
102
RTVSPropertyOp0
 70
     1
102
RTVSPropertyOp1
 70
     1
102
RTVSPropertyOp2
 70
     1
102
RTVSPropertyOp3
 70
     1
102
RTVSPropertyOp4
 70
     1
102
RTVSPropertyOp5
 70
     1
102
RTVSPropertyOp6
 70
     1
102
RTVSPropertyOp7
 70
     1
102
RTVSPropertyOp8
 70
     1
102
RTVSPropertyOp9
 70
     1
102
RTVSPropertyOp10
 70
     1
102
RTVSPropertyOp11
 70
     1
102
RTVSPropertyOp12
 70
     1
102
RTVSPropertyOp13
 70
     1
102
RTVSPropertyOp14
 70
     1
102
RTVSPropertyOp15
 70
     1
102
RTVSPropertyOp16
 70
     1
102
RTVSPropertyOp17
 70
     1
102
RTVSPropertyOp18
 70
     1
102
RTVSPropertyOp19
 70
     1
102
RTVSPropertyOp20
 70
     1
102
RTVSPropertyOp21
 70
     1
102
RTVSPropertyOp22
 70
     1
102
RTVSPropertyOp23
 70
     1
102
RTVSPropertyOp24
 70
     1
102
RTVSPropertyOp25
 70
     1
102
RTVSPropertyOp26
 70
     1
102
RTVSPropertyOp27
 70
     1
102
RTVSPropertyOp28
 70
     1
102
RTVSPropertyOp29
 70
     1
102
RTVSPropertyOp30
 70
     1
102
RTVSPropertyOp31
 70
     1
102
RTVSPropertyOp32
 70
     1
102
RTVSPropertyOp33
 70
     1
102
RTVSPropertyOp34
 70
     1
102
RTVSPropertyOp35
 70
     1
102
RTVSPropertyOp36
 70
     1
102
RTVSPropertyOp37
 70
     1
102
RTVSPropertyOp38
 70
     1
102
RTVSPropertyOp39
 70
     1
102
RTVSPropertyOp40
 70
     1
102
RTVSPropertyOp41
 70
     1
102
RTVSPropertyOp42
 70
     1
102
RTVSPropertyOp43
 70
     1
102
RTVSPropertyOp44
 70
     1
102
RTVSPropertyOp45
 70
     1
102
RTVSPropertyOp46
 70
     1
102
RTVSPropertyOp47
 70
     1
102
RTVSPropertyOp48
 70
     1
102
RTVSPropertyOp49
 70
     1
102
RTVSPropertyOp50
 70
     1
102
RTVSPropertyOp51
 70
     0
102
RTVSPropertyOp52
 70
     0
102
RTVSPropertyOp53
 70
     1
102
RTVSPropertyOp54
 70
     1
102
RTVSPropertyOp55
 70
     1
102
RTVSPropertyOp56
 70
     1
102
RTVSPropertyOp57
 70
     1
102
RTVSPost2010Prop28
280
     0
102
RTVSPost2010PropOp28
 70
     1
102
RTVSPost2010Prop29
280
     1
102
RTVSPost2010PropOp29
 70
     1
102
RTVSPost2010Prop30
280
     1
102
RTVSPost2010PropOp30
 70
     1
102
RTVSPost2010Prop31
280
     0
102
RTVSPost2010PropOp31
 70
     1
102
RTVSPost2010Prop32
280
     0
102
RTVSPost2010PropOp32
 70
     1
102
RTVSPost2010Prop33
280
     0
102
RTVSPost2010PropOp33
 70
     1
102
RTVSPost2010Prop34
280
     0
102
RTVSPost2010PropOp34
 70
     1
102
RTVSPost2010Prop35
280
     0
102
RTVSPost2010PropOp35
 70
     1
102
RTVSPost2010Prop36
280
     0
102
RTVSPost2010PropOp36
 70
     1
102
RTVSPost2010Prop37
 90
       50
102
RTVSPost2010PropOp37
 70
     1
102
RTVSPost2010Prop38
140
0.0
102
RTVSPost2010PropOp38
 70
     1
102
RTVSPost2010Prop39
140
1.0
102
RTVSPost2010PropOp39
 70
     1
102
RTVSPost2010Prop40
 90
        0
102
RTVSPost2010PropOp40
 70
     1
102
RTVSPost2010Prop41ColorIndex
 90
       18
102
RTVSPost2010Prop41ColorRGB
 90
        0
102
RTVSPost2010PropOp41
 70
     1
102
RTVSPost2010Prop42
 90
       50
102
RTVSPost2010PropOp42
 70
     1
102
RTVSPost2010Prop43
 90
        3
102
RTVSPost2010PropOp43
 70
     1
102
RTVSPost2010Prop44ColorIndex
 90
        5
102
RTVSPost2010Prop44ColorRGB
 90
      255
102
RTVSPost2010PropOp44
 70
     1
102
RTVSPost2010Prop45
280
     0
102
RTVSPost2010PropOp45
 70
     1
102
RTVSPost2010Prop46
 90
       50
102
RTVSPost2010PropOp46
 70
     1
102
RTVSPost2010Prop47
 90
       50
102
RTVSPost2010PropOp47
 70
     1
102
RTVSPost2010Prop48
 90
       50
102
RTVSPost2010PropOp48
 70
     1
102
RTVSPost2010Prop49
280
     0
102
RTVSPost2010PropOp49
 70
     1
102
RTVSPost2010Prop50
 90
       50
102
RTVSPost2010PropOp50
 70
     1
102
RTVSPost2010Prop51ColorIndex
 90
      256
102
RTVSPost2010Prop51ColorRGB
 90
-16777216
102
RTVSPost2010PropOp51
 70
     0
102
RTVSPost2010Prop52
140
1.0
102
RTVSPost2010PropOp52
 70
     0
102
RTVSPost2010Prop53
 90
        2
102
RTVSPost2010PropOp53
 70
     1
102
RTVSPost2010Prop54
  1
strokes_ogs.tif
102
RTVSPost2010PropOp54
 70
     1
102
RTVSPost2010Prop55
280
     0
102
RTVSPost2010PropOp55
 70
     1
102
RTVSPost2010Prop56
140
1.0
102
RTVSPost2010PropOp56
 70
     1
102
RTVSPost2010Prop57
140
1.0
102
RTVSPost2010PropOp57
 70
     1
  0
XRECORD
  5
2FA3
102
{ACAD_REACTORS
330
2FA2
102
}
330
2FA2
100
AcDbXrecord
280
     1
102
RTVSPropertyOp0
 70
     1
102
RTVSPropertyOp1
 70
     1
102
RTVSPropertyOp2
 70
     1
102
RTVSPropertyOp3
 70
     1
102
RTVSPropertyOp4
 70
     1
102
RTVSPropertyOp5
 70
     1
102
RTVSPropertyOp6
 70
     1
102
RTVSPropertyOp7
 70
     1
102
RTVSPropertyOp8
 70
     1
102
RTVSPropertyOp9
 70
     1
102
RTVSPropertyOp10
 70
     1
102
RTVSPropertyOp11
 70
     1
102
RTVSPropertyOp12
 70
     1
102
RTVSPropertyOp13
 70
     1
102
RTVSPropertyOp14
 70
     1
102
RTVSPropertyOp15
 70
     1
102
RTVSPropertyOp16
 70
     1
102
RTVSPropertyOp17
 70
     1
102
RTVSPropertyOp18
 70
     1
102
RTVSPropertyOp19
 70
     1
102
RTVSPropertyOp20
 70
     1
102
RTVSPropertyOp21
 70
     1
102
RTVSPropertyOp22
 70
     1
102
RTVSPropertyOp23
 70
     1
102
RTVSPropertyOp24
 70
     1
102
RTVSPropertyOp25
 70
     1
102
RTVSPropertyOp26
 70
     1
102
RTVSPropertyOp27
 70
     1
102
RTVSPropertyOp28
 70
     1
102
RTVSPropertyOp29
 70
     1
102
RTVSPropertyOp30
 70
     1
102
RTVSPropertyOp31
 70
     1
102
RTVSPropertyOp32
 70
     1
102
RTVSPropertyOp33
 70
     1
102
RTVSPropertyOp34
 70
     1
102
RTVSPropertyOp35
 70
     1
102
RTVSPropertyOp36
 70
     1
102
RTVSPropertyOp37
 70
     1
102
RTVSPropertyOp38
 70
     1
102
RTVSPropertyOp39
 70
     1
102
RTVSPropertyOp40
 70
     1
102
RTVSPropertyOp41
 70
     1
102
RTVSPropertyOp42
 70
     1
102
RTVSPropertyOp43
 70
     1
102
RTVSPropertyOp44
 70
     1
102
RTVSPropertyOp45
 70
     1
102
RTVSPropertyOp46
 70
     1
102
RTVSPropertyOp47
 70
     1
102
RTVSPropertyOp48
 70
     1
102
RTVSPropertyOp49
 70
     1
102
RTVSPropertyOp50
 70
     1
102
RTVSPropertyOp51
 70
     0
102
RTVSPropertyOp52
 70
     0
102
RTVSPropertyOp53
 70
     1
102
RTVSPropertyOp54
 70
     1
102
RTVSPropertyOp55
 70
     1
102
RTVSPropertyOp56
 70
     1
102
RTVSPropertyOp57
 70
     1
102
RTVSPost2010Prop28
280
     0
102
RTVSPost2010PropOp28
 70
     1
102
RTVSPost2010Prop29
280
     1
102
RTVSPost2010PropOp29
 70
     1
102
RTVSPost2010Prop30
280
     1
102
RTVSPost2010PropOp30
 70
     1
102
RTVSPost2010Prop31
280
     0
102
RTVSPost2010PropOp31
 70
     1
102
RTVSPost2010Prop32
280
     0
102
RTVSPost2010PropOp32
 70
     1
102
RTVSPost2010Prop33
280
     0
102
RTVSPost2010PropOp33
 70
     1
102
RTVSPost2010Prop34
280
     0
102
RTVSPost2010PropOp34
 70
     1
102
RTVSPost2010Prop35
280
     0
102
RTVSPost2010PropOp35
 70
     1
102
RTVSPost2010Prop36
280
     0
102
RTVSPost2010PropOp36
 70
     1
102
RTVSPost2010Prop37
 90
       50
102
RTVSPost2010PropOp37
 70
     1
102
RTVSPost2010Prop38
140
0.0
102
RTVSPost2010PropOp38
 70
     1
102
RTVSPost2010Prop39
140
1.0
102
RTVSPost2010PropOp39
 70
     1
102
RTVSPost2010Prop40
 90
        0
102
RTVSPost2010PropOp40
 70
     1
102
RTVSPost2010Prop41ColorIndex
 90
       18
102
RTVSPost2010Prop41ColorRGB
 90
        0
102
RTVSPost2010PropOp41
 70
     1
102
RTVSPost2010Prop42
 90
       50
102
RTVSPost2010PropOp42
 70
     1
102
RTVSPost2010Prop43
 90
        3
102
RTVSPost2010PropOp43
 70
     1
102
RTVSPost2010Prop44ColorIndex
 90
        5
102
RTVSPost2010Prop44ColorRGB
 90
      255
102
RTVSPost2010PropOp44
 70
     1
102
RTVSPost2010Prop45
280
     0
102
RTVSPost2010PropOp45
 70
     1
102
RTVSPost2010Prop46
 90
       50
102
RTVSPost2010PropOp46
 70
     1
102
RTVSPost2010Prop47
 90
       50
102
RTVSPost2010PropOp47
 70
     1
102
RTVSPost2010Prop48
 90
       50
102
RTVSPost2010PropOp48
 70
     1
102
RTVSPost2010Prop49
280
     0
102
RTVSPost2010PropOp49
 70
     1
102
RTVSPost2010Prop50
 90
       50
102
RTVSPost2010PropOp50
 70
     1
102
RTVSPost2010Prop51ColorIndex
 90
      256
102
RTVSPost2010Prop51ColorRGB
 90
-16777216
102
RTVSPost2010PropOp51
 70
     0
102
RTVSPost2010Prop52
140
1.0
102
RTVSPost2010PropOp52
 70
     0
102
RTVSPost2010Prop53
 90
        2
102
RTVSPost2010PropOp53
 70
     1
102
RTVSPost2010Prop54
  1
strokes_ogs.tif
102
RTVSPost2010PropOp54
 70
     1
102
RTVSPost2010Prop55
280
     0
102
RTVSPost2010PropOp55
 70
     1
102
RTVSPost2010Prop56
140
1.0
102
RTVSPost2010PropOp56
 70
     1
102
RTVSPost2010Prop57
140
1.0
102
RTVSPost2010PropOp57
 70
     1
  0
XRECORD
  5
2FA5
102
{ACAD_REACTORS
330
2FA4
102
}
330
2FA4
100
AcDbXrecord
280
     1
102
RTVSPropertyOp0
 70
     1
102
RTVSPropertyOp1
 70
     1
102
RTVSPropertyOp2
 70
     1
102
RTVSPropertyOp3
 70
     1
102
RTVSPropertyOp4
 70
     1
102
RTVSPropertyOp5
 70
     1
102
RTVSPropertyOp6
 70
     1
102
RTVSPropertyOp7
 70
     1
102
RTVSPropertyOp8
 70
     1
102
RTVSPropertyOp9
 70
     1
102
RTVSPropertyOp10
 70
     1
102
RTVSPropertyOp11
 70
     1
102
RTVSPropertyOp12
 70
     1
102
RTVSPropertyOp13
 70
     1
102
RTVSPropertyOp14
 70
     1
102
RTVSPropertyOp15
 70
     1
102
RTVSPropertyOp16
 70
     1
102
RTVSPropertyOp17
 70
     1
102
RTVSPropertyOp18
 70
     1
102
RTVSPropertyOp19
 70
     1
102
RTVSPropertyOp20
 70
     1
102
RTVSPropertyOp21
 70
     1
102
RTVSPropertyOp22
 70
     1
102
RTVSPropertyOp23
 70
     1
102
RTVSPropertyOp24
 70
     1
102
RTVSPropertyOp25
 70
     1
102
RTVSPropertyOp26
 70
     1
102
RTVSPropertyOp27
 70
     1
102
RTVSPropertyOp28
 70
     1
102
RTVSPropertyOp29
 70
     1
102
RTVSPropertyOp30
 70
     1
102
RTVSPropertyOp31
 70
     1
102
RTVSPropertyOp32
 70
     1
102
RTVSPropertyOp33
 70
     1
102
RTVSPropertyOp34
 70
     1
102
RTVSPropertyOp35
 70
     1
102
RTVSPropertyOp36
 70
     1
102
RTVSPropertyOp37
 70
     1
102
RTVSPropertyOp38
 70
     1
102
RTVSPropertyOp39
 70
     1
102
RTVSPropertyOp40
 70
     1
102
RTVSPropertyOp41
 70
     1
102
RTVSPropertyOp42
 70
     1
102
RTVSPropertyOp43
 70
     1
102
RTVSPropertyOp44
 70
     1
102
RTVSPropertyOp45
 70
     1
102
RTVSPropertyOp46
 70
     1
102
RTVSPropertyOp47
 70
     1
102
RTVSPropertyOp48
 70
     1
102
RTVSPropertyOp49
 70
     1
102
RTVSPropertyOp50
 70
     1
102
RTVSPropertyOp51
 70
     0
102
RTVSPropertyOp52
 70
     0
102
RTVSPropertyOp53
 70
     1
102
RTVSPropertyOp54
 70
     1
102
RTVSPropertyOp55
 70
     1
102
RTVSPropertyOp56
 70
     1
102
RTVSPropertyOp57
 70
     1
102
RTVSPost2010Prop28
280
     0
102
RTVSPost2010PropOp28
 70
     1
102
RTVSPost2010Prop29
280
     1
102
RTVSPost2010PropOp29
 70
     1
102
RTVSPost2010Prop30
280
     1
102
RTVSPost2010PropOp30
 70
     1
102
RTVSPost2010Prop31
280
     0
102
RTVSPost2010PropOp31
 70
     1
102
RTVSPost2010Prop32
280
     0
102
RTVSPost2010PropOp32
 70
     1
102
RTVSPost2010Prop33
280
     0
102
RTVSPost2010PropOp33
 70
     1
102
RTVSPost2010Prop34
280
     0
102
RTVSPost2010PropOp34
 70
     1
102
RTVSPost2010Prop35
280
     0
102
RTVSPost2010PropOp35
 70
     1
102
RTVSPost2010Prop36
280
     0
102
RTVSPost2010PropOp36
 70
     1
102
RTVSPost2010Prop37
 90
       50
102
RTVSPost2010PropOp37
 70
     1
102
RTVSPost2010Prop38
140
0.0
102
RTVSPost2010PropOp38
 70
     1
102
RTVSPost2010Prop39
140
1.0
102
RTVSPost2010PropOp39
 70
     1
102
RTVSPost2010Prop40
 90
        0
102
RTVSPost2010PropOp40
 70
     1
102
RTVSPost2010Prop41ColorIndex
 90
       18
102
RTVSPost2010Prop41ColorRGB
 90
        0
102
RTVSPost2010PropOp41
 70
     1
102
RTVSPost2010Prop42
 90
       50
102
RTVSPost2010PropOp42
 70
     1
102
RTVSPost2010Prop43
 90
        3
102
RTVSPost2010PropOp43
 70
     1
102
RTVSPost2010Prop44ColorIndex
 90
        5
102
RTVSPost2010Prop44ColorRGB
 90
      255
102
RTVSPost2010PropOp44
 70
     1
102
RTVSPost2010Prop45
280
     0
102
RTVSPost2010PropOp45
 70
     1
102
RTVSPost2010Prop46
 90
       50
102
RTVSPost2010PropOp46
 70
     1
102
RTVSPost2010Prop47
 90
       50
102
RTVSPost2010PropOp47
 70
     1
102
RTVSPost2010Prop48
 90
       50
102
RTVSPost2010PropOp48
 70
     1
102
RTVSPost2010Prop49
280
     0
102
RTVSPost2010PropOp49
 70
     1
102
RTVSPost2010Prop50
 90
       50
102
RTVSPost2010PropOp50
 70
     1
102
RTVSPost2010Prop51ColorIndex
 90
      256
102
RTVSPost2010Prop51ColorRGB
 90
-16777216
102
RTVSPost2010PropOp51
 70
     0
102
RTVSPost2010Prop52
140
1.0
102
RTVSPost2010PropOp52
 70
     0
102
RTVSPost2010Prop53
 90
        2
102
RTVSPost2010PropOp53
 70
     1
102
RTVSPost2010Prop54
  1
strokes_ogs.tif
102
RTVSPost2010PropOp54
 70
     1
102
RTVSPost2010Prop55
280
     0
102
RTVSPost2010PropOp55
 70
     1
102
RTVSPost2010Prop56
140
1.0
102
RTVSPost2010PropOp56
 70
     1
102
RTVSPost2010Prop57
140
1.0
102
RTVSPost2010PropOp57
 70
     1
  0
XRECORD
  5
2FA7
102
{ACAD_REACTORS
330
2FA6
102
}
330
2FA6
100
AcDbXrecord
280
     1
102
RTVSPropertyOp0
 70
     1
102
RTVSPropertyOp1
 70
     1
102
RTVSPropertyOp2
 70
     1
102
RTVSPropertyOp3
 70
     1
102
RTVSPropertyOp4
 70
     1
102
RTVSPropertyOp5
 70
     1
102
RTVSPropertyOp6
 70
     1
102
RTVSPropertyOp7
 70
     1
102
RTVSPropertyOp8
 70
     1
102
RTVSPropertyOp9
 70
     1
102
RTVSPropertyOp10
 70
     1
102
RTVSPropertyOp11
 70
     1
102
RTVSPropertyOp12
 70
     1
102
RTVSPropertyOp13
 70
     1
102
RTVSPropertyOp14
 70
     1
102
RTVSPropertyOp15
 70
     1
102
RTVSPropertyOp16
 70
     1
102
RTVSPropertyOp17
 70
     1
102
RTVSPropertyOp18
 70
     1
102
RTVSPropertyOp19
 70
     1
102
RTVSPropertyOp20
 70
     1
102
RTVSPropertyOp21
 70
     1
102
RTVSPropertyOp22
 70
     1
102
RTVSPropertyOp23
 70
     1
102
RTVSPropertyOp24
 70
     1
102
RTVSPropertyOp25
 70
     1
102
RTVSPropertyOp26
 70
     1
102
RTVSPropertyOp27
 70
     1
102
RTVSPropertyOp28
 70
     1
102
RTVSPropertyOp29
 70
     1
102
RTVSPropertyOp30
 70
     1
102
RTVSPropertyOp31
 70
     1
102
RTVSPropertyOp32
 70
     1
102
RTVSPropertyOp33
 70
     1
102
RTVSPropertyOp34
 70
     1
102
RTVSPropertyOp35
 70
     1
102
RTVSPropertyOp36
 70
     1
102
RTVSPropertyOp37
 70
     1
102
RTVSPropertyOp38
 70
     1
102
RTVSPropertyOp39
 70
     1
102
RTVSPropertyOp40
 70
     1
102
RTVSPropertyOp41
 70
     1
102
RTVSPropertyOp42
 70
     1
102
RTVSPropertyOp43
 70
     1
102
RTVSPropertyOp44
 70
     1
102
RTVSPropertyOp45
 70
     1
102
RTVSPropertyOp46
 70
     1
102
RTVSPropertyOp47
 70
     1
102
RTVSPropertyOp48
 70
     1
102
RTVSPropertyOp49
 70
     1
102
RTVSPropertyOp50
 70
     1
102
RTVSPropertyOp51
 70
     0
102
RTVSPropertyOp52
 70
     0
102
RTVSPropertyOp53
 70
     1
102
RTVSPropertyOp54
 70
     1
102
RTVSPropertyOp55
 70
     1
102
RTVSPropertyOp56
 70
     1
102
RTVSPropertyOp57
 70
     1
102
RTVSPost2010Prop28
280
     0
102
RTVSPost2010PropOp28
 70
     1
102
RTVSPost2010Prop29
280
     1
102
RTVSPost2010PropOp29
 70
     1
102
RTVSPost2010Prop30
280
     1
102
RTVSPost2010PropOp30
 70
     1
102
RTVSPost2010Prop31
280
     0
102
RTVSPost2010PropOp31
 70
     1
102
RTVSPost2010Prop32
280
     0
102
RTVSPost2010PropOp32
 70
     1
102
RTVSPost2010Prop33
280
     0
102
RTVSPost2010PropOp33
 70
     1
102
RTVSPost2010Prop34
280
     0
102
RTVSPost2010PropOp34
 70
     1
102
RTVSPost2010Prop35
280
     0
102
RTVSPost2010PropOp35
 70
     1
102
RTVSPost2010Prop36
280
     0
102
RTVSPost2010PropOp36
 70
     1
102
RTVSPost2010Prop37
 90
       50
102
RTVSPost2010PropOp37
 70
     1
102
RTVSPost2010Prop38
140
0.0
102
RTVSPost2010PropOp38
 70
     1
102
RTVSPost2010Prop39
140
1.0
102
RTVSPost2010PropOp39
 70
     1
102
RTVSPost2010Prop40
 90
        0
102
RTVSPost2010PropOp40
 70
     1
102
RTVSPost2010Prop41ColorIndex
 90
       18
102
RTVSPost2010Prop41ColorRGB
 90
        0
102
RTVSPost2010PropOp41
 70
     1
102
RTVSPost2010Prop42
 90
       50
102
RTVSPost2010PropOp42
 70
     1
102
RTVSPost2010Prop43
 90
        3
102
RTVSPost2010PropOp43
 70
     1
102
RTVSPost2010Prop44ColorIndex
 90
        5
102
RTVSPost2010Prop44ColorRGB
 90
      255
102
RTVSPost2010PropOp44
 70
     1
102
RTVSPost2010Prop45
280
     0
102
RTVSPost2010PropOp45
 70
     1
102
RTVSPost2010Prop46
 90
       50
102
RTVSPost2010PropOp46
 70
     1
102
RTVSPost2010Prop47
 90
       50
102
RTVSPost2010PropOp47
 70
     1
102
RTVSPost2010Prop48
 90
       50
102
RTVSPost2010PropOp48
 70
     1
102
RTVSPost2010Prop49
280
     0
102
RTVSPost2010PropOp49
 70
     1
102
RTVSPost2010Prop50
 90
       50
102
RTVSPost2010PropOp50
 70
     1
102
RTVSPost2010Prop51ColorIndex
 90
      256
102
RTVSPost2010Prop51ColorRGB
 90
-16777216
102
RTVSPost2010PropOp51
 70
     0
102
RTVSPost2010Prop52
140
1.0
102
RTVSPost2010PropOp52
 70
     0
102
RTVSPost2010Prop53
 90
        2
102
RTVSPost2010PropOp53
 70
     1
102
RTVSPost2010Prop54
  1
strokes_ogs.tif
102
RTVSPost2010PropOp54
 70
     1
102
RTVSPost2010Prop55
280
     0
102
RTVSPost2010PropOp55
 70
     1
102
RTVSPost2010Prop56
140
1.0
102
RTVSPost2010PropOp56
 70
     1
102
RTVSPost2010Prop57
140
1.0
102
RTVSPost2010PropOp57
 70
     1
  0
XRECORD
  5
2FA9
102
{ACAD_REACTORS
330
2FA8
102
}
330
2FA8
100
AcDbXrecord
280
     1
102
RTVSPropertyOp0
 70
     1
102
RTVSPropertyOp1
 70
     1
102
RTVSPropertyOp2
 70
     1
102
RTVSPropertyOp3
 70
     1
102
RTVSPropertyOp4
 70
     1
102
RTVSPropertyOp5
 70
     1
102
RTVSPropertyOp6
 70
     1
102
RTVSPropertyOp7
 70
     1
102
RTVSPropertyOp8
 70
     1
102
RTVSPropertyOp9
 70
     1
102
RTVSPropertyOp10
 70
     1
102
RTVSPropertyOp11
 70
     1
102
RTVSPropertyOp12
 70
     1
102
RTVSPropertyOp13
 70
     1
102
RTVSPropertyOp14
 70
     1
102
RTVSPropertyOp15
 70
     1
102
RTVSPropertyOp16
 70
     1
102
RTVSPropertyOp17
 70
     1
102
RTVSPropertyOp18
 70
     1
102
RTVSPropertyOp19
 70
     1
102
RTVSPropertyOp20
 70
     1
102
RTVSPropertyOp21
 70
     1
102
RTVSPropertyOp22
 70
     1
102
RTVSPropertyOp23
 70
     1
102
RTVSPropertyOp24
 70
     1
102
RTVSPropertyOp25
 70
     1
102
RTVSPropertyOp26
 70
     1
102
RTVSPropertyOp27
 70
     1
102
RTVSPropertyOp28
 70
     1
102
RTVSPropertyOp29
 70
     1
102
RTVSPropertyOp30
 70
     1
102
RTVSPropertyOp31
 70
     1
102
RTVSPropertyOp32
 70
     1
102
RTVSPropertyOp33
 70
     1
102
RTVSPropertyOp34
 70
     1
102
RTVSPropertyOp35
 70
     1
102
RTVSPropertyOp36
 70
     1
102
RTVSPropertyOp37
 70
     1
102
RTVSPropertyOp38
 70
     1
102
RTVSPropertyOp39
 70
     1
102
RTVSPropertyOp40
 70
     1
102
RTVSPropertyOp41
 70
     1
102
RTVSPropertyOp42
 70
     1
102
RTVSPropertyOp43
 70
     1
102
RTVSPropertyOp44
 70
     1
102
RTVSPropertyOp45
 70
     1
102
RTVSPropertyOp46
 70
     1
102
RTVSPropertyOp47
 70
     1
102
RTVSPropertyOp48
 70
     1
102
RTVSPropertyOp49
 70
     1
102
RTVSPropertyOp50
 70
     1
102
RTVSPropertyOp51
 70
     0
102
RTVSPropertyOp52
 70
     0
102
RTVSPropertyOp53
 70
     1
102
RTVSPropertyOp54
 70
     1
102
RTVSPropertyOp55
 70
     1
102
RTVSPropertyOp56
 70
     1
102
RTVSPropertyOp57
 70
     1
102
RTVSPost2010Prop28
280
     0
102
RTVSPost2010PropOp28
 70
     1
102
RTVSPost2010Prop29
280
     1
102
RTVSPost2010PropOp29
 70
     1
102
RTVSPost2010Prop30
280
     1
102
RTVSPost2010PropOp30
 70
     1
102
RTVSPost2010Prop31
280
     0
102
RTVSPost2010PropOp31
 70
     1
102
RTVSPost2010Prop32
280
     0
102
RTVSPost2010PropOp32
 70
     1
102
RTVSPost2010Prop33
280
     0
102
RTVSPost2010PropOp33
 70
     1
102
RTVSPost2010Prop34
280
     0
102
RTVSPost2010PropOp34
 70
     1
102
RTVSPost2010Prop35
280
     0
102
RTVSPost2010PropOp35
 70
     1
102
RTVSPost2010Prop36
280
     0
102
RTVSPost2010PropOp36
 70
     1
102
RTVSPost2010Prop37
 90
       50
102
RTVSPost2010PropOp37
 70
     1
102
RTVSPost2010Prop38
140
0.0
102
RTVSPost2010PropOp38
 70
     1
102
RTVSPost2010Prop39
140
1.0
102
RTVSPost2010PropOp39
 70
     1
102
RTVSPost2010Prop40
 90
        0
102
RTVSPost2010PropOp40
 70
     1
102
RTVSPost2010Prop41ColorIndex
 90
       18
102
RTVSPost2010Prop41ColorRGB
 90
        0
102
RTVSPost2010PropOp41
 70
     1
102
RTVSPost2010Prop42
 90
       50
102
RTVSPost2010PropOp42
 70
     1
102
RTVSPost2010Prop43
 90
        3
102
RTVSPost2010PropOp43
 70
     1
102
RTVSPost2010Prop44ColorIndex
 90
        5
102
RTVSPost2010Prop44ColorRGB
 90
      255
102
RTVSPost2010PropOp44
 70
     1
102
RTVSPost2010Prop45
280
     0
102
RTVSPost2010PropOp45
 70
     1
102
RTVSPost2010Prop46
 90
       50
102
RTVSPost2010PropOp46
 70
     1
102
RTVSPost2010Prop47
 90
       50
102
RTVSPost2010PropOp47
 70
     1
102
RTVSPost2010Prop48
 90
       50
102
RTVSPost2010PropOp48
 70
     1
102
RTVSPost2010Prop49
280
     0
102
RTVSPost2010PropOp49
 70
     1
102
RTVSPost2010Prop50
 90
       50
102
RTVSPost2010PropOp50
 70
     1
102
RTVSPost2010Prop51ColorIndex
 90
      256
102
RTVSPost2010Prop51ColorRGB
 90
-16777216
102
RTVSPost2010PropOp51
 70
     0
102
RTVSPost2010Prop52
140
1.0
102
RTVSPost2010PropOp52
 70
     0
102
RTVSPost2010Prop53
 90
        2
102
RTVSPost2010PropOp53
 70
     1
102
RTVSPost2010Prop54
  1
strokes_ogs.tif
102
RTVSPost2010PropOp54
 70
     1
102
RTVSPost2010Prop55
280
     0
102
RTVSPost2010PropOp55
 70
     1
102
RTVSPost2010Prop56
140
1.0
102
RTVSPost2010PropOp56
 70
     1
102
RTVSPost2010Prop57
140
1.0
102
RTVSPost2010PropOp57
 70
     1
  0
XRECORD
  5
2FAB
102
{ACAD_REACTORS
330
2FAA
102
}
330
2FAA
100
AcDbXrecord
280
     1
102
RTVSPropertyOp0
 70
     1
102
RTVSPropertyOp1
 70
     1
102
RTVSPropertyOp2
 70
     1
102
RTVSPropertyOp3
 70
     1
102
RTVSPropertyOp4
 70
     1
102
RTVSPropertyOp5
 70
     1
102
RTVSPropertyOp6
 70
     1
102
RTVSPropertyOp7
 70
     1
102
RTVSPropertyOp8
 70
     1
102
RTVSPropertyOp9
 70
     1
102
RTVSPropertyOp10
 70
     1
102
RTVSPropertyOp11
 70
     1
102
RTVSPropertyOp12
 70
     1
102
RTVSPropertyOp13
 70
     1
102
RTVSPropertyOp14
 70
     1
102
RTVSPropertyOp15
 70
     1
102
RTVSPropertyOp16
 70
     1
102
RTVSPropertyOp17
 70
     1
102
RTVSPropertyOp18
 70
     1
102
RTVSPropertyOp19
 70
     1
102
RTVSPropertyOp20
 70
     1
102
RTVSPropertyOp21
 70
     1
102
RTVSPropertyOp22
 70
     1
102
RTVSPropertyOp23
 70
     1
102
RTVSPropertyOp24
 70
     1
102
RTVSPropertyOp25
 70
     1
102
RTVSPropertyOp26
 70
     1
102
RTVSPropertyOp27
 70
     1
102
RTVSPropertyOp28
 70
     1
102
RTVSPropertyOp29
 70
     1
102
RTVSPropertyOp30
 70
     1
102
RTVSPropertyOp31
 70
     1
102
RTVSPropertyOp32
 70
     1
102
RTVSPropertyOp33
 70
     1
102
RTVSPropertyOp34
 70
     1
102
RTVSPropertyOp35
 70
     1
102
RTVSPropertyOp36
 70
     1
102
RTVSPropertyOp37
 70
     1
102
RTVSPropertyOp38
 70
     1
102
RTVSPropertyOp39
 70
     1
102
RTVSPropertyOp40
 70
     1
102
RTVSPropertyOp41
 70
     1
102
RTVSPropertyOp42
 70
     1
102
RTVSPropertyOp43
 70
     1
102
RTVSPropertyOp44
 70
     1
102
RTVSPropertyOp45
 70
     1
102
RTVSPropertyOp46
 70
     1
102
RTVSPropertyOp47
 70
     1
102
RTVSPropertyOp48
 70
     1
102
RTVSPropertyOp49
 70
     1
102
RTVSPropertyOp50
 70
     1
102
RTVSPropertyOp51
 70
     0
102
RTVSPropertyOp52
 70
     0
102
RTVSPropertyOp53
 70
     1
102
RTVSPropertyOp54
 70
     1
102
RTVSPropertyOp55
 70
     1
102
RTVSPropertyOp56
 70
     1
102
RTVSPropertyOp57
 70
     1
102
RTVSPost2010Prop28
280
     0
102
RTVSPost2010PropOp28
 70
     1
102
RTVSPost2010Prop29
280
     1
102
RTVSPost2010PropOp29
 70
     1
102
RTVSPost2010Prop30
280
     1
102
RTVSPost2010PropOp30
 70
     1
102
RTVSPost2010Prop31
280
     0
102
RTVSPost2010PropOp31
 70
     1
102
RTVSPost2010Prop32
280
     0
102
RTVSPost2010PropOp32
 70
     1
102
RTVSPost2010Prop33
280
     0
102
RTVSPost2010PropOp33
 70
     1
102
RTVSPost2010Prop34
280
     0
102
RTVSPost2010PropOp34
 70
     1
102
RTVSPost2010Prop35
280
     0
102
RTVSPost2010PropOp35
 70
     1
102
RTVSPost2010Prop36
280
     0
102
RTVSPost2010PropOp36
 70
     1
102
RTVSPost2010Prop37
 90
       50
102
RTVSPost2010PropOp37
 70
     1
102
RTVSPost2010Prop38
140
0.0
102
RTVSPost2010PropOp38
 70
     1
102
RTVSPost2010Prop39
140
1.0
102
RTVSPost2010PropOp39
 70
     1
102
RTVSPost2010Prop40
 90
        0
102
RTVSPost2010PropOp40
 70
     1
102
RTVSPost2010Prop41ColorIndex
 90
       18
102
RTVSPost2010Prop41ColorRGB
 90
        0
102
RTVSPost2010PropOp41
 70
     1
102
RTVSPost2010Prop42
 90
       50
102
RTVSPost2010PropOp42
 70
     1
102
RTVSPost2010Prop43
 90
        3
102
RTVSPost2010PropOp43
 70
     1
102
RTVSPost2010Prop44ColorIndex
 90
        5
102
RTVSPost2010Prop44ColorRGB
 90
      255
102
RTVSPost2010PropOp44
 70
     1
102
RTVSPost2010Prop45
280
     0
102
RTVSPost2010PropOp45
 70
     1
102
RTVSPost2010Prop46
 90
       50
102
RTVSPost2010PropOp46
 70
     1
102
RTVSPost2010Prop47
 90
       50
102
RTVSPost2010PropOp47
 70
     1
102
RTVSPost2010Prop48
 90
       50
102
RTVSPost2010PropOp48
 70
     1
102
RTVSPost2010Prop49
280
     0
102
RTVSPost2010PropOp49
 70
     1
102
RTVSPost2010Prop50
 90
       50
102
RTVSPost2010PropOp50
 70
     1
102
RTVSPost2010Prop51ColorIndex
 90
      256
102
RTVSPost2010Prop51ColorRGB
 90
-16777216
102
RTVSPost2010PropOp51
 70
     0
102
RTVSPost2010Prop52
140
1.0
102
RTVSPost2010PropOp52
 70
     0
102
RTVSPost2010Prop53
 90
        2
102
RTVSPost2010PropOp53
 70
     1
102
RTVSPost2010Prop54
  1
strokes_ogs.tif
102
RTVSPost2010PropOp54
 70
     1
102
RTVSPost2010Prop55
280
     0
102
RTVSPost2010PropOp55
 70
     1
102
RTVSPost2010Prop56
140
1.0
102
RTVSPost2010PropOp56
 70
     1
102
RTVSPost2010Prop57
140
1.0
102
RTVSPost2010PropOp57
 70
     1
  0
XRECORD
  5
2FAD
102
{ACAD_REACTORS
330
2FAC
102
}
330
2FAC
100
AcDbXrecord
280
     1
102
RTVSPropertyOp0
 70
     1
102
RTVSPropertyOp1
 70
     1
102
RTVSPropertyOp2
 70
     1
102
RTVSPropertyOp3
 70
     1
102
RTVSPropertyOp4
 70
     1
102
RTVSPropertyOp5
 70
     1
102
RTVSPropertyOp6
 70
     1
102
RTVSPropertyOp7
 70
     1
102
RTVSPropertyOp8
 70
     1
102
RTVSPropertyOp9
 70
     1
102
RTVSPropertyOp10
 70
     1
102
RTVSPropertyOp11
 70
     1
102
RTVSPropertyOp12
 70
     1
102
RTVSPropertyOp13
 70
     1
102
RTVSPropertyOp14
 70
     1
102
RTVSPropertyOp15
 70
     1
102
RTVSPropertyOp16
 70
     1
102
RTVSPropertyOp17
 70
     1
102
RTVSPropertyOp18
 70
     1
102
RTVSPropertyOp19
 70
     1
102
RTVSPropertyOp20
 70
     1
102
RTVSPropertyOp21
 70
     1
102
RTVSPropertyOp22
 70
     1
102
RTVSPropertyOp23
 70
     1
102
RTVSPropertyOp24
 70
     1
102
RTVSPropertyOp25
 70
     1
102
RTVSPropertyOp26
 70
     1
102
RTVSPropertyOp27
 70
     1
102
RTVSPropertyOp28
 70
     1
102
RTVSPropertyOp29
 70
     1
102
RTVSPropertyOp30
 70
     1
102
RTVSPropertyOp31
 70
     1
102
RTVSPropertyOp32
 70
     1
102
RTVSPropertyOp33
 70
     1
102
RTVSPropertyOp34
 70
     1
102
RTVSPropertyOp35
 70
     1
102
RTVSPropertyOp36
 70
     1
102
RTVSPropertyOp37
 70
     1
102
RTVSPropertyOp38
 70
     1
102
RTVSPropertyOp39
 70
     1
102
RTVSPropertyOp40
 70
     1
102
RTVSPropertyOp41
 70
     1
102
RTVSPropertyOp42
 70
     1
102
RTVSPropertyOp43
 70
     1
102
RTVSPropertyOp44
 70
     1
102
RTVSPropertyOp45
 70
     1
102
RTVSPropertyOp46
 70
     1
102
RTVSPropertyOp47
 70
     1
102
RTVSPropertyOp48
 70
     1
102
RTVSPropertyOp49
 70
     1
102
RTVSPropertyOp50
 70
     1
102
RTVSPropertyOp51
 70
     0
102
RTVSPropertyOp52
 70
     0
102
RTVSPropertyOp53
 70
     1
102
RTVSPropertyOp54
 70
     1
102
RTVSPropertyOp55
 70
     1
102
RTVSPropertyOp56
 70
     1
102
RTVSPropertyOp57
 70
     1
102
RTVSPost2010Prop28
280
     0
102
RTVSPost2010PropOp28
 70
     1
102
RTVSPost2010Prop29
280
     1
102
RTVSPost2010PropOp29
 70
     1
102
RTVSPost2010Prop30
280
     1
102
RTVSPost2010PropOp30
 70
     1
102
RTVSPost2010Prop31
280
     0
102
RTVSPost2010PropOp31
 70
     1
102
RTVSPost2010Prop32
280
     0
102
RTVSPost2010PropOp32
 70
     1
102
RTVSPost2010Prop33
280
     0
102
RTVSPost2010PropOp33
 70
     1
102
RTVSPost2010Prop34
280
     0
102
RTVSPost2010PropOp34
 70
     1
102
RTVSPost2010Prop35
280
     0
102
RTVSPost2010PropOp35
 70
     1
102
RTVSPost2010Prop36
280
     0
102
RTVSPost2010PropOp36
 70
     1
102
RTVSPost2010Prop37
 90
       50
102
RTVSPost2010PropOp37
 70
     1
102
RTVSPost2010Prop38
140
0.0
102
RTVSPost2010PropOp38
 70
     1
102
RTVSPost2010Prop39
140
1.0
102
RTVSPost2010PropOp39
 70
     1
102
RTVSPost2010Prop40
 90
        0
102
RTVSPost2010PropOp40
 70
     1
102
RTVSPost2010Prop41ColorIndex
 90
       18
102
RTVSPost2010Prop41ColorRGB
 90
        0
102
RTVSPost2010PropOp41
 70
     1
102
RTVSPost2010Prop42
 90
       50
102
RTVSPost2010PropOp42
 70
     1
102
RTVSPost2010Prop43
 90
        3
102
RTVSPost2010PropOp43
 70
     1
102
RTVSPost2010Prop44ColorIndex
 90
        5
102
RTVSPost2010Prop44ColorRGB
 90
      255
102
RTVSPost2010PropOp44
 70
     1
102
RTVSPost2010Prop45
280
     0
102
RTVSPost2010PropOp45
 70
     1
102
RTVSPost2010Prop46
 90
       50
102
RTVSPost2010PropOp46
 70
     1
102
RTVSPost2010Prop47
 90
       50
102
RTVSPost2010PropOp47
 70
     1
102
RTVSPost2010Prop48
 90
       50
102
RTVSPost2010PropOp48
 70
     1
102
RTVSPost2010Prop49
280
     0
102
RTVSPost2010PropOp49
 70
     1
102
RTVSPost2010Prop50
 90
       50
102
RTVSPost2010PropOp50
 70
     1
102
RTVSPost2010Prop51ColorIndex
 90
      256
102
RTVSPost2010Prop51ColorRGB
 90
-16777216
102
RTVSPost2010PropOp51
 70
     0
102
RTVSPost2010Prop52
140
1.0
102
RTVSPost2010PropOp52
 70
     0
102
RTVSPost2010Prop53
 90
        2
102
RTVSPost2010PropOp53
 70
     1
102
RTVSPost2010Prop54
  1
strokes_ogs.tif
102
RTVSPost2010PropOp54
 70
     1
102
RTVSPost2010Prop55
280
     0
102
RTVSPost2010PropOp55
 70
     1
102
RTVSPost2010Prop56
140
1.0
102
RTVSPost2010PropOp56
 70
     1
102
RTVSPost2010Prop57
140
1.0
102
RTVSPost2010PropOp57
 70
     1
  0
ENDSEC
  0
EOF
