  0
SECTION
  2
HEADER
  9
$ACADVER
  1
AC1018
  9
$ACADMAINTVER
 70
     0
  9
$DWGCODEPAGE
  3
ANSI_1252
  9
$LASTSAVEDBY
  1
cloudconvert
  9
$INSBASE
 10
0.0
 20
0.0
 30
0.0
  9
$EXTMIN
 10
0.2084128135494719
 20
-0.7518651605857087
 30
0.0
  9
$EXTMAX
 10
25.80238304167802
 20
8.028750326488048
 30
0.0
  9
$LIMMIN
 10
0.0
 20
0.0
  9
$LIMMAX
 10
12.0
 20
9.0
  9
$ORTHOMODE
 70
     0
  9
$REGENMODE
 70
     1
  9
$FILLMODE
 70
     1
  9
$QTEXTMODE
 70
     0
  9
$MIRRTEXT
 70
     0
  9
$LTSCALE
 40
1.0
  9
$ATTMODE
 70
     1
  9
$TEXTSIZE
 40
0.1
  9
$TRACEWID
 40
0.05
  9
$TEXTSTYLE
  7
ROMANT
  9
$CLAYER
  8
0
  9
$CELTYPE
  6
BYLAYER
  9
$CECOLOR
 62
   256
  9
$CELTSCALE
 40
1.0
  9
$DISPSILH
 70
     0
  9
$DIMSCALE
 40
1.0
  9
$DIMASZ
 40
0.18
  9
$DIMEXO
 40
0.0625
  9
$DIMDLI
 40
0.38
  9
$DIMRND
 40
0.0
  9
$DIMDLE
 40
0.0
  9
$DIMEXE
 40
0.18
  9
$DIMTP
 40
0.0
  9
$DIMTM
 40
0.0
  9
$DIMTXT
 40
0.18
  9
$DIMCEN
 40
0.09
  9
$DIMTSZ
 40
0.0
  9
$DIMTOL
 70
     0
  9
$DIMLIM
 70
     0
  9
$DIMTIH
 70
     1
  9
$DIMTOH
 70
     1
  9
$DIMSE1
 70
     0
  9
$DIMSE2
 70
     0
  9
$DIMTAD
 70
     0
  9
$DIMZIN
 70
     0
  9
$DIMBLK
  1

  9
$DIMASO
 70
     1
  9
$DIMSHO
 70
     1
  9
$DIMPOST
  1

  9
$DIMAPOST
  1

  9
$DIMALT
 70
     0
  9
$DIMALTD
 70
     2
  9
$DIMALTF
 40
25.4
  9
$DIMLFAC
 40
1.0
  9
$DIMTOFL
 70
     0
  9
$DIMTVP
 40
0.0
  9
$DIMTIX
 70
     0
  9
$DIMSOXD
 70
     0
  9
$DIMSAH
 70
     0
  9
$DIMBLK1
  1

  9
$DIMBLK2
  1

  9
$DIMSTYLE
  2
STANDARD
  9
$DIMCLRD
 70
     0
  9
$DIMCLRE
 70
     0
  9
$DIMCLRT
 70
     0
  9
$DIMTFAC
 40
1.0
  9
$DIMGAP
 40
0.09
  9
$DIMJUST
 70
     0
  9
$DIMSD1
 70
     0
  9
$DIMSD2
 70
     0
  9
$DIMTOLJ
 70
     1
  9
$DIMTZIN
 70
     0
  9
$DIMALTZ
 70
     0
  9
$DIMALTTZ
 70
     0
  9
$DIMUPT
 70
     0
  9
$DIMDEC
 70
     4
  9
$DIMTDEC
 70
     4
  9
$DIMALTU
 70
     2
  9
$DIMALTTD
 70
     2
  9
$DIMTXSTY
  7
STANDARD
  9
$DIMAUNIT
 70
     0
  9
$DIMADEC
 70
     0
  9
$DIMALTRND
 40
0.0
  9
$DIMAZIN
 70
     0
  9
$DIMDSEP
 70
    46
  9
$DIMATFIT
 70
     3
  9
$DIMFRAC
 70
     0
  9
$DIMLDRBLK
  1

  9
$DIMLUNIT
 70
     2
  9
$DIMLWD
 70
    -2
  9
$DIMLWE
 70
    -2
  9
$DIMTMOVE
 70
     0
  9
$LUNITS
 70
     2
  9
$LUPREC
 70
     4
  9
$SKETCHINC
 40
0.1
  9
$FILLETRAD
 40
0.0
  9
$AUNITS
 70
     0
  9
$AUPREC
 70
     0
  9
$MENU
  1
C:\r13\win\SUPPORT\acad
  9
$ELEVATION
 40
0.0
  9
$PELEVATION
 40
0.0
  9
$THICKNESS
 40
0.0
  9
$LIMCHECK
 70
     0
  9
$CHAMFERA
 40
0.0
  9
$CHAMFERB
 40
0.0
  9
$CHAMFERC
 40
0.0
  9
$CHAMFERD
 40
0.0
  9
$SKPOLY
 70
     0
  9
$TDCREATE
 40
2449879.021273148
  9
$TDUCREATE
 40
2449879.021273148
  9
$TDUPDATE
 40
2461074.363260093
  9
$TDUUPDATE
 40
2461074.363260093
  9
$TDINDWG
 40
1.0848179745
  9
$TDUSRTIMER
 40
1.0847485301
  9
$USRTIMER
 70
     1
  9
$ANGBASE
 50
0.0
  9
$ANGDIR
 70
     0
  9
$PDMODE
 70
     0
  9
$PDSIZE
 40
0.0
  9
$PLINEWID
 40
0.0
  9
$SPLFRAME
 70
     0
  9
$SPLINETYPE
 70
     6
  9
$SPLINESEGS
 70
     8
  9
$HANDSEED
  5
4429
  9
$SURFTAB1
 70
     6
  9
$SURFTAB2
 70
     6
  9
$SURFTYPE
 70
     6
  9
$SURFU
 70
     6
  9
$SURFV
 70
     6
  9
$UCSBASE
  2

  9
$UCSNAME
  2

  9
$UCSORG
 10
0.0
 20
0.0
 30
0.0
  9
$UCSXDIR
 10
1.0
 20
0.0
 30
0.0
  9
$UCSYDIR
 10
0.0
 20
1.0
 30
0.0
  9
$UCSORTHOREF
  2

  9
$UCSORTHOVIEW
 70
     0
  9
$UCSORGTOP
 10
0.0
 20
0.0
 30
0.0
  9
$UCSORGBOTTOM
 10
0.0
 20
0.0
 30
0.0
  9
$UCSORGLEFT
 10
0.0
 20
0.0
 30
0.0
  9
$UCSORGRIGHT
 10
0.0
 20
0.0
 30
0.0
  9
$UCSORGFRONT
 10
0.0
 20
0.0
 30
0.0
  9
$UCSORGBACK
 10
0.0
 20
0.0
 30
0.0
  9
$PUCSBASE
  2

  9
$PUCSNAME
  2

  9
$PUCSORG
 10
0.0
 20
0.0
 30
0.0
  9
$PUCSXDIR
 10
1.0
 20
0.0
 30
0.0
  9
$PUCSYDIR
 10
0.0
 20
1.0
 30
0.0
  9
$PUCSORTHOREF
  2

  9
$PUCSORTHOVIEW
 70
     0
  9
$PUCSORGTOP
 10
0.0
 20
0.0
 30
0.0
  9
$PUCSORGBOTTOM
 10
0.0
 20
0.0
 30
0.0
  9
$PUCSORGLEFT
 10
0.0
 20
0.0
 30
0.0
  9
$PUCSORGRIGHT
 10
0.0
 20
0.0
 30
0.0
  9
$PUCSORGFRONT
 10
0.0
 20
0.0
 30
0.0
  9
$PUCSORGBACK
 10
0.0
 20
0.0
 30
0.0
  9
$USERI1
 70
     0
  9
$USERI2
 70
     0
  9
$USERI3
 70
     0
  9
$USERI4
 70
     0
  9
$USERI5
 70
     0
  9
$USERR1
 40
0.0
  9
$USERR2
 40
0.0
  9
$USERR3
 40
0.0
  9
$USERR4
 40
0.0
  9
$USERR5
 40
0.0
  9
$WORLDVIEW
 70
     1
  9
$SHADEDGE
 70
     3
  9
$SHADEDIF
 70
    70
  9
$TILEMODE
 70
     1
  9
$MAXACTVP
 70
    16
  9
$PINSBASE
 10
0.0
 20
0.0
 30
0.0
  9
$PLIMCHECK
 70
     0
  9
$PEXTMIN
 10
1.000000000000000E+20
 20
1.000000000000000E+20
 30
1.000000000000000E+20
  9
$PEXTMAX
 10
-1.000000000000000E+20
 20
-1.000000000000000E+20
 30
-1.000000000000000E+20
  9
$PLIMMIN
 10
0.0
 20
0.0
  9
$PLIMMAX
 10
12.0
 20
9.0
  9
$UNITMODE
 70
     0
  9
$VISRETAIN
 70
     0
  9
$PLINEGEN
 70
     0
  9
$PSLTSCALE
 70
     1
  9
$TREEDEPTH
 70
  3020
  9
$CMLSTYLE
  2
STANDARD
  9
$CMLJUST
 70
     0
  9
$CMLSCALE
 40
1.0
  9
$PROXYGRAPHICS
 70
     1
  9
$MEASUREMENT
 70
     0
  9
$CELWEIGHT
370
    -1
  9
$ENDCAPS
280
     0
  9
$JOINSTYLE
280
     0
  9
$LWDISPLAY
290
     0
  9
$INSUNITS
 70
     0
  9
$HYPERLINKBASE
  1

  9
$STYLESHEET
  1

  9
$XEDIT
290
     1
  9
$CEPSNTYPE
380
     0
  9
$PSTYLEMODE
290
     1
  9
$FINGERPRINTGUID
  2
{E2D50A44-92AC-B340-9EF8-B936F2425C12}
  9
$VERSIONGUID
  2
{2A0E353B-E214-6E43-8845-FE764C750975}
  9
$EXTNAMES
290
     1
  9
$PSVPSCALE
 40
0.0
  9
$OLESTARTUP
290
     0
  9
$SORTENTS
280
   127
  9
$INDEXCTL
280
     0
  9
$HIDETEXT
280
     0
  9
$XCLIPFRAME
290
     0
  9
$HALOGAP
280
     0
  9
$OBSCOLOR
 70
   257
  9
$OBSLTYPE
280
     0
  9
$INTERSECTIONDISPLAY
280
     0
  9
$INTERSECTIONCOLOR
 70
   257
  9
$DIMASSOC
280
     1
  9
$PROJECTNAME
  1

  0
ENDSEC
  0
SECTION
  2
CLASSES
  0
CLASS
  1
LWPOLYLINE
  2
AcDbPolyline
  3
ObjectDBX Classes
 90
        0
 91
        1
280
     0
281
     1
  0
CLASS
  1
ACAD_ZOMBIE_ENTITY
  2
AcDbDxfZombieEntity
  3
AutoCAD
 90
        0
 91
        3
280
     0
281
     1
  0
CLASS
  1
ACAD_ZOMBIE_OBJECT
  2
AcDbDxfZombieObject
  3
AutoCAD
 90
        0
 91
        3
280
     0
281
     0
  0
CLASS
  1
IMAGE
  2
AcDbRasterImage
  3
ISM
 90
      127
 91
        4
280
     0
281
     1
  0
CLASS
  1
OLE2FRAME
  2
AcDbOle2Frame
  3
ObjectDBX Classes
 90
        0
 91
        1
280
     0
281
     1
  0
CLASS
  1
HATCH
  2
AcDbHatch
  3
ObjectDBX Classes
 90
        0
 91
        1
280
     0
281
     1
  0
CLASS
  1
DICTIONARYVAR
  2
AcDbDictionaryVar
  3
ObjectDBX Classes
 90
        0
 91
        3
280
     0
281
     0
  0
CLASS
  1
RASTERVARIABLES
  2
AcDbRasterVariables
  3
ISM
 90
        0
 91
        3
280
     0
281
     0
  0
CLASS
  1
IMAGEDEF
  2
AcDbRasterImageDef
  3
ISM
 90
        0
 91
        3
280
     0
281
     0
  0
CLASS
  1
IMAGEDEF_REACTOR
  2
AcDbRasterImageDefReactor
  3
ISM
 90
        1
 91
        3
280
     0
281
     0
  0
CLASS
  1
IDBUFFER
  2
AcDbIdBuffer
  3
ObjectDBX Classes
 90
        0
 91
        3
280
     0
281
     0
  0
CLASS
  1
SPATIAL_FILTER
  2
AcDbSpatialFilter
  3
ObjectDBX Classes
 90
        0
 91
        3
280
     0
281
     0
  0
CLASS
  1
XRECORD
  2
AcDbXrecord
  3
ObjectDBX Classes
 90
        0
 91
        1
280
     0
281
     0
  0
CLASS
  1
SORTENTSTABLE
  2
AcDbSortentsTable
  3
ObjectDBX Classes
 90
        0
 91
        3
280
     0
281
     0
  0
CLASS
  1
LAYER_INDEX
  2
AcDbLayerIndex
  3
ObjectDBX Classes
 90
        0
 91
        3
280
     0
281
     0
  0
CLASS
  1
SPATIAL_INDEX
  2
AcDbSpatialIndex
  3
AutoCAD 2000
 90
        0
 91
        3
280
     0
281
     0
  0
CLASS
  1
OBJECT_PTR
  2
CAseDLPNTableRecord
  3
ASE-LPNTableRecord
 90
        1
 91
        3
280
     0
281
     0
  0
CLASS
  1
ACDBDICTIONARYWDFLT
  2
AcDbDictionaryWithDefault
  3
ObjectDBX Classes
 90
        0
 91
        3
280
     0
281
     0
  0
CLASS
  1
MATERIAL
  2
AcDbMaterial
  3
ObjectDBX Classes
 90
     1153
 91
        3
280
     0
281
     0
  0
CLASS
  1
VISUALSTYLE
  2
AcDbVisualStyle
  3
ObjectDBX Classes
 90
     4095
 91
        3
280
     0
281
     0
  0
CLASS
  1
TABLESTYLE
  2
AcDbTableStyle
  3
ObjectDBX Classes
 90
     4095
 91
        3
280
     0
281
     0
  0
CLASS
  1
SCALE
  2
AcDbScale
  3
ObjectDBX Classes
 90
     1153
 91
        3
280
     0
281
     0
  0
CLASS
  1
MLEADERSTYLE
  2
AcDbMLeaderStyle
  3
ACDB_MLEADERSTYLE_CLASS
 90
     4095
 91
        3
280
     0
281
     0
  0
CLASS
  1
ACDBSECTIONVIEWSTYLE
  2
AcDbSectionViewStyle
  3
ObjectDBX Classes
 90
     1025
 91
        3
280
     0
281
     0
  0
CLASS
  1
ACDBDETAILVIEWSTYLE
  2
AcDbDetailViewStyle
  3
ObjectDBX Classes
 90
     1025
 91
        3
280
     0
281
     0
  0
CLASS
  1
EXACXREFPANELOBJECT
  2
ExAcXREFPanelObject
  3
EXAC_ESW
 90
     1025
 91
        1
280
     1
281
     0
  0
CLASS
  1
NPOCOLLECTION
  2
AcDbImpNonPersistentObjectsCollection
  3
ObjectDBX Classes
 90
     1153
 91
        1
280
     1
281
     0
  0
CLASS
  1
CELLSTYLEMAP
  2
AcDbCellStyleMap
  3
ObjectDBX Classes
 90
     1152
 91
        3
280
     0
281
     0
  0
ENDSEC
  0
SECTION
  2
TABLES
  0
TABLE
  2
VPORT
  5
8
102
{ACAD_XDICTIONARY
360
43DB
102
}
330
0
100
AcDbSymbolTable
 70
     1
  0
VPORT
  5
3451
330
8
100
AcDbSymbolTableRecord
100
AcDbViewportTableRecord
  2
*ACTIVE
 70
     0
 10
0.0
 20
0.0
 11
1.0
 21
1.0
 12
20.12516688647511
 22
4.419360828688347
 13
0.0
 23
0.0
 14
1.0
 24
1.0
 15
0.0
 25
0.0
 16
0.0
 26
0.0
 36
1.0
 17
0.0
 27
0.0
 37
0.0
 40
2.875559263944936
 41
1.85053037608486
 42
50.0
 43
0.0
 44
0.0
 50
0.0
 51
0.0
 71
     0
 72
   100
 73
     1
 74
     1
 75
     0
 76
     0
 77
     0
 78
     0
281
     0
 65
     1
110
0.0
120
0.0
130
0.0
111
1.0
121
0.0
131
0.0
112
0.0
122
1.0
132
0.0
 79
     0
146
0.0
1001
ACAD_NAV_VCDISPLAY
1070
     3
  0
ENDTAB
  0
TABLE
  2
LTYPE
  5
5
330
0
100
AcDbSymbolTable
 70
     2
  0
LTYPE
  5
12
330
5
100
AcDbSymbolTableRecord
100
AcDbLinetypeTableRecord
  2
BYBLOCK
 70
     0
  3

 72
    65
 73
     0
 40
0.0
  0
LTYPE
  5
13
330
5
100
AcDbSymbolTableRecord
100
AcDbLinetypeTableRecord
  2
BYLAYER
 70
     0
  3

 72
    65
 73
     0
 40
0.0
  0
LTYPE
  5
14
330
5
100
AcDbSymbolTableRecord
100
AcDbLinetypeTableRecord
  2
CONTINUOUS
 70
     0
  3
Solid line
 72
    65
 73
     0
 40
0.0
  0
LTYPE
  5
1F
330
5
100
AcDbSymbolTableRecord
100
AcDbLinetypeTableRecord
  2
HIDDEN
 70
     0
  3
__ __ __ __ __ __ __ __ __ __ __ __ __ __ __ __
 72
    65
 73
     2
 40
0.375
 49
0.25
 74
     0
 49
-0.125
 74
     0
  0
ENDTAB
  0
TABLE
  2
LAYER
  5
2
102
{ACAD_XDICTIONARY
360
3B0C
102
}
330
0
100
AcDbSymbolTable
 70
     7
  0
LAYER
  5
F
102
{ACAD_XDICTIONARY
360
40DE
102
}
330
2
100
AcDbSymbolTableRecord
100
AcDbLayerTableRecord
  2
0
 70
     0
 62
     7
  6
CONTINUOUS
370
    -3
390
3AAA
  0
LAYER
  5
22
102
{ACAD_XDICTIONARY
360
40E0
102
}
330
2
100
AcDbSymbolTableRecord
100
AcDbLayerTableRecord
  2
AHTM
 70
     0
 62
     7
  6
CONTINUOUS
370
    -3
390
3AAA
  0
LAYER
  5
341
102
{ACAD_XDICTIONARY
360
40E2
102
}
330
2
100
AcDbSymbolTableRecord
100
AcDbLayerTableRecord
  2
SILKSCRN
 70
     0
 62
     7
  6
CONTINUOUS
370
    -3
390
3AAA
  0
LAYER
  5
3B04
102
{ACAD_XDICTIONARY
360
3B05
102
}
330
2
100
AcDbSymbolTableRecord
100
AcDbLayerTableRecord
  2
BTBN
 70
     0
 62
     7
  6
CONTINUOUS
370
    -3
390
3AAA
  0
LAYER
  5
3B06
102
{ACAD_XDICTIONARY
360
3B07
102
}
330
2
100
AcDbSymbolTableRecord
100
AcDbLayerTableRecord
  2
HCOM
 70
     0
 62
     7
  6
CONTINUOUS
370
    -3
390
3AAA
  0
LAYER
  5
3B08
102
{ACAD_XDICTIONARY
360
3B09
102
}
330
2
100
AcDbSymbolTableRecord
100
AcDbLayerTableRecord
  2
KULE
 70
     0
 62
     7
  6
CONTINUOUS
370
    -3
390
3AAA
  0
LAYER
  5
4269
330
2
100
AcDbSymbolTableRecord
100
AcDbLayerTableRecord
  2
DMHT
 70
     0
 62
     7
  6
CONTINUOUS
370
    -3
390
3AAA
  0
ENDTAB
  0
TABLE
  2
STYLE
  5
3
330
0
100
AcDbSymbolTable
 70
     5
  0
STYLE
  5
10
330
3
100
AcDbSymbolTableRecord
100
AcDbTextStyleTableRecord
  2
STANDARD
 70
     0
 40
0.0
 41
1.0
 50
0.0
 71
     0
 42
0.2
  3
txt
  4

  0
STYLE
  5
1C
330
3
100
AcDbSymbolTableRecord
100
AcDbTextStyleTableRecord
  2
ROMANT
 70
     0
 40
0.0
 41
1.0
 50
0.0
 71
     0
 42
0.1
  3
romant
  4

  0
STYLE
  5
1D
330
3
100
AcDbSymbolTableRecord
100
AcDbTextStyleTableRecord
  2
ROMANS
 70
     0
 40
0.0
 41
1.0
 50
0.0
 71
     0
 42
0.12
  3
romans
  4

  0
STYLE
  5
1E
330
3
100
AcDbSymbolTableRecord
100
AcDbTextStyleTableRecord
  2
ITALICT
 70
     0
 40
0.0
 41
1.0
 50
0.0
 71
     0
 42
0.2
  3
italict
  4

  0
STYLE
  5
342
330
3
100
AcDbSymbolTableRecord
100
AcDbTextStyleTableRecord
  2
ATTR
 70
     0
 40
0.7
 41
0.8
 50
0.0
 71
     0
 42
0.7
  3
romans.shx
  4

  0
ENDTAB
  0
TABLE
  2
VIEW
  5
6
330
0
100
AcDbSymbolTable
 70
     0
  0
ENDTAB
  0
TABLE
  2
UCS
  5
7
330
0
100
AcDbSymbolTable
 70
     0
  0
ENDTAB
  0
TABLE
  2
APPID
  5
9
330
0
100
AcDbSymbolTable
 70
     6
  0
APPID
  5
11
330
9
100
AcDbSymbolTableRecord
100
AcDbRegAppTableRecord
  2
ACAD
 70
     0
  0
APPID
  5
3B0A
330
9
100
AcDbSymbolTableRecord
100
AcDbRegAppTableRecord
  2
ACAD_NAV_VCDISPLAY
 70
     0
  0
APPID
  5
3B0B
330
9
100
AcDbSymbolTableRecord
100
AcDbRegAppTableRecord
  2
ACAD_PSEXT
 70
     0
  0
APPID
  5
3E6F
330
9
100
AcDbSymbolTableRecord
100
AcDbRegAppTableRecord
  2
ACAD_EXEMPT_FROM_CAD_STANDARDS
 70
     0
  0
APPID
  5
426B
330
9
100
AcDbSymbolTableRecord
100
AcDbRegAppTableRecord
  2
HATCHBACKGROUNDCOLOR
 70
     0
  0
APPID
  5
43E7
330
9
100
AcDbSymbolTableRecord
100
AcDbRegAppTableRecord
  2
ACAD_MLEADERVER
 70
     0
  0
ENDTAB
  0
TABLE
  2
DIMSTYLE
  5
A
330
0
100
AcDbSymbolTable
 70
     1
100
AcDbDimStyleTable
  0
DIMSTYLE
105
328
330
A
100
AcDbSymbolTableRecord
100
AcDbDimStyleTableRecord
  2
STANDARD
 70
     0
178
     0
340
10
  0
ENDTAB
  0
TABLE
  2
BLOCK_RECORD
  5
1
330
0
100
AcDbSymbolTable
 70
     2
  0
BLOCK_RECORD
  5
18
330
1
100
AcDbSymbolTableRecord
100
AcDbBlockTableRecord
  2
*MODEL_SPACE
340
3AFA
  0
BLOCK_RECORD
  5
15
330
1
100
AcDbSymbolTableRecord
100
AcDbBlockTableRecord
  2
*PAPER_SPACE
340
3AFB
  0
BLOCK_RECORD
  5
343
330
1
100
AcDbSymbolTableRecord
100
AcDbBlockTableRecord
  2
SOP14-3S
340
0
  0
BLOCK_RECORD
  5
41EE
330
1
100
AcDbSymbolTableRecord
100
AcDbBlockTableRecord
  2
A$C4611cd85
340
0
  0
ENDTAB
  0
ENDSEC
  0
SECTION
  2
BLOCKS
  0
BLOCK
  5
25
330
18
100
AcDbEntity
  8
0
370
    -1
100
AcDbBlockBegin
  2
*MODEL_SPACE
 70
     0
 10
0.0
 20
0.0
 30
0.0
  3
*MODEL_SPACE
  1

  0
ENDBLK
  5
26
330
18
100
AcDbEntity
  8
0
370
    -1
100
AcDbBlockEnd
  0
BLOCK
  5
23
330
15
100
AcDbEntity
 67
     1
  8
0
370
    -1
100
AcDbBlockBegin
  2
*PAPER_SPACE
 70
     0
 10
0.0
 20
0.0
 30
0.0
  3
*PAPER_SPACE
  1

  0
ENDBLK
  5
24
330
15
100
AcDbEntity
 67
     1
  8
0
370
    -1
100
AcDbBlockEnd
  0
BLOCK
  5
34A
330
343
100
AcDbEntity
  8
0
370
    -1
100
AcDbBlockBegin
  2
SOP14-3S
 70
     2
 10
0.0
 20
0.0
 30
0.0
  3
SOP14-3S
  1

  0
ATTDEF
  5
344
330
343
100
AcDbEntity
  8
0
370
    -1
100
AcDbText
 10
0.0
 20
0.0
 30
0.0
 40
0.7
  1

 41
0.8
  7
ATTR
100
AcDbAttributeDefinition
  3

  2
ESTCODE
 70
     9
  0
LINE
  5
345
330
343
100
AcDbEntity
  8
SILKSCRN
 62
     7
370
    -1
100
AcDbLine
 10
0.3500000000000001
 20
0.0499999999999998
 30
0.0
 11
0.3500000000000001
 21
0.3499999999999996
 31
0.0
  0
ARC
  5
346
330
343
100
AcDbEntity
  8
SILKSCRN
 62
     7
370
    -1
100
AcDbCircle
 10
-0.0499999999999998
 20
0.2000000000000002
 30
0.0
 40
0.05
100
AcDbArc
 50
269.9995
 51
90.00054
  0
LINE
  5
347
330
343
100
AcDbEntity
  8
SILKSCRN
 62
     7
370
    -1
100
AcDbLine
 10
-0.0499999999999998
 20
0.3499999999999996
 30
0.0
 11
-0.0499999999999998
 21
0.0499999999999998
 31
0.0
  0
LINE
  5
348
330
343
100
AcDbEntity
  8
SILKSCRN
 62
     7
370
    -1
100
AcDbLine
 10
0.3500000000000001
 20
0.3499999999999996
 30
0.0
 11
-0.0499999999999998
 21
0.3499999999999996
 31
0.0
  0
LINE
  5
349
330
343
100
AcDbEntity
  8
SILKSCRN
 62
     7
370
    -1
100
AcDbLine
 10
-0.0499999999999998
 20
0.0499999999999998
 30
0.0
 11
0.3500000000000001
 21
0.0499999999999998
 31
0.0
  0
ENDBLK
  5
34B
330
343
100
AcDbEntity
  8
0
370
    -1
100
AcDbBlockEnd
  0
BLOCK
  5
4205
330
41EE
100
AcDbEntity
  8
0
100
AcDbBlockBegin
  2
A$C4611cd85
 70
     0
 10
0.0
 20
0.0
 30
0.0
  3
A$C4611cd85
  1

  0
LINE
  5
41EF
330
41EE
100
AcDbEntity
  8
AHTM
 62
     3
100
AcDbLine
 10
0.2554046512983348
 20
0.2229111228058631
 30
0.0
 11
0.2554046512983348
 21
0.0797413992112759
 31
0.0
  0
LWPOLYLINE
  5
41F0
330
41EE
100
AcDbEntity
  8
AHTM
 62
     3
100
AcDbPolyline
 90
        3
 70
     0
 43
0.0
 10
0.1304173930206751
 20
0.5911564014782833
 10
0.1304173930206751
 20
0.1528671231641319
 10
0.2554046512983348
 20
0.1528671231641319
  0
LWPOLYLINE
  5
41F1
330
41EE
100
AcDbEntity
  8
AHTM
 62
     3
100
AcDbPolyline
 90
        4
 70
     1
 43
0.0
 10
0.254869680423532
 20
0.0
 10
0.2861245112944601
 20
0.0399034037429002
 10
0.2548638503860587
 20
0.0804427183024172
 10
0.2236148495525896
 20
0.0399034037429002
  0
LINE
  5
41F2
330
41EE
100
AcDbEntity
  8
AHTM
 62
     3
100
AcDbLine
 10
0.1304173930206751
 20
1.267055788468305
 30
0.0
 11
0.1304173930206751
 21
0.9182093345023121
 31
0.0
  0
LWPOLYLINE
  5
41F3
330
41EE
100
AcDbEntity
  8
AHTM
 62
     3
100
AcDbPolyline
 90
        4
 70
     1
 43
0.0
 10
0.254869680423532
 20
0.2222281193080606
 10
0.2861245112944601
 20
0.2621315230509582
 10
0.2548638503860587
 20
0.302670837610477
 10
0.2236148495525896
 20
0.2621315230509582
  0
LINE
  5
41F4
330
41EE
100
AcDbEntity
  8
AHTM
 62
     3
100
AcDbLine
 10
0.2554046512983348
 20
0.3925372720307561
 30
0.0
 11
0.2554046512983348
 21
0.3019695185193356
 31
0.0
  0
LWPOLYLINE
  5
41F5
330
41EE
100
AcDbEntity
  8
AHTM
 62
     3
100
AcDbPolyline
 90
        4
 70
     1
 43
0.0
 10
0.1569348370798238
 20
0.6409788784054227
 10
0.0989009783891071
 20
0.6409788784054227
 10
0.0989009783891071
 20
0.5911564014782833
 10
0.1569348370798238
 20
0.5911564014782833
  0
LWPOLYLINE
  5
41F6
330
41EE
100
AcDbEntity
  8
AHTM
 62
     3
100
AcDbPolyline
 90
        4
 70
     1
 43
0.0
 10
0.1298824221458688
 20
0.838467935291038
 10
0.1611372530168076
 20
0.8783713390339356
 10
0.1298765921084026
 20
0.9189106535934535
 10
0.098627591274937
 20
0.8783713390339356
  0
LINE
  5
41F7
330
41EE
100
AcDbEntity
  8
AHTM
 62
     3
100
AcDbLine
 10
0.1304173930206751
 20
0.839150938788837
 30
0.0
 11
0.1304173930206751
 21
0.6409788784054227
 31
0.0
  0
LINE
  5
41F8
330
41EE
100
AcDbEntity
  8
AHTM
 62
     7
100
AcDbLine
 10
0.2513745582561384
 20
1.04339746748339
 30
0.0
 11
0.2961317136682133
 21
1.04339746748339
 31
0.0
  0
LINE
  5
41F9
330
41EE
100
AcDbEntity
  8
AHTM
 62
     7
100
AcDbLine
 10
0.2599424933002297
 20
1.032458685804518
 30
0.0
 11
0.2875637786241221
 21
1.032458685804518
 31
0.0
  0
LINE
  5
41FA
330
41EE
100
AcDbEntity
  8
AHTM
 62
     7
100
AcDbLine
 10
0.2683968300214481
 20
1.021664936417154
 30
0.0
 11
0.2791094419029001
 21
1.021664936417154
 31
0.0
  0
TEXT
  5
41FB
330
41EE
100
AcDbEntity
  8
AHTM
100
AcDbText
 10
-0.0088368647429746
 20
1.312131034690354
 30
0.0
 40
0.0618580532008332
  1
SPID2
  7
ROMANS
100
AcDbText
  0
LINE
  5
41FC
330
41EE
100
AcDbEntity
  8
AHTM
 62
     3
100
AcDbLine
 10
0.2737425527885691
 20
1.043285704962051
 30
0.0
 11
0.2737425527885691
 21
1.083263218612147
 31
0.0
  0
LINE
  5
41FD
330
41EE
100
AcDbEntity
  8
AHTM
 62
     3
100
AcDbLine
 10
0.1304173930206751
 20
1.083263218612147
 30
0.0
 11
0.1769791242054168
 21
1.083263218612147
 31
0.0
  0
LWPOLYLINE
  5
41FE
330
41EE
100
AcDbEntity
  8
AHTM
 62
     3
100
AcDbPolyline
 90
        4
 70
     1
 43
0.0
 10
0.1985143936279279
 20
1.055768891286331
 10
0.2203927752375812
 20
1.083701273906359
 10
0.1985103126016945
 20
1.112078794098023
 10
0.1766360120182711
 20
1.083701273906359
  0
LINE
  5
41FF
330
41EE
100
AcDbEntity
  8
AHTM
 62
     3
100
AcDbLine
 10
0.2200496630504354
 20
1.083263218612147
 30
0.0
 11
0.2737425527885691
 21
1.083263218612147
 31
0.0
  0
TEXT
  5
4200
330
41EE
100
AcDbEntity
  8
AHTM
 62
     7
100
AcDbText
 10
0.1818704998622351
 20
1.14132295195852
 30
0.0
 40
0.0463935399006249
  1
401
100
AcDbText
  0
TEXT
  5
4201
330
41EE
100
AcDbEntity
  8
AHTM
100
AcDbText
 10
0.209962118975028
 20
0.8448056272878164
 30
0.0
 40
0.0510328938906874
  1
403
100
AcDbText
  0
TEXT
  5
4202
330
41EE
100
AcDbEntity
  8
AHTM
100
AcDbText
 10
0.2013457400271967
 20
0.5887608454094995
 30
0.0
 40
0.0510328938906874
  1
405
100
AcDbText
  0
TEXT
  5
4203
330
41EE
100
AcDbEntity
  8
AHTM
100
AcDbText
 10
0.3322202164082988
 20
0.2372072274139052
 30
0.0
 40
0.0510328938906874
  1
404
100
AcDbText
  0
TEXT
  5
4204
330
41EE
100
AcDbEntity
  8
AHTM
100
AcDbText
 10
0.3253693763974859
 20
0.0083263249335337
 30
0.0
 40
0.0510328938906874
  1
406
100
AcDbText
  0
ENDBLK
  5
4206
330
41EE
100
AcDbEntity
  8
0
100
AcDbBlockEnd
  0
ENDSEC
  0
SECTION
  2
ENTITIES
  0
TEXT
  5
27
330
18
100
AcDbEntity
  8
0
370
    -1
100
AcDbText
 10
1.216290888143136
 20
2.447087180480258
 30
0.0
 40
0.1
  1
ARJURIN
  7
ROMANS
100
AcDbText
  0
TEXT
  5
28
330
18
100
AcDbEntity
  8
0
 62
     4
370
    -1
100
AcDbText
 10
3.766706197241652
 20
6.888705724843227
 30
0.0
 40
0.2
  1
Jabatan Operasi Sistem 
  7
ROMANT
100
AcDbText
  0
LWPOLYLINE
  5
29
330
18
100
AcDbEntity
  8
0
 62
     1
370
    -1
100
AcDbPolyline
 90
       21
 70
     0
 43
0.032
 10
11.5463579317142
 20
7.119087431593858
 42
0.6068742185565378
 10
11.56470470906132
 20
7.083836137457649
 10
11.64899232697933
 20
7.083836137457649
 42
-0.6348469149029687
 10
11.66624255340552
 20
7.047146641726687
 10
11.54611824227443
 20
6.902133017361201
 42
-0.6990503466437138
 10
11.50646901390413
 20
6.916211061186956
 10
11.50561321935536
 20
7.006864979595772
 42
0.4114513579010747
 10
11.48321421741126
 20
7.029053527690571
 10
11.39530954313548
 20
7.029053527690571
 42
-0.4124384063757952
 10
11.3729099550582
 20
7.05131768230687
 10
11.37196307906151
 20
7.207448363442506
 42
-0.4151947981154896
 10
11.39430183827837
 20
7.229984126233411
 10
11.7976642079531
 20
7.231079490686611
 42
-0.4150091604474593
 10
11.82012503681351
 20
7.208679573279404
 10
11.82012503681351
 20
7.051453527690571
 42
-0.4142135623730951
 10
11.79772503681351
 20
7.029053527690571
 10
11.72070485709341
 20
7.029053527690571
 42
0.4142135623730951
 10
11.69830485709341
 20
7.00665352769057
 10
11.69830485709341
 20
6.861540484487819
 42
-0.4142135623730951
 10
11.67590485709341
 20
6.839140484487817
 10
11.50582897533825
 20
6.839140484487817
  0
SOLID
  5
40
330
18
100
AcDbEntity
  8
0
 62
     1
370
    -1
100
AcDbTrace
 10
11.60286287792044
 20
7.20057578693328
 30
0.0
 11
11.53276136117551
 21
7.127518558657432
 31
0.0
 12
11.60286287792044
 22
7.20057578693328
 32
0.0
 13
11.55929979330545
 23
7.11000483939824
 33
0.0
  0
LWPOLYLINE
  5
41
330
18
100
AcDbEntity
  8
0
 62
     1
370
    -1
100
AcDbPolyline
 90
        2
 70
     0
 43
0.032
 10
11.50582897533825
 20
6.773266727806453
 10
11.71048687474151
 20
6.773266727806453
  0
TEXT
  5
45
330
18
100
AcDbEntity
  8
0
370
    -1
100
AcDbText
 10
0.2866704114457281
 20
6.324864778815677
 30
0.0
 40
0.0768
  1
Substation:
  7
ROMANS
100
AcDbText
  0
TEXT
  5
46
330
18
100
AcDbEntity
  8
0
370
    -1
100
AcDbText
 10
0.2866704114457299
 20
5.862255839802413
 30
0.0
 40
0.0768
  1
Mneumonic:
  7
ROMANS
100
AcDbText
  0
TEXT
  5
47
330
18
100
AcDbEntity
  8
0
370
    -1
100
AcDbText
 10
0.2866704114457281
 20
5.086812671854043
 30
0.0
 40
0.0768
  1
Drawing No.:
  7
ROMANS
100
AcDbText
  0
TEXT
  5
48
330
18
100
AcDbEntity
  8
0
370
    -1
100
AcDbText
 10
0.2866704114457299
 20
4.72262453413515
 30
0.0
 40
0.0768
  1
Date Drawn:
  7
ROMANS
100
AcDbText
  0
TEXT
  5
49
330
18
100
AcDbEntity
  8
0
370
    -1
100
AcDbText
 10
0.2866704114457281
 20
4.357852609186934
 30
0.0
 40
0.0768
  1
Date Updated:
  7
ROMANS
100
AcDbText
  0
TEXT
  5
4A
330
18
100
AcDbEntity
  8
0
370
    -1
100
AcDbText
 10
0.2866704114457299
 20
2.465104701269783
 30
0.0
 40
0.0768
  1
Drawn by:
  7
ROMANS
100
AcDbText
  0
TEXT
  5
4B
330
18
100
AcDbEntity
  8
0
370
    -1
100
AcDbText
 10
0.2866704114457299
 20
1.724002823041309
 30
0.0
 40
0.0768
  1
Approved by:
  7
ROMANS
100
AcDbText
  0
TEXT
  5
4C
330
18
100
AcDbEntity
  8
0
370
    -1
100
AcDbText
 10
0.2961705538735515
 20
3.980735081590594
 30
0.0
 40
0.0768
  1
Revision:
  7
ROMANS
100
AcDbText
  0
TEXT
  5
4D
330
18
100
AcDbEntity
  8
0
370
    -1
100
AcDbText
 10
0.290815128963839
 20
5.477460504002861
 30
0.0
 40
0.0768
  1
Voltage:
  7
ROMANS
100
AcDbText
  0
TEXT
  5
4E
330
18
100
AcDbEntity
  8
0
370
    -1
100
AcDbText
 10
1.414201026573066
 20
5.463911866733036
 30
0.0
 40
0.09216
  1
132kV
  7
ROMANS
100
AcDbText
  0
LWPOLYLINE
  5
4F
330
18
100
AcDbEntity
  8
0
 62
   253
370
    -1
100
AcDbPolyline
 90
        2
 70
     0
 43
0.04
 10
0.2284128135494718
 20
6.627836140508309
 10
12.17114107220839
 20
6.627836140508309
  0
LWPOLYLINE
  5
53
330
18
100
AcDbEntity
  8
0
 62
   253
370
    -1
100
AcDbPolyline
 90
        2
 70
     0
 43
0.04
 10
0.2284128135494736
 20
1.366966557313901
 10
12.17114107220839
 20
1.366966557313901
  0
LWPOLYLINE
  5
57
330
18
100
AcDbEntity
  8
0
 62
    93
370
    -1
100
AcDbPolyline
 90
        4
 70
     1
 43
0.04
 10
0.2284128135494718
 20
7.345227433963565
 10
12.17114107220839
 20
7.345227433963565
 10
12.17114107220839
 20
0.2147926218377505
 10
0.2284128135494718
 20
0.2147926218377505
  0
LWPOLYLINE
  5
5D
330
18
100
AcDbEntity
  8
0
 62
    60
370
    -1
100
AcDbPolyline
 90
        4
 70
     1
 43
0.0
 10
1.160403795710002
 20
4.657922134612701
 10
2.747350601230657
 20
4.657922134612701
 10
2.747350601230657
 20
4.860367018085821
 10
1.160403795710002
 20
4.86036701808582
  0
LWPOLYLINE
  5
63
330
18
100
AcDbEntity
  8
0
 62
    60
370
    -1
100
AcDbPolyline
 90
        4
 70
     1
 43
0.0
 10
1.160403795710002
 20
4.28158463887754
 10
2.747350601230657
 20
4.28158463887754
 10
2.747350601230657
 20
4.484029522350658
 10
1.160403795710002
 20
4.484029522350658
  0
LWPOLYLINE
  5
69
330
18
100
AcDbEntity
  8
0
 62
    60
370
    -1
100
AcDbPolyline
 90
        4
 70
     1
 43
0.0
 10
2.644124538688599
 20
1.851009027595556
 10
1.162651982473887
 20
1.851009027595556
 10
1.162651982473887
 20
1.648564144122436
 10
2.644124538688599
 20
1.648564144122437
  0
LWPOLYLINE
  5
6F
330
18
100
AcDbEntity
  8
0
 62
    60
370
    -1
100
AcDbPolyline
 90
        4
 70
     1
 43
0.0
 10
2.644124538688599
 20
2.238860410761576
 10
1.162651982473887
 20
2.238860410761576
 10
1.162651982473887
 20
2.036415527288457
 10
2.644124538688599
 20
2.036415527288457
  0
TEXT
  5
75
330
18
100
AcDbEntity
  8
0
370
    -1
100
AcDbText
 10
7.23180517589782
 20
1.219158776221248
 30
0.0
 40
0.08
  1
REMARKS:
  7
ITALICT
100
AcDbText
  0
TEXT
  5
76
330
18
100
AcDbEntity
  8
0
370
    -1
100
AcDbText
 10
2.134899084646108
 20
1.227458647208045
 30
0.0
 40
0.09
  1
Transformer Rating
  7
ROMANS
100
AcDbText
  0
TEXT
  5
9F
330
18
100
AcDbEntity
  8
0
370
    -1
100
AcDbText
 10
0.2866704114457281
 20
2.105418233416129
 30
0.0
 40
0.0768
  1
Checked by:
  7
ROMANS
100
AcDbText
  0
LWPOLYLINE
  5
A0
330
18
100
AcDbEntity
  8
0
 62
    60
370
    -1
100
AcDbPolyline
 90
        5
 70
     0
 43
0.0
 10
2.08478678743111
 20
5.610232380453803
 10
1.165309209674839
 20
5.610232380453803
 10
1.165309209674839
 20
5.407787496980684
 10
2.085351766277245
 20
5.407787496980684
 10
2.085351766277246
 20
5.610232380453803
  0
LWPOLYLINE
  5
A7
330
18
100
AcDbEntity
  8
0
 62
    60
370
    -1
100
AcDbPolyline
 90
        4
 70
     1
 43
0.0
 10
1.163392365868988
 20
5.035071786989831
 10
2.68869977266824
 20
5.035071786989831
 10
2.68869977266824
 20
5.23751667046295
 10
1.163392365868988
 20
5.23751667046295
  0
LWPOLYLINE
  5
AD
330
18
100
AcDbEntity
  8
0
 62
    60
370
    -1
100
AcDbPolyline
 90
        4
 70
     1
 43
0.0
 10
2.639682058526692
 20
2.598122680609843
 10
1.162651982473887
 20
2.598122680609843
 10
1.162651982473887
 20
2.395677797136723
 10
2.639682058526692
 20
2.395677797136723
  0
LWPOLYLINE
  5
B3
330
18
100
AcDbEntity
  8
0
 62
    60
370
    -1
100
AcDbPolyline
 90
        4
 70
     1
 43
0.0
 10
1.163392365868988
 20
5.794358097170419
 10
1.635499811483539
 20
5.794358097170419
 10
1.635499811483539
 20
5.996802980643538
 10
1.163392365868988
 20
5.996802980643538
  0
TEXT
  5
B9
330
18
100
AcDbEntity
  8
0
370
    -1
100
AcDbText
 10
1.243218175882028
 20
1.702429171535515
 30
0.0
 40
0.1
  1
YUSROSLIZA
  7
ROMANS
100
AcDbText
  0
TEXT
  5
BA
330
18
100
AcDbEntity
  8
0
370
    -1
100
AcDbText
 10
1.22336673921791
 20
2.090149468451378
 30
0.0
 40
0.1
  1
SYARMIZAL
  7
ROMANS
100
AcDbText
  0
LWPOLYLINE
  5
BB
330
18
100
AcDbEntity
  8
0
 62
    30
370
    -1
100
AcDbPolyline
 90
        2
 70
     0
 43
0.025
 10
2.823187224500361
 20
6.627836140508307
 10
2.823187224500361
 20
1.366966557313901
  0
LWPOLYLINE
  5
BF
330
18
100
AcDbEntity
  8
0
 62
    30
370
    -1
100
AcDbPolyline
 90
        2
 70
     0
 43
0.025
 10
4.975057780694315
 20
1.366966557313901
 10
4.975057780694315
 20
0.2147926218377505
  0
LWPOLYLINE
  5
C3
330
18
100
AcDbEntity
  8
0
 62
    60
370
    -1
100
AcDbPolyline
 90
        4
 70
     1
 43
0.0
 10
2.734877237714848
 20
6.543189897809382
 10
1.037704949166647
 20
6.543189897809382
 10
1.037704949166647
 20
6.153125993947033
 10
2.734877237714848
 20
6.153125993947033
  0
TEXT
  5
C9
330
18
100
AcDbEntity
  8
0
370
    -1
100
AcDbText
 10
0.9019112910285867
 20
0.8297274523360354
 30
0.0
 40
0.0768
  1
132/33 kV
  7
ROMANS
100
AcDbText
  0
LWPOLYLINE
  5
CA
330
18
100
AcDbEntity
  8
0
 62
     4
370
    -1
100
AcDbPolyline
 90
        4
 70
     1
 43
0.0
 10
2.349541886948266
 20
0.9539857249765122
 10
1.56107174212037
 20
0.9539857249765122
 10
1.56107174212037
 20
0.785281655415579
 10
2.349541886948266
 20
0.785281655415579
  0
LWPOLYLINE
  5
D0
330
18
100
AcDbEntity
  8
0
 62
     4
370
    -1
100
AcDbPolyline
 90
        4
 70
     1
 43
0.0
 10
3.202344190149574
 20
0.9539857249765122
 10
2.827349484049918
 20
0.9539857249765122
 10
2.827349484049918
 20
0.785281655415579
 10
3.202344190149574
 20
0.785281655415579
  0
LWPOLYLINE
  5
D6
330
18
100
AcDbEntity
  8
0
 62
     4
370
    -1
100
AcDbPolyline
 90
        4
 70
     1
 43
0.0
 10
4.190277669762965
 20
0.9539857249765122
 10
3.731811621024782
 20
0.9539857249765122
 10
3.731811621024782
 20
0.785281655415579
 10
4.190277669762965
 20
0.785281655415579
  0
LWPOLYLINE
  5
DC
330
18
100
AcDbEntity
  8
0
 62
     4
370
    -1
100
AcDbPolyline
 90
        4
 70
     1
 43
0.0
 10
3.202358766704178
 20
0.7273985841831863
 10
2.827364060604522
 20
0.7273985841831863
 10
2.827364060604522
 20
0.5586945146222531
 10
3.202358766704178
 20
0.5586945146222531
  0
LWPOLYLINE
  5
E8
330
18
100
AcDbEntity
  8
0
 62
     4
370
    -1
100
AcDbPolyline
 90
        4
 70
     1
 43
0.0
 10
4.192001819387309
 20
0.7273985841831863
 10
3.742800005188901
 20
0.7273985841831863
 10
3.742800005188901
 20
0.5586945146222531
 10
4.192001819387309
 20
0.5586945146222531
  0
TEXT
  5
F5
330
18
100
AcDbEntity
  8
0
370
    -1
100
AcDbText
 10
0.9233230366409555
 20
0.6053967512545138
 30
0.0
 40
0.0768
  1
132/11kV
  7
ROMANS
100
AcDbText
  0
LWPOLYLINE
  5
FC
330
18
100
AcDbEntity
  8
0
 62
     4
370
    -1
100
AcDbPolyline
 90
        4
 70
     1
 43
0.0
 10
2.341171976196113
 20
0.7273985841831863
 10
1.552701831368217
 20
0.7273985841831863
 10
1.552701831368217
 20
0.5586945146222531
 10
2.341171976196113
 20
0.5586945146222531
  0
TEXT
  5
104
330
18
100
AcDbEntity
  8
0
370
    -1
100
AcDbText
 10
2.481320982249575
 20
0.6637472628966901
 30
0.0
 40
0.0767999999999999
  1
Cap.:
  7
ROMANS
100
AcDbText
  0
TEXT
  5
105
330
18
100
AcDbEntity
  8
0
370
    -1
100
AcDbText
 10
2.481320982249575
 20
0.7670769889018185
 30
0.0
 40
0.0767999999999999
  1
Total
  7
ROMANS
100
AcDbText
  0
TEXT
  5
107
330
18
100
AcDbEntity
  8
0
370
    -1
100
AcDbText
 10
3.289477322817058
 20
0.6641706446225433
 30
0.0
 40
0.0768
  1
Group:
  7
ROMANS
100
AcDbText
  0
TEXT
  5
108
330
18
100
AcDbEntity
  8
0
370
    -1
100
AcDbText
 10
3.289477322817058
 20
0.7708882439310631
 30
0.0
 40
0.0768
  1
Vector
  7
ROMANS
100
AcDbText
  0
LWPOLYLINE
  5
109
330
18
100
AcDbEntity
  8
0
 62
    60
370
    -1
100
AcDbPolyline
 90
        4
 70
     1
 43
0.0
 10
1.163392365868988
 20
3.909053171848952
 10
1.635499811483539
 20
3.909053171848952
 10
1.635499811483539
 20
4.111498055322071
 10
1.163392365868988
 20
4.111498055322071
  0
LWPOLYLINE
  5
10F
330
18
100
AcDbEntity
  8
0
 62
    60
370
    -1
100
AcDbPolyline
 90
        4
 70
     1
 43
0.0
 10
2.644124538688599
 20
3.736313616967872
 10
1.162651982473887
 20
3.736313616967872
 10
1.162651982473887
 20
3.533868733494753
 10
2.644124538688599
 20
3.533868733494754
  0
TEXT
  5
115
330
18
100
AcDbEntity
  8
0
370
    -1
100
AcDbText
 10
0.2866704114457299
 20
3.614292763095908
 30
0.0
 40
0.0768
  1
Area:
  7
ROMANS
100
AcDbText
  0
LWPOLYLINE
  5
116
330
18
100
AcDbEntity
  8
0
 62
   140
370
    -1
100
AcDbPolyline
 90
        6
 70
     0
 43
0.02
 10
2.054113147949137
 20
1.259892817532406
 10
0.3140760303443573
 20
1.259892817532406
 10
0.3140760303443573
 20
0.2857817718148388
 10
4.900187164756008
 20
0.2857817718148392
 10
4.900187164756008
 20
1.259892817532406
 10
3.520674034656057
 20
1.259892817532406
  0
TEXT
  5
11E
330
18
100
AcDbEntity
  8
0
370
    -1
100
AcDbText
 10
5.09544165280947
 20
0.4906471423254708
 30
0.0
 40
0.08
  1
T3
  7
ROMANT
100
AcDbText
  0
TEXT
  5
11F
330
18
100
AcDbEntity
  8
0
370
    -1
100
AcDbText
 10
5.345588145975352
 20
1.227458647208045
 30
0.0
 40
0.09
  1
Commissioning Date
  7
ROMANS
100
AcDbText
  0
LWPOLYLINE
  5
120
330
18
100
AcDbEntity
  8
0
 62
    30
370
    -1
100
AcDbPolyline
 90
        2
 70
     0
 43
0.025
 10
7.176324525762965
 20
1.366966557313901
 10
7.176324525762965
 20
0.2147926218377505
  0
LINE
  5
124
330
18
100
AcDbEntity
  8
0
 62
     4
370
    -1
100
AcDbLine
 10
5.263981317644661
 20
0.6723058007902987
 30
0.0
 11
5.263981317644661
 21
0.4048650312159741
 31
0.0
  0
LWPOLYLINE
  5
125
330
18
100
AcDbEntity
  8
0
 62
     4
370
    -1
100
AcDbPolyline
 90
        4
 70
     1
 43
0.0
 10
6.024709274700752
 20
0.6723058007902987
 10
5.06658475057211
 20
0.6723058007902984
 10
5.06658475057211
 20
0.4048650312159741
 10
6.024709274700752
 20
0.4048650312159741
  0
LWPOLYLINE
  5
12B
330
18
100
AcDbEntity
  8
0
 62
     4
370
    -1
100
AcDbPolyline
 90
        4
 70
     1
 43
0.0
 10
6.024709274700752
 20
1.071157399939243
 10
5.06658475057211
 20
1.071157399939243
 10
5.06658475057211
 20
0.8037166303649186
 10
6.024709274700752
 20
0.8037166303649186
  0
TEXT
  5
131
330
18
100
AcDbEntity
  8
0
370
    -1
100
AcDbText
 10
5.09544165280947
 20
0.8894987414744151
 30
0.0
 40
0.08
  1
T1
  7
ROMANT
100
AcDbText
  0
LINE
  5
132
330
18
100
AcDbEntity
  8
0
 62
     4
370
    -1
100
AcDbLine
 10
5.263981317644661
 20
1.071157399939243
 30
0.0
 11
5.263981317644661
 21
0.8037166303649186
 31
0.0
  0
LWPOLYLINE
  5
133
330
18
100
AcDbEntity
  8
0
 62
     4
370
    -1
100
AcDbPolyline
 90
        4
 70
     1
 43
0.0
 10
7.067063840540538
 20
1.071157399939243
 10
6.108939316411895
 20
1.071157399939243
 10
6.108939316411895
 20
0.8037166303649186
 10
7.067063840540538
 20
0.8037166303649186
  0
LWPOLYLINE
  5
139
330
18
100
AcDbEntity
  8
0
 62
     4
370
    -1
100
AcDbPolyline
 90
        4
 70
     1
 43
0.0
 10
7.067063840540538
 20
0.6723058007902987
 10
6.108939316411895
 20
0.6723058007902984
 10
6.108939316411895
 20
0.4048650312159741
 10
7.067063840540538
 20
0.4048650312159741
  0
TEXT
  5
13F
330
18
100
AcDbEntity
  8
0
370
    -1
100
AcDbText
 10
6.137796218649255
 20
0.4906471423254708
 30
0.0
 40
0.08
  1
T4
  7
ROMANT
100
AcDbText
  0
LINE
  5
140
330
18
100
AcDbEntity
  8
0
 62
     4
370
    -1
100
AcDbLine
 10
6.306335883484445
 20
0.6723058007902987
 30
0.0
 11
6.306335883484445
 21
0.4048650312159741
 31
0.0
  0
LINE
  5
141
330
18
100
AcDbEntity
  8
0
 62
     4
370
    -1
100
AcDbLine
 10
6.306335883484445
 20
1.071157399939243
 30
0.0
 11
6.306335883484445
 21
0.8037166303649186
 31
0.0
  0
TEXT
  5
142
330
18
100
AcDbEntity
  8
0
370
    -1
100
AcDbText
 10
6.137796218649255
 20
0.8894987414744151
 30
0.0
 40
0.08
  1
T2
  7
ROMANT
100
AcDbText
  0
LWPOLYLINE
  5
143
330
18
100
AcDbEntity
  8
0
 62
    31
370
    -1
100
AcDbPolyline
 90
        3
 70
     0
 43
0.02
 10
5.032169186735145
 20
0.2671607098506021
 10
5.032169186735145
 20
1.259241675603833
 10
5.30247015570183
 20
1.259241675603833
  0
LWPOLYLINE
  5
148
330
18
100
AcDbEntity
  8
0
 62
    31
370
    -1
100
AcDbPolyline
 90
        4
 70
     0
 43
0.02
 10
6.786667824618918
 20
1.259241675603833
 10
7.125772620880067
 20
1.259241675603833
 10
7.125772620880067
 20
0.2671607098506021
 10
5.032169186735145
 20
0.2671607098506021
  0
TEXT
  5
14E
330
18
100
AcDbEntity
  8
AHTM
 62
     7
370
    -1
100
AcDbText
 10
5.316804916133994
 20
0.5021785716902143
 30
0.0
 40
0.0800000000000001
  1
16/03/14
  7
ROMANS
100
AcDbText
  0
TEXT
  5
14F
330
18
100
AcDbEntity
  8
AHTM
370
    -1
100
AcDbText
 10
8.70278323893501
 20
5.387260767758841
 30
0.0
 40
0.056
  1
 
100
AcDbText
  0
TEXT
  5
151
330
18
100
AcDbEntity
  8
0
370
    -1
100
AcDbText
 10
1.403075851576759
 20
5.858058122207307
 30
0.0
 40
0.3
  1
 
  7
ITALICT
100
AcDbText
  0
TEXT
  5
152
330
18
100
AcDbEntity
  8
AHTM
370
    -1
100
AcDbText
 10
1.232596392048226
 20
5.837682442005685
 30
0.0
 40
0.1
  1
AJYA
  7
ROMANS
100
AcDbText
  0
TEXT
  5
153
330
18
100
AcDbEntity
  8
AHTM
370
    -1
100
AcDbText
 10
1.28522003361667
 20
4.712498457569459
 30
0.0
 40
0.09
  1
17th. MARCH, 1998
100
AcDbText
  0
TEXT
  5
154
330
18
100
AcDbEntity
  8
AHTM
370
    -1
100
AcDbText
 10
1.329831037081039
 20
3.582641400773726
 30
0.0
 40
0.1
  1
BUTTERWORTH
  7
ROMANS
100
AcDbText
  0
TEXT
  5
155
330
18
100
AcDbEntity
  8
AHTM
 62
     7
370
    -1
100
AcDbText
 10
8.722928623886967
 20
6.872199464288892
 30
0.0
 40
0.07
  1
 
100
AcDbText
  0
TEXT
  5
15A
330
18
100
AcDbEntity
  8
AHTM
370
    -1
100
AcDbText
 10
1.221653005583516
 20
3.963432850242269
 30
0.0
 40
0.1
  1
1/14
  7
ROMANS
100
AcDbText
  0
TEXT
  5
15B
330
18
100
AcDbEntity
  8
AHTM
370
    -1
100
AcDbText
 10
1.342637177007076
 20
6.272767088316198
 30
0.0
 40
0.1228699598567389
  1
AMAN JAYA
  7
ROMANT
100
AcDbText
  0
TEXT
  5
15C
330
18
100
AcDbEntity
  8
AHTM
 62
     7
370
    -1
100
AcDbText
 10
1.215769539766468
 20
0.4303202029802147
 30
0.0
 40
0.08
  1

  7
ROMANS
100
AcDbText
  0
TEXT
  5
15D
330
18
100
AcDbEntity
  8
AHTM
 62
     7
370
    -1
100
AcDbText
 10
2.929312053481414
 20
0.8307299782072692
 30
0.0
 40
0.08
  1
90
  7
ROMANS
100
AcDbText
  0
TEXT
  5
15E
330
18
100
AcDbEntity
  8
AHTM
 62
     7
370
    -1
100
AcDbText
 10
3.872847932654365
 20
0.8362424533348047
 30
0.0
 40
0.08
  1
Yd1
  7
ROMANS
100
AcDbText
  0
LINE
  5
167
330
18
100
AcDbEntity
  8
AHTM
 62
     3
370
    -1
100
AcDbLine
 10
3.910247130499874
 20
5.624809895786592
 30
0.0
 11
3.910247130499874
 21
5.671246358658673
 31
0.0
  0
LINE
  5
168
330
18
100
AcDbEntity
  8
AHTM
 62
     7
370
    -1
100
AcDbLine
 10
3.884265260873878
 20
5.624939715170013
 30
0.0
 11
3.936253586204551
 21
5.624939715170013
 31
0.0
  0
LWPOLYLINE
  5
169
330
18
100
AcDbEntity
  8
AHTM
 62
     3
370
    -1
100
AcDbPolyline
 90
        4
 70
     1
 43
0.0
 10
3.774567428126271
 20
5.157504545631669
 10
3.707157354853525
 20
5.157504545631669
 10
3.707157354853525
 20
5.099632522366996
 10
3.774567428126271
 20
5.099632522366996
  0
LWPOLYLINE
  5
16F
330
18
100
AcDbEntity
  8
AHTM
 62
     3
370
    -1
100
AcDbPolyline
 90
        4
 70
     1
 43
0.0
 10
3.743144301798912
 20
5.386900834204732
 10
3.779448805526041
 20
5.433251213635401
 10
3.74313752983403
 20
5.480340244531102
 10
3.706839798071784
 20
5.433251213635401
  0
LINE
  5
175
330
18
100
AcDbEntity
  8
AHTM
 62
     7
370
    -1
100
AcDbLine
 10
3.894217470534731
 20
5.612233614091723
 30
0.0
 11
3.9263013765437
 21
5.612233614091723
 31
0.0
  0
LINE
  5
176
330
18
100
AcDbEntity
  8
AHTM
 62
     7
370
    -1
100
AcDbLine
 10
3.904037728410175
 20
5.599695977382652
 30
0.0
 11
3.916481118668257
 21
5.599695977382652
 31
0.0
  0
LWPOLYLINE
  5
177
330
18
100
AcDbEntity
  8
AHTM
 62
     3
370
    -1
100
AcDbPolyline
 90
        4
 70
     1
 43
0.0
 10
3.822864767245024
 20
5.639309922560301
 10
3.848277919854014
 20
5.67175518816177
 10
3.822860026869608
 20
5.704717509788761
 10
3.797451614636035
 20
5.67175518816177
  0
LINE
  5
17D
330
18
100
AcDbEntity
  8
AHTM
 62
     3
370
    -1
100
AcDbLine
 10
3.7437657050053
 20
5.671246358658673
 30
0.0
 11
3.797850161591175
 21
5.671246358658673
 31
0.0
  0
LINE
  5
17E
330
18
100
AcDbEntity
  8
AHTM
 62
     3
370
    -1
100
AcDbLine
 10
3.847879372898875
 20
5.671246358658673
 30
0.0
 11
3.910247130499874
 21
5.671246358658673
 31
0.0
  0
LINE
  5
17F
330
18
100
AcDbEntity
  8
AHTM
 62
     3
370
    -1
100
AcDbLine
 10
3.7437657050053
 20
5.387694186859045
 30
0.0
 11
3.7437657050053
 21
5.157504545631669
 31
0.0
  0
LINE
  5
180
330
18
100
AcDbEntity
  8
AHTM
 62
     3
370
    -1
100
AcDbLine
 10
3.888946474106968
 20
4.413759552320347
 30
0.0
 11
3.888946474106968
 21
4.310450313178832
 31
0.0
  0
LWPOLYLINE
  5
181
330
18
100
AcDbEntity
  8
AHTM
 62
     3
370
    -1
100
AcDbPolyline
 90
        4
 70
     1
 43
0.0
 10
3.888325070900581
 20
4.412966199666032
 10
3.924629574627711
 20
4.459316579096703
 10
3.888318298935701
 20
4.506405609992402
 10
3.852020567173453
 20
4.459316579096703
  0
LINE
  5
187
330
18
100
AcDbEntity
  8
AHTM
 62
     3
370
    -1
100
AcDbLine
 10
3.888946474106968
 20
4.868923581560894
 30
0.0
 11
3.888946474106968
 21
4.763723289212781
 31
0.0
  0
LWPOLYLINE
  5
188
330
18
100
AcDbEntity
  8
AHTM
 62
     3
370
    -1
100
AcDbPolyline
 90
        4
 70
     1
 43
0.0
 10
3.888325070900581
 20
4.671098506284761
 10
3.924629574627711
 20
4.71744888571543
 10
3.888318298935701
 20
4.764537916611131
 10
3.852020567173453
 20
4.71744888571543
  0
LINE
  5
18E
330
18
100
AcDbEntity
  8
AHTM
 62
     3
370
    -1
100
AcDbLine
 10
3.888946474106968
 20
4.671891858939075
 30
0.0
 11
3.888946474106968
 21
4.505590982594053
 31
0.0
  0
LINE
  5
18F
330
18
100
AcDbEntity
  8
AHTM
 62
     3
370
    -1
100
AcDbLine
 10
3.7437657050053
 20
5.884733293363758
 30
0.0
 11
3.7437657050053
 21
5.479525617132753
 31
0.0
  0
LINE
  5
190
330
18
100
AcDbEntity
  8
AHTM
 62
     3
370
    -1
100
AcDbLine
 10
6.978766080896807
 20
4.671891858939075
 30
0.0
 11
6.978766080896807
 21
4.62429051931271
 31
0.0
  0
LWPOLYLINE
  5
191
330
18
100
AcDbEntity
  8
AHTM
 62
     3
370
    -1
100
AcDbPolyline
 90
        4
 70
     1
 43
0.0
 10
6.978144677690419
 20
4.671098506284761
 10
7.014449181417548
 20
4.71744888571543
 10
6.978137905725537
 20
4.764537916611131
 10
6.94184017396329
 20
4.71744888571543
  0
LINE
  5
197
330
18
100
AcDbEntity
  8
AHTM
 62
     3
370
    -1
100
AcDbLine
 10
6.978766080896807
 20
4.868923581560894
 30
0.0
 11
6.978766080896807
 21
4.763723289212781
 31
0.0
  0
LWPOLYLINE
  5
198
330
18
100
AcDbEntity
  8
AHTM
 62
     3
370
    -1
100
AcDbPolyline
 90
        4
 70
     1
 43
0.0
 10
6.978144677690419
 20
4.412966199666032
 10
7.014449181417548
 20
4.459316579096703
 10
6.978137905725537
 20
4.506405609992402
 10
6.94184017396329
 20
4.459316579096703
  0
LINE
  5
19E
330
18
100
AcDbEntity
  8
AHTM
 62
     3
370
    -1
100
AcDbLine
 10
6.978766080896807
 20
4.413759552320347
 30
0.0
 11
6.978766080896807
 21
4.310450313178832
 31
0.0
  0
LWPOLYLINE
  5
19F
330
18
100
AcDbEntity
  8
AHTM
 62
     3
370
    -1
100
AcDbPolyline
 90
        4
 70
     1
 43
0.0
 10
7.014109373894054
 20
4.62429051931271
 10
6.946699300621306
 20
4.62429051931271
 10
6.946699300621306
 20
4.566418496048032
 10
7.014109373894054
 20
4.566418496048032
  0
TEXT
  5
1A6
330
18
100
AcDbEntity
  8
AHTM
370
    -1
100
AcDbText
 10
1.237501924046471
 20
5.084830651426684
 30
0.0
 40
0.1
  1
1-NBK-AJYA-1285
100
AcDbText
  0
TEXT
  5
1AB
330
18
100
AcDbEntity
  8
AHTM
370
    -1
100
AcDbText
 10
7.038506828513247
 20
4.68747516762269
 30
0.0
 40
0.0592780007068807
  1
134
100
AcDbText
  0
TEXT
  5
1AC
330
18
100
AcDbEntity
  8
AHTM
370
    -1
100
AcDbText
 10
7.048515308895609
 20
4.564234967744311
 30
0.0
 40
0.0592780007068807
  1
130
100
AcDbText
  0
TEXT
  5
1AD
330
18
100
AcDbEntity
  8
AHTM
370
    -1
100
AcDbText
 10
7.028498348130882
 20
4.416551235832354
 30
0.0
 40
0.0592780007068807
  1
136
100
AcDbText
  0
TEXT
  5
1AF
330
18
100
AcDbEntity
  8
AHTM
370
    -1
100
AcDbText
 10
9.075464074740793
 20
4.061876032028993
 30
0.0
 40
0.0592780007068807
  1
132/11kV
  7
ROMANS
100
AcDbText
  0
TEXT
  5
1B0
330
18
100
AcDbEntity
  8
AHTM
370
    -1
100
AcDbText
 10
10.6573445547341
 20
4.830264399375709
 30
0.0
 40
0.0592780007068807
  1
132kV
100
AcDbText
  0
LINE
  5
1B1
330
18
100
AcDbEntity
  8
AHTM
 62
     3
370
    -1
100
AcDbLine
 10
6.978766080896807
 20
4.566418496048032
 30
0.0
 11
6.978766080896807
 21
4.505590982594053
 31
0.0
  0
LINE
  5
1B2
330
18
100
AcDbEntity
  8
AHTM
 62
     3
370
    -1
100
AcDbLine
 10
4.417012791757824
 20
3.872287201602687
 30
0.0
 11
4.417012791757824
 21
4.037883897072335
 31
0.0
  0
CIRCLE
  5
1B3
330
18
100
AcDbEntity
  8
AHTM
 62
     3
370
    -1
100
AcDbCircle
 10
4.417146220779781
 20
3.768355253564561
 30
0.0
 40
0.1030538267121982
  0
TEXT
  5
1B4
330
18
100
AcDbEntity
  8
AHTM
370
    -1
100
AcDbText
 10
4.494856936348329
 20
3.328711247710587
 30
0.0
 40
0.0592780007068807
  1
4T0
100
AcDbText
  0
TEXT
  5
1B5
330
18
100
AcDbEntity
  8
AHTM
370
    -1
100
AcDbText
 10
4.494856936348329
 20
4.039618756105334
 30
0.0
 40
0.0592780007068807
  1
410
100
AcDbText
  0
TEXT
  5
1B6
330
18
100
AcDbEntity
  8
AHTM
370
    -1
100
AcDbText
 10
4.629819777868098
 20
4.453328573506043
 30
0.0
 40
0.0592780007068807
  1
416
100
AcDbText
  0
TEXT
  5
1B7
330
18
100
AcDbEntity
  8
AHTM
370
    -1
100
AcDbText
 10
4.649836738632828
 20
4.719188517253007
 30
0.0
 40
0.0592780007068807
  1
414
100
AcDbText
  0
TEXT
  5
1B8
330
18
100
AcDbEntity
  8
AHTM
370
    -1
100
AcDbText
 10
4.58614640892687
 20
3.709789295612249
 30
0.0
 40
0.0718521220689463
  1
T4
100
AcDbText
  0
LINE
  5
1B9
330
18
100
AcDbEntity
  8
AHTM
 62
     1
370
    -1
100
AcDbLine
 10
4.417012791757824
 20
3.382693452487829
 30
0.0
 11
4.417012791757824
 21
3.573497688291548
 31
0.0
  0
LWPOLYLINE
  5
1BA
330
18
100
AcDbEntity
  8
AHTM
 62
     1
370
    -1
100
AcDbPolyline
 90
        4
 70
     1
 43
0.0
 10
4.447814514878795
 20
3.324821429223155
 10
4.38040444160605
 20
3.324821429223155
 10
4.38040444160605
 20
3.382693452487829
 10
4.447814514878795
 20
3.382693452487829
  0
CIRCLE
  5
1C0
330
18
100
AcDbEntity
  8
AHTM
 62
     1
370
    -1
100
AcDbCircle
 10
4.417146220779781
 20
3.676551428625045
 30
0.0
 40
0.1030538267121982
  0
LWPOLYLINE
  5
1C1
330
18
100
AcDbEntity
  8
AHTM
 62
     3
370
    -1
100
AcDbPolyline
 90
        4
 70
     1
 43
0.0
 10
4.447814514878795
 20
4.037883897072335
 10
4.38040444160605
 20
4.037883897072335
 10
4.38040444160605
 20
4.095755920337007
 10
4.447814514878795
 20
4.095755920337007
  0
LINE
  5
1C7
330
18
100
AcDbEntity
  8
AHTM
 62
     3
370
    -1
100
AcDbLine
 10
4.562193560859491
 20
4.781628890383657
 30
0.0
 11
4.562193560859491
 21
4.884938129525172
 31
0.0
  0
LWPOLYLINE
  5
1C8
330
18
100
AcDbEntity
  8
AHTM
 62
     3
370
    -1
100
AcDbPolyline
 90
        4
 70
     1
 43
0.0
 10
4.561572157653106
 20
4.782422243037971
 10
4.597876661380235
 20
4.736071863607301
 10
4.561565385688224
 20
4.688982832711599
 10
4.525267653925978
 20
4.736071863607301
  0
LINE
  5
1CE
330
18
100
AcDbEntity
  8
AHTM
 62
     3
370
    -1
100
AcDbLine
 10
4.562193560859491
 20
4.326464861143108
 30
0.0
 11
4.562193560859491
 21
4.431665153491222
 31
0.0
  0
LWPOLYLINE
  5
1CF
330
18
100
AcDbEntity
  8
AHTM
 62
     3
370
    -1
100
AcDbPolyline
 90
        4
 70
     1
 43
0.0
 10
4.561572157653106
 20
4.524289936419243
 10
4.597876661380235
 20
4.477939556988574
 10
4.561565385688224
 20
4.430850526092872
 10
4.525267653925978
 20
4.477939556988574
  0
LINE
  5
1D5
330
18
100
AcDbEntity
  8
AHTM
 62
     3
370
    -1
100
AcDbLine
 10
4.562193560859491
 20
4.523496583764929
 30
0.0
 11
4.562193560859491
 21
4.689797460109951
 31
0.0
  0
LINE
  5
1D6
330
18
100
AcDbEntity
  8
AHTM
 62
     1
370
    -1
100
AcDbLine
 10
4.417012791757824
 20
3.008802293830278
 30
0.0
 11
4.417012791757824
 21
3.324821429223155
 31
0.0
  0
LINE
  5
1D7
330
18
100
AcDbEntity
  8
AHTM
 62
     1
370
    -1
100
AcDbLine
 10
5.990384587011611
 20
3.008802293830278
 30
0.0
 11
5.990384587011611
 21
3.324821429223155
 31
0.0
  0
LINE
  5
1D8
330
18
100
AcDbEntity
  8
AHTM
 62
     3
370
    -1
100
AcDbLine
 10
6.135565356113281
 20
4.523496583764929
 30
0.0
 11
6.135565356113281
 21
4.689797460109951
 31
0.0
  0
LWPOLYLINE
  5
1D9
330
18
100
AcDbEntity
  8
AHTM
 62
     3
370
    -1
100
AcDbPolyline
 90
        4
 70
     1
 43
0.0
 10
6.134943952906895
 20
4.524289936419243
 10
6.171248456634022
 20
4.477939556988574
 10
6.134937180942013
 20
4.430850526092872
 10
6.098639449179763
 20
4.477939556988574
  0
LINE
  5
1DF
330
18
100
AcDbEntity
  8
AHTM
 62
     3
370
    -1
100
AcDbLine
 10
6.135565356113281
 20
4.326464861143108
 30
0.0
 11
6.135565356113281
 21
4.431665153491222
 31
0.0
  0
LWPOLYLINE
  5
1E0
330
18
100
AcDbEntity
  8
AHTM
 62
     3
370
    -1
100
AcDbPolyline
 90
        4
 70
     1
 43
0.0
 10
6.134943952906895
 20
4.782422243037971
 10
6.171248456634022
 20
4.736071863607301
 10
6.134937180942013
 20
4.688982832711599
 10
6.098639449179763
 20
4.736071863607301
  0
LINE
  5
1E6
330
18
100
AcDbEntity
  8
AHTM
 62
     3
370
    -1
100
AcDbLine
 10
6.135565356113281
 20
4.781628890383657
 30
0.0
 11
6.135565356113281
 21
4.884938129525172
 31
0.0
  0
LWPOLYLINE
  5
1E7
330
18
100
AcDbEntity
  8
AHTM
 62
     3
370
    -1
100
AcDbPolyline
 90
        4
 70
     1
 43
0.0
 10
6.021186310132582
 20
4.037883897072335
 10
5.953776236859836
 20
4.037883897072335
 10
5.953776236859836
 20
4.095755920337007
 10
6.021186310132582
 20
4.095755920337007
  0
CIRCLE
  5
1ED
330
18
100
AcDbEntity
  8
AHTM
 62
     1
370
    -1
100
AcDbCircle
 10
5.990518016033567
 20
3.676551428625045
 30
0.0
 40
0.1030538267121982
  0
LWPOLYLINE
  5
1EE
330
18
100
AcDbEntity
  8
AHTM
 62
     1
370
    -1
100
AcDbPolyline
 90
        4
 70
     1
 43
0.0
 10
6.021186310132582
 20
3.324821429223155
 10
5.953776236859836
 20
3.324821429223155
 10
5.953776236859836
 20
3.382693452487829
 10
6.021186310132582
 20
3.382693452487829
  0
LINE
  5
1F4
330
18
100
AcDbEntity
  8
AHTM
 62
     1
370
    -1
100
AcDbLine
 10
5.990384587011611
 20
3.382693452487829
 30
0.0
 11
5.990384587011611
 21
3.573497688291548
 31
0.0
  0
TEXT
  5
1F5
330
18
100
AcDbEntity
  8
AHTM
370
    -1
100
AcDbText
 10
6.159518204180658
 20
3.729046994521976
 30
0.0
 40
0.0718521220689463
  1
T3
100
AcDbText
  0
TEXT
  5
1F8
330
18
100
AcDbEntity
  8
AHTM
370
    -1
100
AcDbText
 10
6.068228731602118
 20
4.039618756105334
 30
0.0
 40
0.0592780007068807
  1
310
100
AcDbText
  0
TEXT
  5
1F9
330
18
100
AcDbEntity
  8
AHTM
370
    -1
100
AcDbText
 10
6.068228731602118
 20
3.328711247710587
 30
0.0
 40
0.0592780007068807
  1
3T0
100
AcDbText
  0
CIRCLE
  5
1FA
330
18
100
AcDbEntity
  8
AHTM
 62
     3
370
    -1
100
AcDbCircle
 10
5.990518016033567
 20
3.768355253564561
 30
0.0
 40
0.1030538267121982
  0
LINE
  5
1FB
330
18
100
AcDbEntity
  8
AHTM
 62
     3
370
    -1
100
AcDbLine
 10
5.990384587011611
 20
3.872287201602687
 30
0.0
 11
5.990384587011611
 21
4.037883897072335
 31
0.0
  0
LINE
  5
202
330
18
100
AcDbEntity
  8
AHTM
 62
     3
370
    -1
100
AcDbLine
 10
5.307892794535477
 20
5.884733293363758
 30
0.0
 11
5.307892794535477
 21
5.479525617132753
 31
0.0
  0
LINE
  5
203
330
18
100
AcDbEntity
  8
AHTM
 62
     3
370
    -1
100
AcDbLine
 10
5.453073563637147
 20
4.671891858939075
 30
0.0
 11
5.453073563637147
 21
4.505590982594053
 31
0.0
  0
LWPOLYLINE
  5
204
330
18
100
AcDbEntity
  8
AHTM
 62
     3
370
    -1
100
AcDbPolyline
 90
        4
 70
     1
 43
0.0
 10
5.452452160430761
 20
4.671098506284761
 10
5.488756664157889
 20
4.71744888571543
 10
5.452445388465879
 20
4.764537916611131
 10
5.416147656703632
 20
4.71744888571543
  0
LINE
  5
20A
330
18
100
AcDbEntity
  8
AHTM
 62
     3
370
    -1
100
AcDbLine
 10
5.453073563637147
 20
4.868923581560894
 30
0.0
 11
5.453073563637147
 21
4.763723289212781
 31
0.0
  0
LWPOLYLINE
  5
20B
330
18
100
AcDbEntity
  8
AHTM
 62
     3
370
    -1
100
AcDbPolyline
 90
        4
 70
     1
 43
0.0
 10
5.452452160430761
 20
4.412966199666032
 10
5.488756664157889
 20
4.459316579096703
 10
5.452445388465879
 20
4.506405609992402
 10
5.416147656703632
 20
4.459316579096703
  0
LINE
  5
211
330
18
100
AcDbEntity
  8
AHTM
 62
     3
370
    -1
100
AcDbLine
 10
5.453073563637147
 20
4.413759552320347
 30
0.0
 11
5.453073563637147
 21
4.310450313178832
 31
0.0
  0
LINE
  5
212
330
18
100
AcDbEntity
  8
AHTM
 62
     3
370
    -1
100
AcDbLine
 10
5.307892794535477
 20
5.387694186859044
 30
0.0
 11
5.307892794535477
 21
5.157504545631669
 31
0.0
  0
LINE
  5
213
330
18
100
AcDbEntity
  8
AHTM
 62
     3
370
    -1
100
AcDbLine
 10
5.412006462429053
 20
5.671246358658673
 30
0.0
 11
5.474374220030054
 21
5.671246358658673
 31
0.0
  0
LINE
  5
214
330
18
100
AcDbEntity
  8
AHTM
 62
     3
370
    -1
100
AcDbLine
 10
5.307892794535477
 20
5.671246358658673
 30
0.0
 11
5.361977251121353
 21
5.671246358658673
 31
0.0
  0
LWPOLYLINE
  5
215
330
18
100
AcDbEntity
  8
AHTM
 62
     3
370
    -1
100
AcDbPolyline
 90
        4
 70
     1
 43
0.0
 10
5.386991856775204
 20
5.639309922560301
 10
5.412405009384194
 20
5.67175518816177
 10
5.386987116399786
 20
5.704717509788761
 10
5.361578704166213
 20
5.67175518816177
  0
LINE
  5
21B
330
18
100
AcDbEntity
  8
AHTM
 62
     7
370
    -1
100
AcDbLine
 10
5.468164817940353
 20
5.599695977382652
 30
0.0
 11
5.480608208198435
 21
5.599695977382652
 31
0.0
  0
LINE
  5
21C
330
18
100
AcDbEntity
  8
AHTM
 62
     7
370
    -1
100
AcDbLine
 10
5.458344560064909
 20
5.612233614091723
 30
0.0
 11
5.490428466073879
 21
5.612233614091723
 31
0.0
  0
LWPOLYLINE
  5
21D
330
18
100
AcDbEntity
  8
AHTM
 62
     3
370
    -1
100
AcDbPolyline
 90
        4
 70
     1
 43
0.0
 10
5.30727139132909
 20
5.386900834204732
 10
5.34357589505622
 20
5.433251213635401
 10
5.30726461936421
 20
5.480340244531102
 10
5.270966887601962
 20
5.433251213635401
  0
LWPOLYLINE
  5
223
330
18
100
AcDbEntity
  8
AHTM
 62
     3
370
    -1
100
AcDbPolyline
 90
        4
 70
     1
 43
0.0
 10
5.33869451765645
 20
5.157504545631669
 10
5.271284444383704
 20
5.157504545631669
 10
5.271284444383704
 20
5.099632522366996
 10
5.33869451765645
 20
5.099632522366996
  0
LINE
  5
229
330
18
100
AcDbEntity
  8
AHTM
 62
     7
370
    -1
100
AcDbLine
 10
5.448392350404058
 20
5.624939715170011
 30
0.0
 11
5.500380675734731
 21
5.624939715170011
 31
0.0
  0
LINE
  5
22A
330
18
100
AcDbEntity
  8
AHTM
 62
     3
370
    -1
100
AcDbLine
 10
5.474374220030054
 20
5.624809895786592
 30
0.0
 11
5.474374220030054
 21
5.671246358658673
 31
0.0
  0
TEXT
  5
22B
330
18
100
AcDbEntity
  8
AHTM
370
    -1
100
AcDbText
 10
6.5618184264232
 20
2.60503376596424
 30
0.0
 40
0.0592780007068807
  1
33kV
100
AcDbText
  0
LWPOLYLINE
  5
22C
330
18
100
AcDbEntity
  8
AHTM
 62
     1
370
    -1
100
AcDbPolyline
 90
        4
 70
     1
 43
0.0
 10
6.698737447488668
 20
3.86592348723114
 10
6.724150600097657
 20
3.898368752832609
 10
6.698732707113254
 20
3.931331074459599
 10
6.673324294879675
 20
3.898368752832609
  0
TEXT
  5
232
330
18
100
AcDbEntity
  8
AHTM
 62
     7
370
    -1
100
AcDbText
 10
6.743612670897154
 20
3.869747431716342
 30
0.0
 40
0.0538890915517097
  1
T3N2
100
AcDbText
  0
LINE
  5
233
330
18
100
AcDbEntity
  8
AHTM
 62
     1
370
    -1
100
AcDbLine
 10
6.699148433200181
 20
3.930791954360443
 30
0.0
 11
6.699148433200181
 21
4.029460336045771
 31
0.0
  0
LINE
  5
234
330
18
100
AcDbEntity
  8
AHTM
 62
     1
370
    -1
100
AcDbLine
 10
7.033977595082935
 20
3.930791954360443
 30
0.0
 11
7.033977595082935
 21
4.029460336045771
 31
0.0
  0
TEXT
  5
235
330
18
100
AcDbEntity
  8
AHTM
 62
     7
370
    -1
100
AcDbText
 10
7.078441832779911
 20
3.869747431716342
 30
0.0
 40
0.0538890915517097
  1
T4N2
100
AcDbText
  0
LWPOLYLINE
  5
236
330
18
100
AcDbEntity
  8
AHTM
 62
     1
370
    -1
100
AcDbPolyline
 90
        4
 70
     1
 43
0.0
 10
7.033566609371423
 20
3.86592348723114
 10
7.058979761980414
 20
3.898368752832609
 10
7.033561868996005
 20
3.931331074459599
 10
7.008153456762431
 20
3.898368752832609
  0
LINE
  5
23C
330
18
100
AcDbEntity
  8
AHTM
 62
     1
370
    -1
100
AcDbLine
 10
7.354855541887241
 20
3.930791954360443
 30
0.0
 11
7.354855541887241
 21
4.029460336045771
 31
0.0
  0
TEXT
  5
23D
330
18
100
AcDbEntity
  8
AHTM
 62
     7
370
    -1
100
AcDbText
 10
7.39931977958422
 20
3.869747431716342
 30
0.0
 40
0.0538890915517097
  1
R1N2
100
AcDbText
  0
LWPOLYLINE
  5
23E
330
18
100
AcDbEntity
  8
AHTM
 62
     1
370
    -1
100
AcDbPolyline
 90
        4
 70
     1
 43
0.0
 10
7.35444455617573
 20
3.86592348723114
 10
7.379857708784723
 20
3.898368752832609
 10
7.354439815800314
 20
3.931331074459599
 10
7.32903140356674
 20
3.898368752832609
  0
LINE
  5
244
330
18
100
AcDbEntity
  8
AHTM
 62
     7
370
    -1
100
AcDbLine
 10
7.708241582041539
 20
3.645821259890186
 30
0.0
 11
7.720684972299617
 21
3.645821259890186
 31
0.0
  0
LINE
  5
245
330
18
100
AcDbEntity
  8
AHTM
 62
     7
370
    -1
100
AcDbLine
 10
7.698421324166091
 20
3.658358896599258
 30
0.0
 11
7.730505230175062
 21
3.658358896599258
 31
0.0
  0
LINE
  5
246
330
18
100
AcDbEntity
  8
AHTM
 62
     7
370
    -1
100
AcDbLine
 10
7.68846911450524
 20
3.671064997677548
 30
0.0
 11
7.740457439835915
 21
3.671064997677548
 31
0.0
  0
LINE
  5
247
330
18
100
AcDbEntity
  8
AHTM
 62
     1
370
    -1
100
AcDbLine
 10
7.717587133926897
 20
3.930791954360443
 30
0.0
 11
7.717587133926897
 21
4.029460336045771
 31
0.0
  0
TEXT
  5
248
330
18
100
AcDbEntity
  8
AHTM
 62
     7
370
    -1
100
AcDbText
 10
7.762051371623871
 20
3.869747431716342
 30
0.0
 40
0.0538890915517097
  1
E1N2
100
AcDbText
  0
LWPOLYLINE
  5
249
330
18
100
AcDbEntity
  8
AHTM
 62
     1
370
    -1
100
AcDbPolyline
 90
        4
 70
     1
 43
0.0
 10
7.717176148215382
 20
3.86592348723114
 10
7.74258930082437
 20
3.898368752832609
 10
7.717171407839963
 20
3.931331074459599
 10
7.691762995606393
 20
3.898368752832609
  0
LINE
  5
24F
330
18
100
AcDbEntity
  8
AHTM
 62
     7
370
    -1
100
AcDbLine
 10
7.347057598474777
 20
3.645821259890186
 30
0.0
 11
7.359500988732858
 21
3.645821259890186
 31
0.0
  0
LINE
  5
250
330
18
100
AcDbEntity
  8
AHTM
 62
     7
370
    -1
100
AcDbLine
 10
7.337237340599331
 20
3.658358896599258
 30
0.0
 11
7.369321246608302
 21
3.658358896599258
 31
0.0
  0
LINE
  5
251
330
18
100
AcDbEntity
  8
AHTM
 62
     7
370
    -1
100
AcDbLine
 10
7.327285130938481
 20
3.671064997677548
 30
0.0
 11
7.379273456269153
 21
3.671064997677548
 31
0.0
  0
LINE
  5
252
330
18
100
AcDbEntity
  8
AHTM
 62
     1
370
    -1
100
AcDbLine
 10
7.717587133926897
 20
3.670935178294125
 30
0.0
 11
7.717587133926895
 21
3.866448197438235
 31
0.0
  0
LWPOLYLINE
  5
253
330
18
100
AcDbEntity
  8
AHTM
 62
     1
370
    -1
100
AcDbPolyline
 90
       12
 70
     0
 43
0.0
 10
7.354855541887241
 20
3.670935178294125
 10
7.354855541887241
 20
3.735342485189647
 10
7.324594533104642
 20
3.735342485189647
 10
7.324594533104642
 20
3.756984140049481
 10
7.385815997899698
 20
3.756984140049481
 10
7.385815997899698
 20
3.777097582417128
 10
7.324594533104642
 20
3.777097582417128
 10
7.324594533104642
 20
3.797975131030869
 10
7.385815997899698
 20
3.797975131030869
 10
7.385815997899698
 20
3.819616785890703
 10
7.354855541887241
 20
3.819616785890703
 10
7.354855541887241
 20
3.866448197438235
  0
LWPOLYLINE
  5
261
330
18
100
AcDbEntity
  8
AHTM
 62
     1
370
    -1
100
AcDbPolyline
 90
        4
 70
     1
 43
0.0
 10
5.185035764838653
 20
2.97821408880666
 10
5.117625691565907
 20
2.97821408880666
 10
5.117625691565907
 20
3.036086112071334
 10
5.185035764838653
 20
3.036086112071334
  0
TEXT
  5
267
330
18
100
AcDbEntity
  8
AHTM
370
    -1
100
AcDbText
 10
5.09779006904067
 20
3.07268910807236
 30
0.0
 40
0.0592780007068807
  1
1S0
100
AcDbText
  0
LWPOLYLINE
  5
26C
330
18
100
AcDbEntity
  8
AHTM
 62
     1
370
    -1
100
AcDbPolyline
 90
        2
 70
     0
 43
0.0359260610344731
 10
5.117625691565907
 20
3.008802293830278
 10
4.16942968027931
 20
3.008802293830278
  0
LWPOLYLINE
  5
270
330
18
100
AcDbEntity
  8
AHTM
 62
     1
370
    -1
100
AcDbPolyline
 90
        2
 70
     0
 43
0.0359260610344731
 10
7.851444694035727
 20
4.029460336045771
 10
6.602810944514618
 20
4.029460336045771
  0
TEXT
  5
274
330
18
100
AcDbEntity
  8
AHTM
370
    -1
100
AcDbText
 10
8.406025312026127
 20
3.279495960515852
 30
0.0
 40
0.0853440157000852
  1

100
AcDbText
  0
TEXT
  5
283
330
18
100
AcDbEntity
  8
AHTM
370
    -1
100
AcDbText
 10
3.260861318920073
 20
4.838922781009675
 30
0.0
 40
0.0592780007068807
  1
M
100
AcDbText
  0
TEXT
  5
285
330
18
100
AcDbEntity
  8
AHTM
 62
     7
370
    -1
100
AcDbText
 10
1.690907295315728
 20
0.6120567602402267
 30
0.0
 40
0.0800000000000001
  1
2x30MVA
  7
ROMANS
100
AcDbText
  0
TEXT
  5
286
330
18
100
AcDbEntity
  8
AHTM
 62
     7
370
    -1
100
AcDbText
 10
2.918380696304268
 20
0.6065442851126912
 30
0.0
 40
0.08
  1
60
  7
ROMANS
100
AcDbText
  0
TEXT
  5
287
330
18
100
AcDbEntity
  8
AHTM
 62
     7
370
    -1
100
AcDbText
 10
3.888708327339604
 20
0.6120567602402267
 30
0.0
 40
0.08
  1
Yy0
  7
ROMANS
100
AcDbText
  0
TEXT
  5
288
330
18
100
AcDbEntity
  8
AHTM
370
    -1
100
AcDbText
 10
10.70274418294194
 20
0.2988675011370197
 30
0.0
 40
0.1
  1
1-NBK-AJYA-1285
100
AcDbText
  0
TEXT
  5
289
330
18
100
AcDbEntity
  8
0
370
    -1
100
AcDbText
 10
0.2961705538735515
 20
3.227951991346537
 30
0.0
 40
0.0768
  1
PLC:
  7
ROMANS
100
AcDbText
  0
LWPOLYLINE
  5
28A
330
18
100
AcDbEntity
  8
0
 62
    60
370
    -1
100
AcDbPolyline
 90
        4
 70
     1
 43
0.0
 10
1.163392365868988
 20
3.156270081604895
 10
1.635499811483539
 20
3.156270081604895
 10
1.635499811483539
 20
3.358714965078014
 10
1.163392365868988
 20
3.358714965078014
  0
TEXT
  5
290
330
18
100
AcDbEntity
  8
AHTM
370
    -1
100
AcDbText
 10
1.369443440900208
 20
3.210649759998211
 30
0.0
 40
0.08
  1
-
100
AcDbText
  0
TEXT
  5
291
330
18
100
AcDbEntity
  8
0
370
    -1
100
AcDbText
 10
0.2961705538735515
 20
2.851560489309389
 30
0.0
 40
0.0768
  1
Telephone:
  7
ROMANS
100
AcDbText
  0
LWPOLYLINE
  5
292
330
18
100
AcDbEntity
  8
0
 62
    60
370
    -1
100
AcDbPolyline
 90
        4
 70
     1
 43
0.0
 10
1.163392365868988
 20
2.779878579567748
 10
2.019875002679232
 20
2.779878579567748
 10
2.019875002679232
 20
2.982323463040865
 10
1.163392365868988
 20
2.982323463040865
  0
TEXT
  5
298
330
18
100
AcDbEntity
  8
AHTM
370
    -1
100
AcDbText
 10
1.216370582591166
 20
2.834258257961064
 30
0.0
 40
0.08
  1
04-4255409
100
AcDbText
  0
LWPOLYLINE
  5
299
330
18
100
AcDbEntity
  8
AHTM
 62
     3
370
    -1
100
AcDbPolyline
 90
        3
 70
     0
 43
0.0
 10
3.7437657050053
 20
5.099632522366996
 10
3.7437657050053
 20
4.590531231631342
 10
3.888946474106968
 20
4.590531231631342
  0
LWPOLYLINE
  5
29E
330
18
100
AcDbEntity
  8
AHTM
 62
     3
370
    -1
100
AcDbPolyline
 90
        3
 70
     0
 43
0.0
 10
5.307892794535477
 20
5.099632522366996
 10
5.307892794535477
 20
4.590531231631342
 10
5.453073563637147
 20
4.590531231631342
  0
LWPOLYLINE
  5
2A3
330
18
100
AcDbEntity
  8
AHTM
 62
     3
370
    -1
100
AcDbPolyline
 90
        3
 70
     0
 43
0.0
 10
4.417012791757824
 20
4.095755920337007
 10
4.417012791757824
 20
4.604857211072662
 10
4.562193560859491
 20
4.604857211072662
  0
LWPOLYLINE
  5
2A8
330
18
100
AcDbEntity
  8
AHTM
 62
     3
370
    -1
100
AcDbPolyline
 90
        3
 70
     0
 43
0.0
 10
5.990384587011611
 20
4.095755920337007
 10
5.990384587011611
 20
4.604857211072662
 10
6.135565356113281
 20
4.604857211072662
  0
LWPOLYLINE
  5
2AD
330
18
100
AcDbEntity
  8
AHTM
 62
     1
370
    -1
100
AcDbPolyline
 90
        5
 70
     0
 43
0.0
 10
4.515181484342195
 20
3.644783861858315
 10
5.227650005976905
 20
3.644783861858314
 10
5.227650005976904
 20
3.474421954416108
 10
7.033977595082935
 20
3.474421954416108
 10
7.033977595082935
 20
3.866448197438235
  0
LWPOLYLINE
  5
2B4
330
18
100
AcDbEntity
  8
AHTM
 62
     1
370
    -1
100
AcDbPolyline
 90
        3
 70
     0
 43
0.0
 10
6.090591287854743
 20
3.651945911621064
 10
6.699148433200181
 20
3.651945911621064
 10
6.699148433200181
 20
3.866448197438235
  0
LINE
  5
2B9
330
18
100
AcDbEntity
  8
AHTM
 62
     3
370
    -1
100
AcDbLine
 10
9.31750144664321
 20
4.671891858939075
 30
0.0
 11
9.31750144664321
 21
4.505590982594053
 31
0.0
  0
LWPOLYLINE
  5
2BA
330
18
100
AcDbEntity
  8
AHTM
 62
     3
370
    -1
100
AcDbPolyline
 90
        3
 70
     0
 43
0.0
 10
9.172320677541542
 20
5.099632522366996
 10
9.172320677541542
 20
4.590531231631342
 10
9.31750144664321
 20
4.590531231631342
  0
LWPOLYLINE
  5
2BF
330
18
100
AcDbEntity
  8
AHTM
 62
     3
370
    -1
100
AcDbPolyline
 90
        4
 70
     1
 43
0.0
 10
9.316880043436827
 20
4.412966199666032
 10
9.353184547163954
 20
4.459316579096703
 10
9.316873271471943
 20
4.506405609992402
 10
9.280575539709695
 20
4.459316579096703
  0
LINE
  5
2C5
330
18
100
AcDbEntity
  8
AHTM
 62
     3
370
    -1
100
AcDbLine
 10
9.31750144664321
 20
4.413759552320347
 30
0.0
 11
9.31750144664321
 21
4.310450313178832
 31
0.0
  0
LINE
  5
2C7
330
18
100
AcDbEntity
  8
AHTM
 62
     3
370
    -1
100
AcDbLine
 10
9.172320677541542
 20
5.884733293363758
 30
0.0
 11
9.172320677541542
 21
5.479525617132753
 31
0.0
  0
LWPOLYLINE
  5
2C8
330
18
100
AcDbEntity
  8
AHTM
 62
     3
370
    -1
100
AcDbPolyline
 90
        4
 70
     1
 43
0.0
 10
9.316880043436827
 20
4.671098506284761
 10
9.353184547163954
 20
4.71744888571543
 10
9.316873271471943
 20
4.764537916611131
 10
9.280575539709695
 20
4.71744888571543
  0
LINE
  5
2D0
330
18
100
AcDbEntity
  8
AHTM
 62
     3
370
    -1
100
AcDbLine
 10
9.31750144664321
 20
4.868923581560894
 30
0.0
 11
9.31750144664321
 21
4.763723289212781
 31
0.0
  0
LWPOLYLINE
  5
2D1
330
18
100
AcDbEntity
  8
AHTM
 62
     3
370
    -1
100
AcDbPolyline
 90
        4
 70
     1
 43
0.0
 10
9.20312240066251
 20
5.157504545631669
 10
9.135712327389765
 20
5.157504545631669
 10
9.135712327389765
 20
5.099632522366996
 10
9.20312240066251
 20
5.099632522366996
  0
LWPOLYLINE
  5
2D7
330
18
100
AcDbEntity
  8
AHTM
 62
     3
370
    -1
100
AcDbPolyline
 90
        4
 70
     1
 43
0.0
 10
9.171699274335154
 20
5.386900834204732
 10
9.208003778062285
 20
5.433251213635401
 10
9.171692502370272
 20
5.480340244531102
 10
9.135394770608025
 20
5.433251213635401
  0
LINE
  5
2DD
330
18
100
AcDbEntity
  8
AHTM
 62
     3
370
    -1
100
AcDbLine
 10
9.172320677541542
 20
5.387694186859044
 30
0.0
 11
9.172320677541542
 21
5.157504545631669
 31
0.0
  0
LINE
  5
2DF
330
18
100
AcDbEntity
  8
AHTM
 62
     7
370
    -1
100
AcDbLine
 10
9.312820233410118
 20
5.624939715170011
 30
0.0
 11
9.364808558740794
 21
5.624939715170011
 31
0.0
  0
LINE
  5
2E0
330
18
100
AcDbEntity
  8
AHTM
 62
     7
370
    -1
100
AcDbLine
 10
9.322772443070974
 20
5.612233614091723
 30
0.0
 11
9.354856349079942
 21
5.612233614091723
 31
0.0
  0
LINE
  5
2E1
330
18
100
AcDbEntity
  8
AHTM
 62
     7
370
    -1
100
AcDbLine
 10
9.332592700946414
 20
5.599695977382652
 30
0.0
 11
9.345036091204499
 21
5.599695977382652
 31
0.0
  0
TEXT
  5
2E2
330
18
100
AcDbEntity
  8
AHTM
370
    -1
100
AcDbText
 10
9.010567867523918
 20
5.937091101704724
 30
0.0
 40
0.0718521220689463
  1
SPID2
  7
ROMANS
100
AcDbText
  0
LINE
  5
2E4
330
18
100
AcDbEntity
  8
AHTM
 62
     3
370
    -1
100
AcDbLine
 10
9.338802103036116
 20
5.624809895786592
 30
0.0
 11
9.338802103036116
 21
5.671246358658673
 31
0.0
  0
LINE
  5
2E5
330
18
100
AcDbEntity
  8
AHTM
 62
     3
370
    -1
100
AcDbLine
 10
9.172320677541542
 20
5.671246358658673
 30
0.0
 11
9.226405134127416
 21
5.671246358658673
 31
0.0
  0
LWPOLYLINE
  5
2E6
330
18
100
AcDbEntity
  8
AHTM
 62
     3
370
    -1
100
AcDbPolyline
 90
        4
 70
     1
 43
0.0
 10
9.251419739781266
 20
5.639309922560301
 10
9.276832892390257
 20
5.67175518816177
 10
9.251414999405847
 20
5.704717509788761
 10
9.226006587172275
 20
5.67175518816177
  0
LINE
  5
2EC
330
18
100
AcDbEntity
  8
AHTM
 62
     3
370
    -1
100
AcDbLine
 10
9.276434345435117
 20
5.671246358658673
 30
0.0
 11
9.338802103036116
 21
5.671246358658673
 31
0.0
  0
LWPOLYLINE
  5
2ED
330
18
100
AcDbEntity
  8
AHTM
 62
     3
370
    -1
100
AcDbPolyline
 90
        3
 70
     0
 43
0.0
 10
7.591123228412333
 20
5.099632522366996
 10
7.591123228412333
 20
4.590531231631342
 10
7.736303997514001
 20
4.590531231631342
  0
LINE
  5
2F2
330
18
100
AcDbEntity
  8
AHTM
 62
     3
370
    -1
100
AcDbLine
 10
7.591123228412333
 20
5.884733293363758
 30
0.0
 11
7.591123228412333
 21
5.479525617132753
 31
0.0
  0
LINE
  5
2F5
330
18
100
AcDbEntity
  8
AHTM
 62
     3
370
    -1
100
AcDbLine
 10
7.591123228412333
 20
5.387694186859045
 30
0.0
 11
7.591123228412333
 21
5.157504545631669
 31
0.0
  0
LWPOLYLINE
  5
2F6
330
18
100
AcDbEntity
  8
AHTM
 62
     3
370
    -1
100
AcDbPolyline
 90
        4
 70
     1
 43
0.0
 10
7.590501825205945
 20
5.386900834204732
 10
7.626806328933077
 20
5.433251213635401
 10
7.590495053241066
 20
5.480340244531102
 10
7.554197321478819
 20
5.433251213635401
  0
LWPOLYLINE
  5
2FC
330
18
100
AcDbEntity
  8
AHTM
 62
     3
370
    -1
100
AcDbPolyline
 90
        4
 70
     1
 43
0.0
 10
7.621924951533301
 20
5.157504545631669
 10
7.554514878260557
 20
5.157504545631669
 10
7.554514878260557
 20
5.099632522366996
 10
7.621924951533301
 20
5.099632522366996
  0
LINE
  5
302
330
18
100
AcDbEntity
  8
AHTM
 62
     3
370
    -1
100
AcDbLine
 10
7.695236896305907
 20
5.671246358658673
 30
0.0
 11
7.757604653906906
 21
5.671246358658673
 31
0.0
  0
TEXT
  5
303
330
18
100
AcDbEntity
  8
AHTM
370
    -1
100
AcDbText
 10
7.42937041839471
 20
5.937091101704724
 30
0.0
 40
0.0718521220689463
  1
SPID1
  7
ROMANS
100
AcDbText
  0
LINE
  5
304
330
18
100
AcDbEntity
  8
AHTM
 62
     3
370
    -1
100
AcDbLine
 10
7.591123228412333
 20
5.671246358658673
 30
0.0
 11
7.645207684998208
 21
5.671246358658673
 31
0.0
  0
LWPOLYLINE
  5
306
330
18
100
AcDbEntity
  8
AHTM
 62
     3
370
    -1
100
AcDbPolyline
 90
        4
 70
     1
 43
0.0
 10
7.670222290652056
 20
5.639309922560301
 10
7.695635443261047
 20
5.67175518816177
 10
7.670217550276641
 20
5.704717509788761
 10
7.644809138043067
 20
5.67175518816177
  0
LINE
  5
30C
330
18
100
AcDbEntity
  8
AHTM
 62
     7
370
    -1
100
AcDbLine
 10
7.751395251817208
 20
5.599695977382652
 30
0.0
 11
7.763838642075288
 21
5.599695977382652
 31
0.0
  0
LINE
  5
30D
330
18
100
AcDbEntity
  8
AHTM
 62
     7
370
    -1
100
AcDbLine
 10
7.74157499394176
 20
5.612233614091723
 30
0.0
 11
7.773658899950731
 21
5.612233614091723
 31
0.0
  0
LINE
  5
30E
330
18
100
AcDbEntity
  8
AHTM
 62
     7
370
    -1
100
AcDbLine
 10
7.731622784280911
 20
5.624939715170013
 30
0.0
 11
7.783611109611583
 21
5.624939715170013
 31
0.0
  0
LINE
  5
30F
330
18
100
AcDbEntity
  8
AHTM
 62
     3
370
    -1
100
AcDbLine
 10
7.757604653906906
 20
5.624809895786592
 30
0.0
 11
7.757604653906906
 21
5.671246358658673
 31
0.0
  0
LINE
  5
310
330
18
100
AcDbEntity
  8
AHTM
 62
     3
370
    -1
100
AcDbLine
 10
7.736303997514001
 20
4.671891858939075
 30
0.0
 11
7.736303997514001
 21
4.505590982594053
 31
0.0
  0
LWPOLYLINE
  5
311
330
18
100
AcDbEntity
  8
AHTM
 62
     3
370
    -1
100
AcDbPolyline
 90
        4
 70
     1
 43
0.0
 10
7.735682594307613
 20
4.412966199666032
 10
7.771987098034744
 20
4.459316579096703
 10
7.735675822342733
 20
4.506405609992402
 10
7.699378090580485
 20
4.459316579096703
  0
LINE
  5
318
330
18
100
AcDbEntity
  8
AHTM
 62
     3
370
    -1
100
AcDbLine
 10
7.736303997514001
 20
4.413759552320347
 30
0.0
 11
7.736303997514001
 21
4.310450313178832
 31
0.0
  0
LWPOLYLINE
  5
319
330
18
100
AcDbEntity
  8
AHTM
 62
     3
370
    -1
100
AcDbPolyline
 90
        4
 70
     1
 43
0.0
 10
7.735682594307613
 20
4.671098506284761
 10
7.771987098034744
 20
4.71744888571543
 10
7.735675822342733
 20
4.764537916611131
 10
7.699378090580485
 20
4.71744888571543
  0
LINE
  5
320
330
18
100
AcDbEntity
  8
AHTM
 62
     3
370
    -1
100
AcDbLine
 10
7.736303997514001
 20
4.868923581560894
 30
0.0
 11
7.736303997514001
 21
4.763723289212781
 31
0.0
  0
TEXT
  5
321
330
18
100
AcDbEntity
  8
AHTM
 62
     7
370
    -1
100
AcDbText
 10
9.534184851517113
 20
1.042362822462113
 30
0.0
 40
0.08
  1

  7
ROMANS
100
AcDbText
  0
TEXT
  5
34D
330
18
100
AcDbEntity
  8
AHTM
 62
     7
370
    -1
100
AcDbText
 10
1.699131321110348
 20
0.8212284302355686
 30
0.0
 40
0.0800000000000001
  1
2x45MVA
  7
ROMANS
100
AcDbText
  0
LINE
  5
358
330
18
100
AcDbEntity
  8
0
 62
     1
370
    -1
100
AcDbLine
 10
5.371059112530748
 20
3.008783520904144
 30
0.0
 11
5.371059112530748
 21
2.84791668788655
 31
0.0
  0
LWPOLYLINE
  5
359
330
18
100
AcDbEntity
  8
AHTM
 62
     1
370
    -1
100
AcDbPolyline
 90
        4
 70
     1
 43
0.0
 10
5.405707133153562
 20
2.790044664621877
 10
5.338297059880816
 20
2.790044664621877
 10
5.338297059880816
 20
2.84791668788655
 10
5.405707133153562
 20
2.84791668788655
  0
LINE
  5
35F
330
18
100
AcDbEntity
  8
0
 62
     1
370
    -1
100
AcDbLine
 10
5.371059112530748
 20
2.790044664621876
 30
0.0
 11
5.371059112530748
 21
2.621692117409365
 31
0.0
  0
TEXT
  5
360
330
18
100
AcDbEntity
  8
AHTM
370
    -1
100
AcDbText
 10
5.447634912129176
 20
2.787746813385068
 30
0.0
 40
0.0592780007068807
  1
1W0
100
AcDbText
  0
LWPOLYLINE
  5
364
330
18
100
AcDbEntity
  8
AHTM
 62
     1
370
    -1
100
AcDbPolyline
 90
        2
 70
     0
 43
0.0359260610344731
 10
6.463209638149668
 20
3.008802293830278
 10
5.185035764838653
 20
3.008802293830278
  0
LWPOLYLINE
  5
368
330
18
100
AcDbEntity
  8
AHTM
 62
     1
370
    -1
100
AcDbPolyline
 90
        2
 70
     0
 43
0.0359260610344731
 10
6.463209638149668
 20
2.616334636327472
 10
4.16942968027931
 20
2.616334636327472
  0
TEXT
  5
372
330
18
100
AcDbEntity
  8
AHTM
370
    -1
100
AcDbText
 10
3.257738811638793
 20
4.280373400830372
 30
0.0
 40
0.0592780007068807
  1
R
100
AcDbText
  0
TEXT
  5
3AE
330
18
100
AcDbEntity
  8
AHTM
370
    -1
100
AcDbText
 10
9.103529402264087
 20
3.956565072663713
 30
0.0
 40
0.0592780007068807
  1
2x30MVA
  7
ROMANS
100
AcDbText
  0
TEXT
  5
3AF
330
18
100
AcDbEntity
  8
AHTM
370
    -1
100
AcDbText
 10
9.218597245109589
 20
3.851254098201578
 30
0.0
 40
0.0592780007068807
  1
Yy0
  7
ROMANS
100
AcDbText
  0
TEXT
  5
3B3
330
18
100
AcDbEntity
  8
AHTM
370
    -1
100
AcDbText
 10
6.228908495674045
 20
4.453328573506043
 30
0.0
 40
0.0592780007068807
  1
316
100
AcDbText
  0
TEXT
  5
3B4
330
18
100
AcDbEntity
  8
AHTM
370
    -1
100
AcDbText
 10
6.248925456438775
 20
4.719188517253007
 30
0.0
 40
0.0592780007068807
  1
314
100
AcDbText
  0
TEXT
  5
3C7
330
18
100
AcDbEntity
  8
AHTM
370
    -1
100
AcDbText
 10
3.509244234092385
 20
5.937091101704724
 30
0.0
 40
0.0718521220689463
  1
BDNG2
  7
ROMANS
100
AcDbText
  0
TEXT
  5
3C8
330
18
100
AcDbEntity
  8
AHTM
370
    -1
100
AcDbText
 10
5.137185599754052
 20
5.937091101704724
 30
0.0
 40
0.0718521220689463
  1
BDNG1
  7
ROMANS
100
AcDbText
  0
TEXT
  5
3C9
330
18
100
AcDbEntity
  8
AHTM
 62
     7
370
    -1
100
AcDbText
 10
9.232086782717904
 20
5.738686487014311
 30
0.0
 40
0.0538890915517097
  1
401
100
AcDbText
  0
TEXT
  5
3CA
330
18
100
AcDbEntity
  8
AHTM
370
    -1
100
AcDbText
 10
9.264717011785306
 20
5.394262472591726
 30
0.0
 40
0.0592780007068807
  1
403
100
AcDbText
  0
TEXT
  5
3CB
330
18
100
AcDbEntity
  8
AHTM
370
    -1
100
AcDbText
 10
9.25470853140294
 20
5.096849929346836
 30
0.0
 40
0.0592780007068807
  1
405
100
AcDbText
  0
TEXT
  5
3CC
330
18
100
AcDbEntity
  8
AHTM
370
    -1
100
AcDbText
 10
9.40672768438394
 20
4.688497707333179
 30
0.0
 40
0.0592780007068807
  1
404
100
AcDbText
  0
TEXT
  5
3CD
330
18
100
AcDbEntity
  8
AHTM
370
    -1
100
AcDbText
 10
9.39876999145213
 20
4.422637763586215
 30
0.0
 40
0.0592780007068807
  1
406
100
AcDbText
  0
TEXT
  5
3CE
330
18
100
AcDbEntity
  8
AHTM
370
    -1
100
AcDbText
 10
7.806714639119821
 20
4.422637763586215
 30
0.0
 40
0.0592780007068807
  1
306
100
AcDbText
  0
TEXT
  5
3CF
330
18
100
AcDbEntity
  8
AHTM
370
    -1
100
AcDbText
 10
7.80344956788899
 20
4.688497707333179
 30
0.0
 40
0.0592780007068807
  1
304
100
AcDbText
  0
TEXT
  5
3D0
330
18
100
AcDbEntity
  8
AHTM
370
    -1
100
AcDbText
 10
7.66265317907063
 20
5.096849929346836
 30
0.0
 40
0.0592780007068807
  1
305
100
AcDbText
  0
TEXT
  5
3D1
330
18
100
AcDbEntity
  8
AHTM
370
    -1
100
AcDbText
 10
7.672661659452997
 20
5.394262472591726
 30
0.0
 40
0.0592780007068807
  1
303
100
AcDbText
  0
TEXT
  5
3D2
330
18
100
AcDbEntity
  8
AHTM
 62
     7
370
    -1
100
AcDbText
 10
7.640031430385594
 20
5.738686487014311
 30
0.0
 40
0.0538890915517097
  1
301
100
AcDbText
  0
LWPOLYLINE
  5
4C1
330
18
100
AcDbEntity
  8
AHTM
 62
     2
370
    -1
100
AcDbPolyline
 90
        5
 70
     0
 43
0.0
 10
8.457607222691223
 20
3.632010435624051
 10
9.170075744325933
 20
3.63201043562405
 10
9.170075744325931
 20
3.461648528181844
 10
10.97640333343196
 20
3.461648528181844
 10
10.97640333343196
 20
3.85367477120397
  0
LWPOLYLINE
  5
4C8
330
18
100
AcDbEntity
  8
AHTM
 62
     2
370
    -1
100
AcDbPolyline
 90
        3
 70
     0
 43
0.0
 10
10.03301702620377
 20
3.639172485386799
 10
10.64157417154921
 20
3.639172485386799
 10
10.64157417154921
 20
3.85367477120397
  0
LWPOLYLINE
  5
4CD
330
18
100
AcDbEntity
  8
AHTM
 62
     2
370
    -1
100
AcDbPolyline
 90
        2
 70
     0
 43
0.0359260610344731
 10
10.4056353764987
 20
2.996028867596013
 10
9.12746150318768
 20
2.996028867596013
  0
LWPOLYLINE
  5
4D1
330
18
100
AcDbEntity
  8
AHTM
 62
     2
370
    -1
100
AcDbPolyline
 90
        2
 70
     0
 43
0.0359260610344731
 10
10.4056353764987
 20
2.603561210093208
 10
8.111855418628341
 20
2.603561210093208
  0
TEXT
  5
4D5
330
18
100
AcDbEntity
  8
AHTM
370
    -1
100
AcDbText
 10
8.528572147275899
 20
3.697015869377985
 30
0.0
 40
0.0718521220689463
  1
T2
100
AcDbText
  0
LWPOLYLINE
  5
4D6
330
18
100
AcDbEntity
  8
AHTM
 62
     2
370
    -1
100
AcDbPolyline
 90
        2
 70
     0
 43
0.0359260610344731
 10
9.060051429914935
 20
2.996028867596013
 10
8.111855418628341
 20
2.996028867596013
  0
CIRCLE
  5
4DA
330
18
100
AcDbEntity
  8
AHTM
 62
     3
370
    -1
100
AcDbCircle
 10
8.35957195912881
 20
3.755581827330297
 30
0.0
 40
0.1030538267121982
  0
CIRCLE
  5
4DB
330
18
100
AcDbEntity
  8
AHTM
 62
     2
370
    -1
100
AcDbCircle
 10
8.35957195912881
 20
3.663778002390781
 30
0.0
 40
0.1030538267121982
  0
LINE
  5
4DC
330
18
100
AcDbEntity
  8
AHTM
 62
     2
370
    -1
100
AcDbLine
 10
8.359438530106855
 20
2.996028867596013
 30
0.0
 11
8.359438530106855
 21
3.31204800298889
 31
0.0
  0
LINE
  5
4DD
330
18
100
AcDbEntity
  8
AHTM
 62
     2
370
    -1
100
AcDbLine
 10
8.359438530106855
 20
3.369920026253565
 30
0.0
 11
8.359438530106855
 21
3.560724262057284
 31
0.0
  0
LWPOLYLINE
  5
4DE
330
18
100
AcDbEntity
  8
AHTM
 62
     2
370
    -1
100
AcDbPolyline
 90
        4
 70
     1
 43
0.0
 10
8.390240253227825
 20
3.31204800298889
 10
8.322830179955076
 20
3.31204800298889
 10
8.322830179955076
 20
3.369920026253565
 10
8.390240253227825
 20
3.369920026253565
  0
TEXT
  5
4E4
330
18
100
AcDbEntity
  8
AHTM
370
    -1
100
AcDbText
 10
8.437282674697357
 20
3.315937821476323
 30
0.0
 40
0.0592780007068807
  1
32
100
AcDbText
  0
LWPOLYLINE
  5
4E5
330
18
100
AcDbEntity
  8
AHTM
 62
     3
370
    -1
100
AcDbPolyline
 90
        3
 70
     0
 43
0.0
 10
8.359438530106855
 20
4.082982494102743
 10
8.359438530106855
 20
4.592083784838397
 10
8.504619299208521
 20
4.592083784838397
  0
TEXT
  5
4EA
330
18
100
AcDbEntity
  8
AHTM
370
    -1
100
AcDbText
 10
8.437282674697357
 20
4.026845329871069
 30
0.0
 40
0.0592780007068807
  1
210
100
AcDbText
  0
LWPOLYLINE
  5
4EB
330
18
100
AcDbEntity
  8
AHTM
 62
     3
370
    -1
100
AcDbPolyline
 90
        4
 70
     1
 43
0.0
 10
8.390240253227825
 20
4.02511047083807
 10
8.322830179955076
 20
4.02511047083807
 10
8.322830179955076
 20
4.082982494102743
 10
8.390240253227825
 20
4.082982494102743
  0
LINE
  5
4F1
330
18
100
AcDbEntity
  8
AHTM
 62
     3
370
    -1
100
AcDbLine
 10
8.359438530106855
 20
3.859513775368423
 30
0.0
 11
8.359438530106855
 21
4.02511047083807
 31
0.0
  0
TEXT
  5
4F2
330
18
100
AcDbEntity
  8
AHTM
370
    -1
100
AcDbText
 10
10.10194394252969
 20
3.716273568287712
 30
0.0
 40
0.0718521220689463
  1
T1
100
AcDbText
  0
CIRCLE
  5
4F3
330
18
100
AcDbEntity
  8
AHTM
 62
     2
370
    -1
100
AcDbCircle
 10
9.932943754382595
 20
3.663778002390781
 30
0.0
 40
0.1030538267121982
  0
CIRCLE
  5
4F4
330
18
100
AcDbEntity
  8
AHTM
 62
     3
370
    -1
100
AcDbCircle
 10
9.932943754382595
 20
3.755581827330297
 30
0.0
 40
0.1030538267121982
  0
TEXT
  5
4F5
330
18
100
AcDbEntity
  8
AHTM
370
    -1
100
AcDbText
 10
9.390060650478205
 20
2.774973387150804
 30
0.0
 40
0.0592780007068807
  1
34
100
AcDbText
  0
TEXT
  5
4F6
330
18
100
AcDbEntity
  8
AHTM
370
    -1
100
AcDbText
 10
9.0402158073897
 20
3.059915681838095
 30
0.0
 40
0.0592780007068807
  1
30
100
AcDbText
  0
LWPOLYLINE
  5
4F7
330
18
100
AcDbEntity
  8
AHTM
 62
     2
370
    -1
100
AcDbPolyline
 90
        4
 70
     1
 43
0.0
 10
9.34813287150259
 20
2.777271238387612
 10
9.280722798229844
 20
2.777271238387612
 10
9.280722798229844
 20
2.835143261652286
 10
9.34813287150259
 20
2.835143261652286
  0
LINE
  5
4FD
330
18
100
AcDbEntity
  8
0
 62
     2
370
    -1
100
AcDbLine
 10
9.313484850879776
 20
2.777271238387612
 30
0.0
 11
9.313484850879776
 21
2.6089186911751
 31
0.0
  0
LWPOLYLINE
  5
4FE
330
18
100
AcDbEntity
  8
AHTM
 62
     2
370
    -1
100
AcDbPolyline
 90
        4
 70
     1
 43
0.0
 10
9.12746150318768
 20
2.965440662572395
 10
9.060051429914935
 20
2.965440662572395
 10
9.060051429914935
 20
3.02331268583707
 10
9.12746150318768
 20
3.02331268583707
  0
LINE
  5
504
330
18
100
AcDbEntity
  8
0
 62
     2
370
    -1
100
AcDbLine
 10
9.313484850879776
 20
2.99601009466988
 30
0.0
 11
9.313484850879776
 21
2.835143261652286
 31
0.0
  0
LINE
  5
505
330
18
100
AcDbEntity
  8
AHTM
 62
     2
370
    -1
100
AcDbLine
 10
9.932810325360638
 20
2.996028867596013
 30
0.0
 11
9.932810325360638
 21
3.31204800298889
 31
0.0
  0
LINE
  5
506
330
18
100
AcDbEntity
  8
AHTM
 62
     2
370
    -1
100
AcDbLine
 10
9.932810325360638
 20
3.369920026253565
 30
0.0
 11
9.932810325360638
 21
3.560724262057284
 31
0.0
  0
TEXT
  5
507
330
18
100
AcDbEntity
  8
AHTM
370
    -1
100
AcDbText
 10
10.01065446995115
 20
3.315937821476323
 30
0.0
 40
0.0592780007068807
  1
31
100
AcDbText
  0
LWPOLYLINE
  5
508
330
18
100
AcDbEntity
  8
AHTM
 62
     2
370
    -1
100
AcDbPolyline
 90
        4
 70
     1
 43
0.0
 10
9.963612048481611
 20
3.31204800298889
 10
9.896201975208866
 20
3.31204800298889
 10
9.896201975208866
 20
3.369920026253565
 10
9.963612048481611
 20
3.369920026253565
  0
TEXT
  5
50E
330
18
100
AcDbEntity
  8
AHTM
370
    -1
100
AcDbText
 10
5.236066870160479
 20
3.838480671967313
 30
0.0
 40
0.0592780007068807
  1
Yd1
  7
ROMANS
100
AcDbText
  0
TEXT
  5
50F
330
18
100
AcDbEntity
  8
AHTM
370
    -1
100
AcDbText
 10
5.09978345098473
 20
4.049102605794729
 30
0.0
 40
0.0592780007068807
  1
132/33kV
  7
ROMANS
100
AcDbText
  0
TEXT
  5
510
330
18
100
AcDbEntity
  8
AHTM
370
    -1
100
AcDbText
 10
5.119252510866979
 20
3.943791646429449
 30
0.0
 40
0.0592780007068807
  1
2x45MVA
  7
ROMANS
100
AcDbText
  0
LWPOLYLINE
  5
511
330
18
100
AcDbEntity
  8
AHTM
 62
     3
370
    -1
100
AcDbPolyline
 90
        3
 70
     0
 43
0.0
 10
9.932810325360638
 20
4.082982494102743
 10
9.932810325360638
 20
4.592083784838397
 10
10.07799109446231
 20
4.592083784838397
  0
LWPOLYLINE
  5
516
330
18
100
AcDbEntity
  8
AHTM
 62
     3
370
    -1
100
AcDbPolyline
 90
        4
 70
     1
 43
0.0
 10
9.963612048481611
 20
4.02511047083807
 10
9.896201975208866
 20
4.02511047083807
 10
9.896201975208866
 20
4.082982494102743
 10
9.963612048481611
 20
4.082982494102743
  0
TEXT
  5
51C
330
18
100
AcDbEntity
  8
AHTM
370
    -1
100
AcDbText
 10
10.01065446995115
 20
4.026845329871069
 30
0.0
 40
0.0592780007068807
  1
110
100
AcDbText
  0
LINE
  5
51D
330
18
100
AcDbEntity
  8
AHTM
 62
     3
370
    -1
100
AcDbLine
 10
9.932810325360638
 20
3.859513775368423
 30
0.0
 11
9.932810325360638
 21
4.02511047083807
 31
0.0
  0
LINE
  5
51E
330
18
100
AcDbEntity
  8
AHTM
 62
     2
370
    -1
100
AcDbLine
 10
11.66001287227592
 20
3.658161752059861
 30
0.0
 11
11.66001287227592
 21
3.85367477120397
 31
0.0
  0
LWPOLYLINE
  5
51F
330
18
100
AcDbEntity
  8
AHTM
 62
     2
370
    -1
100
AcDbPolyline
 90
       12
 70
     0
 43
0.0
 10
11.29728128023627
 20
3.658161752059861
 10
11.29728128023627
 20
3.722569058955383
 10
11.26702027145367
 20
3.722569058955383
 10
11.26702027145367
 20
3.744210713815217
 10
11.32824173624873
 20
3.744210713815217
 10
11.32824173624873
 20
3.764324156182864
 10
11.26702027145367
 20
3.764324156182864
 10
11.26702027145367
 20
3.785201704796605
 10
11.32824173624873
 20
3.785201704796605
 10
11.32824173624873
 20
3.806843359656439
 10
11.29728128023627
 20
3.806843359656439
 10
11.29728128023627
 20
3.85367477120397
  0
TEXT
  5
52D
330
18
100
AcDbEntity
  8
AHTM
370
    -1
100
AcDbText
 10
10.50424416477223
 20
2.571229411894924
 30
0.0
 40
0.0592780007068807
  1
11kV
100
AcDbText
  0
LINE
  5
52E
330
18
100
AcDbEntity
  8
AHTM
 62
     7
370
    -1
100
AcDbLine
 10
11.28948333682381
 20
3.633047833655921
 30
0.0
 11
11.30192672708188
 21
3.633047833655921
 31
0.0
  0
LINE
  5
52F
330
18
100
AcDbEntity
  8
AHTM
 62
     7
370
    -1
100
AcDbLine
 10
11.27966307894836
 20
3.645585470364993
 30
0.0
 11
11.31174698495733
 21
3.645585470364993
 31
0.0
  0
LINE
  5
530
330
18
100
AcDbEntity
  8
AHTM
 62
     7
370
    -1
100
AcDbLine
 10
11.26971086928751
 20
3.658291571443284
 30
0.0
 11
11.32169919461818
 21
3.658291571443284
 31
0.0
  0
LINE
  5
531
330
18
100
AcDbEntity
  8
AHTM
 62
     7
370
    -1
100
AcDbLine
 10
11.63089485285427
 20
3.658291571443284
 30
0.0
 11
11.68288317818494
 21
3.658291571443284
 31
0.0
  0
LINE
  5
532
330
18
100
AcDbEntity
  8
AHTM
 62
     7
370
    -1
100
AcDbLine
 10
11.65066732039057
 20
3.633047833655921
 30
0.0
 11
11.66311071064865
 21
3.633047833655921
 31
0.0
  0
LINE
  5
533
330
18
100
AcDbEntity
  8
AHTM
 62
     7
370
    -1
100
AcDbLine
 10
11.64084706251512
 20
3.645585470364993
 30
0.0
 11
11.67293096852409
 21
3.645585470364993
 31
0.0
  0
TEXT
  5
534
330
18
100
AcDbEntity
  8
AHTM
 62
     7
370
    -1
100
AcDbText
 10
11.02086757112894
 20
3.856974005482077
 30
0.0
 40
0.0538890915517097
  1
T2N1
100
AcDbText
  0
LWPOLYLINE
  5
535
330
18
100
AcDbEntity
  8
AHTM
 62
     2
370
    -1
100
AcDbPolyline
 90
        2
 70
     0
 43
0.0359260610344731
 10
11.79387043238476
 20
4.016686909811506
 10
10.54523668286365
 20
4.016686909811506
  0
TEXT
  5
539
330
18
100
AcDbEntity
  8
AHTM
 62
     7
370
    -1
100
AcDbText
 10
10.68603840924618
 20
3.856974005482077
 30
0.0
 40
0.0538890915517097
  1
T1N1
100
AcDbText
  0
LWPOLYLINE
  5
53A
330
18
100
AcDbEntity
  8
AHTM
 62
     2
370
    -1
100
AcDbPolyline
 90
        4
 70
     1
 43
0.0
 10
10.6411631858377
 20
3.853150060996875
 10
10.66657633844669
 20
3.885595326598344
 10
10.64115844546228
 20
3.918557648225334
 10
10.6157500332287
 20
3.885595326598344
  0
LINE
  5
540
330
18
100
AcDbEntity
  8
AHTM
 62
     2
370
    -1
100
AcDbLine
 10
10.64157417154921
 20
3.918018528126179
 30
0.0
 11
10.64157417154921
 21
4.016686909811506
 31
0.0
  0
LWPOLYLINE
  5
541
330
18
100
AcDbEntity
  8
AHTM
 62
     2
370
    -1
100
AcDbPolyline
 90
        4
 70
     1
 43
0.0
 10
10.97599234772045
 20
3.853150060996875
 10
11.00140550032944
 20
3.885595326598344
 10
10.97598760734503
 20
3.918557648225334
 10
10.95057919511146
 20
3.885595326598344
  0
LINE
  5
547
330
18
100
AcDbEntity
  8
AHTM
 62
     2
370
    -1
100
AcDbLine
 10
10.97640333343196
 20
3.918018528126179
 30
0.0
 11
10.97640333343196
 21
4.016686909811506
 31
0.0
  0
TEXT
  5
548
330
18
100
AcDbEntity
  8
AHTM
 62
     7
370
    -1
100
AcDbText
 10
11.34174551793325
 20
3.856974005482077
 30
0.0
 40
0.0538890915517097
  1
R1N1
100
AcDbText
  0
LWPOLYLINE
  5
549
330
18
100
AcDbEntity
  8
AHTM
 62
     2
370
    -1
100
AcDbPolyline
 90
        4
 70
     1
 43
0.0
 10
11.29687029452476
 20
3.853150060996875
 10
11.32228344713375
 20
3.885595326598344
 10
11.29686555414934
 20
3.918557648225334
 10
11.27145714191577
 20
3.885595326598344
  0
LINE
  5
54F
330
18
100
AcDbEntity
  8
AHTM
 62
     2
370
    -1
100
AcDbLine
 10
11.29728128023627
 20
3.918018528126179
 30
0.0
 11
11.29728128023627
 21
4.016686909811506
 31
0.0
  0
TEXT
  5
550
330
18
100
AcDbEntity
  8
AHTM
 62
     7
370
    -1
100
AcDbText
 10
11.7044771099729
 20
3.856974005482077
 30
0.0
 40
0.0538890915517097
  1
E1N1
100
AcDbText
  0
LWPOLYLINE
  5
551
330
18
100
AcDbEntity
  8
AHTM
 62
     2
370
    -1
100
AcDbPolyline
 90
        4
 70
     1
 43
0.0
 10
11.65960188656441
 20
3.853150060996875
 10
11.6850150391734
 20
3.885595326598344
 10
11.65959714618899
 20
3.918557648225334
 10
11.63418873395542
 20
3.885595326598344
  0
LINE
  5
557
330
18
100
AcDbEntity
  8
AHTM
 62
     2
370
    -1
100
AcDbLine
 10
11.66001287227592
 20
3.918018528126179
 30
0.0
 11
11.66001287227592
 21
4.016686909811506
 31
0.0
  0
TEXT
  5
558
330
18
100
AcDbEntity
  8
AHTM
370
    -1
100
AcDbText
 10
10.1913511947878
 20
4.706415091018743
 30
0.0
 40
0.0592780007068807
  1
114
100
AcDbText
  0
LWPOLYLINE
  5
559
330
18
100
AcDbEntity
  8
AHTM
 62
     3
370
    -1
100
AcDbPolyline
 90
        4
 70
     1
 43
0.0
 10
8.503997896002133
 20
4.769648816803707
 10
8.540302399729264
 20
4.723298437373036
 10
8.503991124037254
 20
4.676209406477335
 10
8.467693392275008
 20
4.723298437373036
  0
LINE
  5
55F
330
18
100
AcDbEntity
  8
AHTM
 62
     3
370
    -1
100
AcDbLine
 10
8.504619299208521
 20
4.510723157530665
 30
0.0
 11
8.504619299208521
 21
4.677024033875687
 31
0.0
  0
LINE
  5
560
330
18
100
AcDbEntity
  8
AHTM
 62
     3
370
    -1
100
AcDbLine
 10
8.504619299208521
 20
4.768855464149391
 30
0.0
 11
8.504619299208521
 21
4.872164703290908
 31
0.0
  0
TEXT
  5
561
330
18
100
AcDbEntity
  8
AHTM
370
    -1
100
AcDbText
 10
8.592262476981857
 20
4.706415091018743
 30
0.0
 40
0.0592780007068807
  1
214
100
AcDbText
  0
LWPOLYLINE
  5
562
330
18
100
AcDbEntity
  8
AHTM
 62
     3
370
    -1
100
AcDbPolyline
 90
        4
 70
     1
 43
0.0
 10
10.07736969125592
 20
4.769648816803707
 10
10.11367419498305
 20
4.723298437373036
 10
10.07736291929104
 20
4.676209406477335
 10
10.04106518752879
 20
4.723298437373036
  0
LINE
  5
568
330
18
100
AcDbEntity
  8
AHTM
 62
     3
370
    -1
100
AcDbLine
 10
10.07799109446231
 20
4.510723157530665
 30
0.0
 11
10.07799109446231
 21
4.677024033875687
 31
0.0
  0
LINE
  5
569
330
18
100
AcDbEntity
  8
AHTM
 62
     3
370
    -1
100
AcDbLine
 10
10.07799109446231
 20
4.768855464149391
 30
0.0
 11
10.07799109446231
 21
4.872164703290908
 31
0.0
  0
TEXT
  5
56A
330
18
100
AcDbEntity
  8
AHTM
370
    -1
100
AcDbText
 10
10.17133423402307
 20
4.440555147271779
 30
0.0
 40
0.0592780007068807
  1
116
100
AcDbText
  0
LINE
  5
56B
330
18
100
AcDbEntity
  8
AHTM
 62
     3
370
    -1
100
AcDbLine
 10
8.504619299208521
 20
4.313691434908844
 30
0.0
 11
8.504619299208521
 21
4.418891727256958
 31
0.0
  0
LWPOLYLINE
  5
56C
330
18
100
AcDbEntity
  8
AHTM
 62
     3
370
    -1
100
AcDbPolyline
 90
        4
 70
     1
 43
0.0
 10
8.503997896002133
 20
4.511516510184979
 10
8.540302399729264
 20
4.46516613075431
 10
8.503991124037254
 20
4.418077099858608
 10
8.467693392275008
 20
4.46516613075431
  0
TEXT
  5
572
330
18
100
AcDbEntity
  8
AHTM
370
    -1
100
AcDbText
 10
8.572245516217128
 20
4.440555147271779
 30
0.0
 40
0.0592780007068807
  1
216
100
AcDbText
  0
LINE
  5
573
330
18
100
AcDbEntity
  8
AHTM
 62
     3
370
    -1
100
AcDbLine
 10
10.07799109446231
 20
4.313691434908844
 30
0.0
 11
10.07799109446231
 21
4.418891727256958
 31
0.0
  0
LWPOLYLINE
  5
574
330
18
100
AcDbEntity
  8
AHTM
 62
     3
370
    -1
100
AcDbPolyline
 90
        4
 70
     1
 43
0.0
 10
10.07736969125592
 20
4.511516510184979
 10
10.11367419498305
 20
4.46516613075431
 10
10.07736291929104
 20
4.418077099858608
 10
10.04106518752879
 20
4.46516613075431
  0
TEXT
  5
585
330
18
100
AcDbEntity
  8
AHTM
 62
     7
370
    -1
100
AcDbText
 10
3.812019033442161
 20
5.738686487014311
 30
0.0
 40
0.0538890915517097
  1
201
100
AcDbText
  0
TEXT
  5
586
330
18
100
AcDbEntity
  8
AHTM
370
    -1
100
AcDbText
 10
3.844649262509565
 20
5.394262472591726
 30
0.0
 40
0.0592780007068807
  1
203
100
AcDbText
  0
TEXT
  5
587
330
18
100
AcDbEntity
  8
AHTM
370
    -1
100
AcDbText
 10
3.834640782127199
 20
5.096849929346836
 30
0.0
 40
0.0592780007068807
  1
205
100
AcDbText
  0
TEXT
  5
588
330
18
100
AcDbEntity
  8
AHTM
370
    -1
100
AcDbText
 10
3.988710722558755
 20
4.688497707333179
 30
0.0
 40
0.0592780007068807
  1
204
100
AcDbText
  0
TEXT
  5
589
330
18
100
AcDbEntity
  8
AHTM
370
    -1
100
AcDbText
 10
3.97870224217639
 20
4.422637763586215
 30
0.0
 40
0.0592780007068807
  1
206
100
AcDbText
  0
TEXT
  5
58A
330
18
100
AcDbEntity
  8
AHTM
370
    -1
100
AcDbText
 10
5.534337434385552
 20
4.422637763586215
 30
0.0
 40
0.0592780007068807
  1
106
100
AcDbText
  0
TEXT
  5
58B
330
18
100
AcDbEntity
  8
AHTM
370
    -1
100
AcDbText
 10
5.544345914767917
 20
4.688497707333179
 30
0.0
 40
0.0592780007068807
  1
104
100
AcDbText
  0
TEXT
  5
58C
330
18
100
AcDbEntity
  8
AHTM
370
    -1
100
AcDbText
 10
5.39027597433636
 20
5.096849929346836
 30
0.0
 40
0.0592780007068807
  1
105
100
AcDbText
  0
TEXT
  5
58D
330
18
100
AcDbEntity
  8
AHTM
370
    -1
100
AcDbText
 10
5.400284454718726
 20
5.394262472591726
 30
0.0
 40
0.0592780007068807
  1
103
100
AcDbText
  0
TEXT
  5
58E
330
18
100
AcDbEntity
  8
AHTM
 62
     7
370
    -1
100
AcDbText
 10
5.367654225651323
 20
5.738686487014311
 30
0.0
 40
0.0538890915517097
  1
101
100
AcDbText
  0
LWPOLYLINE
  5
5C0
330
18
100
AcDbEntity
  8
AHTM
 62
     3
370
    -1
100
AcDbPolyline
 90
        2
 70
     0
 43
0.0359260610344731
 10
10.56464270105265
 20
4.866388516774108
 10
3.358172062187739
 20
4.866388516774111
  0
LWPOLYLINE
  5
5C4
330
18
100
AcDbEntity
  8
AHTM
 62
     3
370
    -1
100
AcDbPolyline
 90
        2
 70
     0
 43
0.0359260610344731
 10
10.59618909280522
 20
4.307915248392049
 10
3.358172062187739
 20
4.307915248392049
  0
TEXT
  5
28AB
330
18
100
AcDbEntity
  8
AHTM
370
    -1
100
AcDbText
 10
1.343423064654504
 20
4.338599413780861
 30
0.0
 40
0.09
  1
3rd. APR., 2014
  7
ROMANS
100
AcDbText
  0
TEXT
  5
2AFC
330
18
100
AcDbEntity
  8
AHTM
 62
     7
370
    -1
100
AcDbText
 10
6.369232139028474
 20
0.5021785716902143
 30
0.0
 40
0.08
  1
21/03/14
  7
ROMANS
100
AcDbText
  0
TEXT
  5
31E1
330
18
100
AcDbEntity
  8
0
370
    -1
100
AcDbText
 10
7.357418370771126
 20
0.9524876981101273
 30
0.0
 40
0.0713880896960947
  1
1/14-New T3&T4 was comm. (2x45MVA) on 21/3/14.
  7
ROMANS
100
AcDbText
  0
TEXT
  5
31E2
330
18
100
AcDbEntity
  8
AHTM
370
    -1
100
AcDbText
 10
7.357471205976474
 20
6.097422209658146
 30
0.0
 40
0.0718521220689462
  1
(Future)
  7
ROMANS
100
AcDbText
  0
TEXT
  5
31E3
330
18
100
AcDbEntity
  8
AHTM
370
    -1
100
AcDbText
 10
5.095919028593404
 20
6.097422209658146
 30
0.0
 40
0.0718521220689463
  1
(Future)
  7
ROMANS
100
AcDbText
  0
TEXT
  5
31EE
330
18
100
AcDbEntity
  8
AHTM
 62
     7
370
    -1
100
AcDbText
 10
5.316804916133994
 20
0.8868722416693926
 30
0.0
 40
0.0800000000000001
  1
03/06/98
  7
ROMANS
100
AcDbText
  0
TEXT
  5
31F0
330
18
100
AcDbEntity
  8
AHTM
 62
     7
370
    -1
100
AcDbText
 10
6.369833210992736
 20
0.8868722416693926
 30
0.0
 40
0.08
  1
03/06/98
  7
ROMANS
100
AcDbText
  0
LWPOLYLINE
  5
3CC2
330
18
100
AcDbEntity
  8
0
 62
   252
420
  9672088
100
AcDbPolyline
 90
        2
 70
     0
 43
0.04
 10
13.15444306001021
 20
-0.6021951782204269
 10
25.7696429371961
 20
-0.6021951782204278
  0
LWPOLYLINE
  5
3CC3
330
18
100
AcDbEntity
  8
0
 62
   252
420
  9672088
100
AcDbPolyline
 90
        2
 70
     0
 43
0.04
 10
13.1540907449351
 20
-0.1723558132359386
 10
25.7696429371961
 20
-0.1723558132359395
  0
TEXT
  5
3CC4
330
18
100
AcDbEntity
  8
0
 62
   146
420
  1070729
100
AcDbText
 10
17.96203907603854
 20
7.539488512885793
 30
0.0
 40
0.2
  1
GRID SYSTEM OPERATOR 
  7
ROMANT
100
AcDbText
  0
LWPOLYLINE
  5
3CC5
330
18
100
AcDbEntity
  8
0
 62
   252
420
  9672088
100
AcDbPolyline
 90
        2
 70
     0
 43
0.04
 10
13.15444306001021
 20
7.278618928550873
 10
25.7696429371961
 20
7.278618928550873
  0
LWPOLYLINE
  5
3CC6
330
18
100
AcDbEntity
  8
0
 62
   252
420
  9672088
100
AcDbPolyline
 90
        2
 70
     0
 43
0.04
 10
13.15580844965947
 20
1.457608147868598
 10
25.7696429371961
 20
1.457608147868598
  0
LWPOLYLINE
  5
3CC7
330
18
100
AcDbEntity
  8
0
 62
   251
420
  6513766
100
AcDbPolyline
 90
        4
 70
     1
 43
0.0654802089638338
 10
13.15444306001021
 20
7.996010222006131
 10
25.7696429371961
 20
7.996010222006131
 10
25.7696429371961
 20
-0.7191250561037918
 10
13.15444306001021
 20
-0.7191250561037918
  0
TEXT
  5
3CC8
330
18
100
AcDbEntity
  8
0
100
AcDbText
 10
20.66472952619453
 20
1.290912608839677
 30
0.0
 40
0.08
  1
REMARKS:
  7
ITALICT
100
AcDbText
  0
TEXT
  5
3CC9
330
18
100
AcDbEntity
  8
0
100
AcDbText
 10
14.64937284300808
 20
1.299212479826474
 30
0.0
 40
0.09
  1
Transformer Rating
  7
ROMANS
100
AcDbText
  0
LWPOLYLINE
  5
3CCA
330
18
100
AcDbEntity
  8
0
 62
   252
420
  9672088
100
AcDbPolyline
 90
        2
 70
     0
 43
0.025
 10
16.17070584843484
 20
7.278618928550873
 10
16.17070584843484
 20
1.43872038993233
  0
LWPOLYLINE
  5
3CCB
330
18
100
AcDbEntity
  8
0
 62
   252
420
  9672088
100
AcDbPolyline
 90
        2
 70
     0
 43
0.025
 10
17.39861358648548
 20
1.449746899224444
 10
17.39861358648548
 20
-0.1696014425767558
  0
LWPOLYLINE
  5
3CCC
330
18
100
AcDbEntity
  8
0
 62
     5
100
AcDbPolyline
 90
        6
 70
     0
 43
0.02
 10
14.58141720443291
 20
1.331646650150835
 10
13.27918666920854
 20
1.331646650150835
 10
13.27918666920854
 20
-0.0658986675889397
 10
17.31194407801141
 20
-0.0658986675889393
 10
17.31194407801141
 20
1.331646650150835
 10
16.01236827962359
 20
1.331646650150835
  0
TEXT
  5
3CCD
330
18
100
AcDbEntity
  8
0
100
AcDbText
 10
18.21260028170873
 20
1.299212479826474
 30
0.0
 40
0.09
  1
Commissioning Date
  7
ROMANS
100
AcDbText
  0
LWPOLYLINE
  5
3CCE
330
18
100
AcDbEntity
  8
0
 62
   252
420
  9672088
100
AcDbPolyline
 90
        2
 70
     0
 43
0.025
 10
20.56849220197535
 20
1.452859848380292
 10
20.56849220197535
 20
-0.166488493420907
  0
LWPOLYLINE
  5
3CCF
330
18
100
AcDbEntity
  8
0
 62
     5
100
AcDbPolyline
 90
        3
 70
     0
 43
0.02
 10
17.48479871797579
 20
-0.0690100465572243
 10
17.48479871797579
 20
1.330995508222263
 10
17.99000246058129
 20
1.330995508222263
  0
LWPOLYLINE
  5
3CD0
330
18
100
AcDbEntity
  8
0
 62
     5
100
AcDbPolyline
 90
        4
 70
     0
 43
0.02
 10
19.87120316869019
 20
1.330995508222263
 10
20.44569003301305
 20
1.330995508222263
 10
20.44569003301305
 20
-0.0617490806131258
 10
17.48163103198769
 20
-0.0617490806131258
  0
TEXT
  5
3CD1
330
18
100
AcDbEntity
  8
0
 62
     1
100
AcDbText
 10
18.94781892675806
 20
-0.4624354014469532
 30
0.0
 40
0.1544300530228801
  1
RESTRICTED
  7
ROMANT
100
AcDbText
  0
TEXT
  5
3CD2
330
18
100
AcDbEntity
  8
HCOM
100
AcDbText
 10
14.65981819016224
 20
1.738361973508347
 30
0.0
 40
0.1
  1
NOORUL HUDA
  7
ROMANS
100
AcDbText
  0
MTEXT
  5
3CD3
330
18
100
AcDbEntity
  8
0
100
AcDbMText
 10
13.30039486684535
 20
1.854667126105483
 30
0.0
 40
0.1062227270550519
 41
1.205858884206142
 71
     1
 72
     5
  1
Approved by:
  7
ROMANS
 73
     1
 44
1.0
1001
ACAD
1000
ACAD_MTEXT_COLUMN_INFO_BEGIN
1070
    75
1070
     2
1070
    79
1070
     0
1070
    76
1070
     1
1070
    78
1070
     0
1070
    48
1040
1.205858884206142
1070
    49
1040
0.5311136352752596
1070
    50
1070
     1
1040
-0.1416303027400692
1000
ACAD_MTEXT_COLUMN_INFO_END
  0
TEXT
  5
3CD4
330
18
100
AcDbEntity
  8
HCOM
100
AcDbText
 10
14.39316177799541
 20
2.143377301415285
 30
0.0
 40
0.1
  1
IR. WAN SAIFULHASAN
  7
ROMANS
100
AcDbText
  0
MTEXT
  5
3CD5
330
18
100
AcDbEntity
  8
0
100
AcDbMText
 10
13.29768456051733
 20
2.25968245401242
 30
0.0
 40
0.1062227270550519
 41
1.205858884206142
 71
     1
 72
     5
  1
Checked by:
  7
ROMANS
 73
     1
 44
1.0
1001
ACAD
1000
ACAD_MTEXT_COLUMN_INFO_BEGIN
1070
    75
1070
     2
1070
    79
1070
     0
1070
    76
1070
     1
1070
    78
1070
     0
1070
    48
1040
1.205858884206142
1070
    49
1040
0.5311136352752596
1070
    50
1070
     1
1040
-0.1416303027400692
1000
ACAD_MTEXT_COLUMN_INFO_END
  0
TEXT
  5
3CD6
330
18
100
AcDbEntity
  8
HCOM
100
AcDbText
 10
15.03731881660309
 20
2.600160980064558
 30
0.0
 40
0.1
  1
DILA
  7
ROMANS
100
AcDbText
  0
MTEXT
  5
3CD7
330
18
100
AcDbEntity
  8
0
100
AcDbMText
 10
13.29554839727462
 20
2.716466132661694
 30
0.0
 40
0.1062227270550519
 41
1.205858884206142
 71
     1
 72
     5
  1
Drawn by:
  7
ROMANS
 73
     1
 44
1.0
1001
ACAD
1000
ACAD_MTEXT_COLUMN_INFO_BEGIN
1070
    75
1070
     2
1070
    79
1070
     0
1070
    76
1070
     1
1070
    78
1070
     0
1070
    48
1040
1.205858884206142
1070
    49
1040
0.5311136352752596
1070
    50
1070
     1
1040
-0.1416303027400692
1000
ACAD_MTEXT_COLUMN_INFO_END
  0
MTEXT
  5
3CD8
330
18
100
AcDbEntity
  8
0
100
AcDbMText
 10
13.29127629576695
 20
3.146391229886362
 30
0.0
 40
0.1062227270550519
 41
1.205858884206142
 71
     1
 72
     5
  1
Telephone:
  7
ROMANS
 73
     1
 44
1.0
1001
ACAD
1000
ACAD_MTEXT_COLUMN_INFO_BEGIN
1070
    75
1070
     2
1070
    79
1070
     0
1070
    76
1070
     1
1070
    78
1070
     0
1070
    48
1040
1.205858884206142
1070
    49
1040
0.5311136352752596
1070
    50
1070
     1
1040
-0.1416303027400692
1000
ACAD_MTEXT_COLUMN_INFO_END
  0
MTEXT
  5
3CD9
330
18
100
AcDbEntity
  8
0
100
AcDbMText
 10
13.29342573269381
 20
3.580184013082146
 30
0.0
 40
0.1062227270550519
 41
1.205858884206142
 71
     1
 72
     5
  1
PLC:
  7
ROMANS
 73
     1
 44
1.0
1001
ACAD
1000
ACAD_MTEXT_COLUMN_INFO_BEGIN
1070
    75
1070
     2
1070
    79
1070
     0
1070
    76
1070
     1
1070
    78
1070
     0
1070
    48
1040
1.205858884206142
1070
    49
1040
0.5311136352752596
1070
    50
1070
     1
1040
-0.1062227270550519
1000
ACAD_MTEXT_COLUMN_INFO_END
  0
TEXT
  5
3CDA
330
18
100
AcDbEntity
  8
HCOM
100
AcDbText
 10
14.7209236880215
 20
3.887198178690284
 30
0.0
 40
0.1
  1
BUTTERWORTH
  7
ROMANS
100
AcDbText
  0
MTEXT
  5
3CDB
330
18
100
AcDbEntity
  8
0
100
AcDbMText
 10
13.29342573269381
 20
4.003503331287419
 30
0.0
 40
0.1062227270550519
 41
1.205858884206142
 71
     1
 72
     5
  1
Area:
  7
ROMANS
 73
     1
 44
1.0
1001
ACAD
1000
ACAD_MTEXT_COLUMN_INFO_BEGIN
1070
    75
1070
     2
1070
    79
1070
     0
1070
    76
1070
     1
1070
    78
1070
     0
1070
    48
1040
1.205858884206142
1070
    49
1040
0.5311136352752596
1070
    50
1070
     1
1040
-0.1062227270550519
1000
ACAD_MTEXT_COLUMN_INFO_END
  0
TEXT
  5
3CDC
330
18
100
AcDbEntity
  8
HCOM
100
AcDbText
 10
15.05623520537119
 20
4.34859883680916
 30
0.0
 40
0.1
  1
2/26
  7
ROMANS
100
AcDbText
  0
MTEXT
  5
3CDD
330
18
100
AcDbEntity
  8
0
100
AcDbMText
 10
13.29045220245908
 20
4.464903989406295
 30
0.0
 40
0.1062227270550519
 41
1.205858884206142
 71
     1
 72
     5
  1
Revision:
  7
ROMANS
 73
     1
 44
1.0
1001
ACAD
1000
ACAD_MTEXT_COLUMN_INFO_BEGIN
1070
    75
1070
     2
1070
    79
1070
     0
1070
    76
1070
     1
1070
    78
1070
     0
1070
    48
1040
1.205858884206142
1070
    49
1040
0.5311136352752596
1070
    50
1070
     1
1040
-0.1062227270550519
1000
ACAD_MTEXT_COLUMN_INFO_END
  0
MTEXT
  5
3CDE
330
18
100
AcDbEntity
  8
0
100
AcDbMText
 10
13.27262897021922
 20
4.889358599916863
 30
0.0
 40
0.0953483869164517
 41
1.082411482415992
 71
     1
 72
     5
  1
Date Updated:
  7
ROMANS
 73
     1
 44
1.0
1001
ACAD
1000
ACAD_MTEXT_COLUMN_INFO_BEGIN
1070
    75
1070
     2
1070
    79
1070
     0
1070
    76
1070
     1
1070
    78
1070
     0
1070
    48
1040
1.082411482415992
1070
    49
1040
0.4767419345822586
1070
    50
1070
     1
1040
-0.127131182555269
1000
ACAD_MTEXT_COLUMN_INFO_END
  0
MTEXT
  5
3CDF
330
18
100
AcDbEntity
  8
0
100
AcDbMText
 10
13.30235824721595
 20
5.407501078793288
 30
0.0
 40
0.1062227270550519
 41
1.205858884206142
 71
     1
 72
     5
  1
PMU Comm.\PDate:
  7
ROMANS
 73
     1
 44
1.0
1001
ACAD
1000
ACAD_MTEXT_COLUMN_INFO_BEGIN
1070
    75
1070
     2
1070
    79
1070
     0
1070
    76
1070
     1
1070
    78
1070
     0
1070
    48
1040
1.205858884206142
1070
    49
1040
0.5311136352752596
1070
    50
1070
     1
1040
-0.2832606054801384
1000
ACAD_MTEXT_COLUMN_INFO_END
  0
TEXT
  5
3CE0
330
18
100
AcDbEntity
  8
HCOM
100
AcDbText
 10
14.51742491572894
 20
5.21356826138549
 30
0.0
 40
0.1
  1
17th. MAR., 1998
  7
ROMANS
100
AcDbText
  0
TEXT
  5
3CE1
330
18
100
AcDbEntity
  8
HCOM
100
AcDbText
 10
14.44554789215947
 20
5.672984202442208
 30
0.0
 40
0.1
  1
1-NBP-AJYA-1285
  7
ROMANS
100
AcDbText
  0
MTEXT
  5
3CE2
330
18
100
AcDbEntity
  8
0
100
AcDbMText
 10
13.2923816111973
 20
5.789289355039344
 30
0.0
 40
0.1062227270550519
 41
1.205858884206142
 71
     1
 72
     5
  1
Drawing No:
  7
ROMANS
 73
     1
 44
1.0
1001
ACAD
1000
ACAD_MTEXT_COLUMN_INFO_BEGIN
1070
    75
1070
     2
1070
    79
1070
     0
1070
    76
1070
     1
1070
    78
1070
     0
1070
    48
1040
1.205858884206142
1070
    49
1040
0.5311136352752596
1070
    50
1070
     1
1040
-0.1416303027400692
1000
ACAD_MTEXT_COLUMN_INFO_END
  0
TEXT
  5
3CE3
330
18
100
AcDbEntity
  8
HCOM
100
AcDbText
 10
14.98820824841264
 20
6.10541270201611
 30
0.0
 40
0.1
  1
132kV
  7
ROMANS
100
AcDbText
  0
MTEXT
  5
3CE4
330
18
100
AcDbEntity
  8
0
100
AcDbMText
 10
13.29252964652261
 20
6.221717854613246
 30
0.0
 40
0.1062227270550519
 41
1.205858884206142
 71
     1
 72
     5
  1
Voltage:
  7
ROMANS
 73
     1
 44
1.0
1001
ACAD
1000
ACAD_MTEXT_COLUMN_INFO_BEGIN
1070
    75
1070
     2
1070
    79
1070
     0
1070
    76
1070
     1
1070
    78
1070
     0
1070
    48
1040
1.205858884206142
1070
    49
1040
0.5311136352752596
1070
    50
1070
     1
1040
-0.1416303027400692
1000
ACAD_MTEXT_COLUMN_INFO_END
  0
TEXT
  5
3CE5
330
18
100
AcDbEntity
  8
HCOM
100
AcDbText
 10
15.02024641531051
 20
6.549408563906525
 30
0.0
 40
0.1
  1
AJYA
  7
ROMANS
100
AcDbText
  0
MTEXT
  5
3CE6
330
18
100
AcDbEntity
  8
0
100
AcDbMText
 10
13.28545994734006
 20
6.66571371650366
 30
0.0
 40
0.1062227270550519
 41
1.205858884206142
 71
     1
 72
     5
  1
Mneumonic:
  7
ROMANS
 73
     1
 44
1.0
1001
ACAD
1000
ACAD_MTEXT_COLUMN_INFO_BEGIN
1070
    75
1070
     2
1070
    79
1070
     0
1070
    76
1070
     1
1070
    78
1070
     0
1070
    48
1040
1.205858884206142
1070
    49
1040
0.5311136352752596
1070
    50
1070
     1
1040
-0.1062227270550519
1000
ACAD_MTEXT_COLUMN_INFO_END
  0
LWPOLYLINE
  5
3CE7
330
18
100
AcDbEntity
  8
0
 62
     1
100
AcDbPolyline
 90
        4
 70
     1
 43
0.0
 10
16.08243482205725
 20
7.17147081205772
 10
14.3462441920727
 20
7.17147081205772
 10
14.3462441920727
 20
6.869756056726283
 10
16.08243482205725
 20
6.869756056726283
  0
MTEXT
  5
3CE8
330
18
100
AcDbEntity
  8
0
100
AcDbMText
 10
13.26937876646335
 20
7.090359319792114
 30
0.0
 40
0.1062227270550519
 41
1.205858884206142
 71
     1
 72
     5
  1
Substation:
  7
ROMANS
 73
     1
 44
1.0
1001
ACAD
1000
ACAD_MTEXT_COLUMN_INFO_BEGIN
1070
    75
1070
     2
1070
    79
1070
     0
1070
    76
1070
     1
1070
    78
1070
     0
1070
    48
1040
1.205858884206142
1070
    49
1040
0.5311136352752596
1070
    50
1070
     1
1040
-0.106222727055052
1000
ACAD_MTEXT_COLUMN_INFO_END
  0
LWPOLYLINE
  5
3CE9
330
18
100
AcDbEntity
  8
0
 62
     1
100
AcDbPolyline
 90
        4
 70
     1
 43
0.0
 10
16.08243494582661
 20
6.750923902823146
 10
14.34624431584206
 20
6.750923902823146
 10
14.34624431584206
 20
6.449209147491709
 10
16.08243494582661
 20
6.449209147491709
  0
LWPOLYLINE
  5
3CEA
330
18
100
AcDbEntity
  8
0
 62
     1
100
AcDbPolyline
 90
        4
 70
     1
 43
0.0
 10
16.08243506959596
 20
6.31119731408009
 10
14.34624443961141
 20
6.31119731408009
 10
14.34624443961141
 20
6.009482558748653
 10
16.08243506959596
 20
6.009482558748653
  0
LWPOLYLINE
  5
3CEB
330
18
100
AcDbEntity
  8
0
 62
     1
100
AcDbPolyline
 90
        4
 70
     1
 43
0.0
 10
16.08243519336531
 20
5.878068444947957
 10
14.34624456338076
 20
5.878068444947957
 10
14.34624456338076
 20
5.57635368961652
 10
16.08243519336531
 20
5.57635368961652
  0
LWPOLYLINE
  5
3CEC
330
18
100
AcDbEntity
  8
0
 62
     1
100
AcDbPolyline
 90
        4
 70
     1
 43
0.0
 10
16.08243531713467
 20
5.413418030017965
 10
14.34624468715012
 20
5.413418030017965
 10
14.34624468715012
 20
5.111703274686528
 10
16.08243531713467
 20
5.111703274686528
  0
LWPOLYLINE
  5
3CED
330
18
100
AcDbEntity
  8
0
 62
     1
100
AcDbPolyline
 90
        4
 70
     1
 43
0.0
 10
16.08243544090402
 20
4.99261088951863
 10
14.34624481091947
 20
4.99261088951863
 10
14.34624481091947
 20
4.690896134187193
 10
16.08243544090402
 20
4.690896134187193
  0
LWPOLYLINE
  5
3CEE
330
18
100
AcDbEntity
  8
0
 62
     1
100
AcDbPolyline
 90
        4
 70
     1
 43
0.0
 10
16.08243556467337
 20
4.543982977089883
 10
14.34624493468883
 20
4.543982977089883
 10
14.34624493468883
 20
4.242268221758446
 10
16.08243556467337
 20
4.242268221758446
  0
LWPOLYLINE
  5
3CEF
330
18
100
AcDbEntity
  8
0
 62
     1
100
AcDbPolyline
 90
        4
 70
     1
 43
0.0
 10
16.08243568844273
 20
4.086006397318101
 10
14.34624505845818
 20
4.086006397318101
 10
14.34624505845818
 20
3.784291641986664
 10
16.08243568844273
 20
3.784291641986664
  0
LWPOLYLINE
  5
3CF0
330
18
100
AcDbEntity
  8
0
 62
     1
100
AcDbPolyline
 90
        4
 70
     1
 43
0.0
 10
16.08243581221208
 20
3.674764164236251
 10
14.34624518222753
 20
3.674764164236251
 10
14.34624518222753
 20
3.373049408904814
 10
16.08243581221208
 20
3.373049408904814
  0
LWPOLYLINE
  5
3CF1
330
18
100
AcDbEntity
  8
0
 62
     1
100
AcDbPolyline
 90
        4
 70
     1
 43
0.0
 10
16.08243593598144
 20
3.215149841594581
 10
14.34624530599689
 20
3.215149841594581
 10
14.34624530599689
 20
2.913435086263144
 10
16.08243593598144
 20
2.913435086263144
  0
LWPOLYLINE
  5
3CF2
330
18
100
AcDbEntity
  8
0
 62
     1
100
AcDbPolyline
 90
        4
 70
     1
 43
0.0
 10
16.08243605975079
 20
2.808989729730413
 10
14.34624542976624
 20
2.808989729730413
 10
14.34624542976624
 20
2.507274974398976
 10
16.08243605975079
 20
2.507274974398976
  0
LWPOLYLINE
  5
3CF3
330
18
100
AcDbEntity
  8
0
 62
     1
100
AcDbPolyline
 90
        4
 70
     1
 43
0.0
 10
16.08243618352014
 20
2.356625802534154
 10
14.3462455535356
 20
2.356625802534154
 10
14.3462455535356
 20
2.054911047202717
 10
16.08243618352014
 20
2.054911047202717
  0
LWPOLYLINE
  5
3CF4
330
18
100
AcDbEntity
  8
0
 62
     1
100
AcDbPolyline
 90
        4
 70
     1
 43
0.0
 10
16.0824363072895
 20
1.948943979059578
 10
14.34624567730495
 20
1.948943979059578
 10
14.34624567730495
 20
1.647229223728141
 10
16.0824363072895
 20
1.647229223728141
  0
TEXT
  5
3CF7
330
18
100
AcDbEntity
  8
KULE
100
AcDbText
 10
14.5083056211006
 20
4.773682148118117
 30
0.0
 40
0.11
  1
30th. JAN., 2026
  7
ROMANS
100
AcDbText
  0
MTEXT
  5
3CF8
330
18
100
AcDbEntity
  8
0
100
AcDbMText
 10
14.88446323219108
 20
7.082993694650433
 30
0.0
 40
0.1139609933088188
 41
2.418514467569957
 71
     1
 72
     5
  1
AMANJAYA
  7
ROMANS
 73
     1
 44
1.0
1001
ACAD
1000
ACAD_MTEXT_COLUMN_INFO_BEGIN
1070
    75
1070
     2
1070
    79
1070
     0
1070
    76
1070
     1
1070
    78
1070
     0
1070
    48
1040
2.418514467569957
1070
    49
1040
0.5698049665440941
1070
    50
1070
     1
1040
-0.1139609933088189
1000
ACAD_MTEXT_COLUMN_INFO_END
  0
TEXT
  5
3E90
330
18
100
AcDbEntity
  8
0
100
AcDbText
 10
13.58340634082625
 20
0.6924204673191581
 30
0.0
 40
0.0768
  1
132/33 kV
  7
ROMANS
100
AcDbText
  0
LWPOLYLINE
  5
3E91
330
18
100
AcDbEntity
  8
0
 62
   146
420
  1070729
100
AcDbPolyline
 90
        4
 70
     1
 43
0.0
 10
15.03103693674593
 20
0.8166787399596349
 10
14.24256679191803
 20
0.8166787399596349
 10
14.24256679191803
 20
0.6479746703987017
 10
15.03103693674593
 20
0.6479746703987017
  0
LWPOLYLINE
  5
3E92
330
18
100
AcDbEntity
  8
0
 62
   146
420
  1070729
100
AcDbPolyline
 90
        4
 70
     1
 43
0.0
 10
15.88383923994724
 20
0.8166787399596349
 10
15.50884453384758
 20
0.8166787399596349
 10
15.50884453384758
 20
0.6479746703987017
 10
15.88383923994724
 20
0.6479746703987017
  0
LWPOLYLINE
  5
3E93
330
18
100
AcDbEntity
  8
0
 62
   146
420
  1070729
100
AcDbPolyline
 90
        4
 70
     1
 43
0.0
 10
16.87177271956062
 20
0.8166787399596349
 10
16.41330667082244
 20
0.8166787399596349
 10
16.41330667082244
 20
0.6479746703987017
 10
16.87177271956062
 20
0.6479746703987017
  0
LWPOLYLINE
  5
3E94
330
18
100
AcDbEntity
  8
0
 62
   146
420
  1070729
100
AcDbPolyline
 90
        4
 70
     1
 43
0.0
 10
15.88385381650184
 20
0.5900915991663089
 10
15.50885911040218
 20
0.5900915991663089
 10
15.50885911040218
 20
0.4213875296053757
 10
15.88385381650184
 20
0.4213875296053757
  0
LWPOLYLINE
  5
3E95
330
18
100
AcDbEntity
  8
0
 62
   146
420
  1070729
100
AcDbPolyline
 90
        4
 70
     1
 43
0.0
 10
16.87349686918497
 20
0.5900915991663089
 10
16.42429505498656
 20
0.5900915991663089
 10
16.42429505498656
 20
0.4213875296053757
 10
16.87349686918497
 20
0.4213875296053757
  0
TEXT
  5
3E96
330
18
100
AcDbEntity
  8
0
100
AcDbText
 10
13.60481808643862
 20
0.4680897662376364
 30
0.0
 40
0.0768
  1
132/11kV
  7
ROMANS
100
AcDbText
  0
LWPOLYLINE
  5
3E97
330
18
100
AcDbEntity
  8
0
 62
   146
420
  1070729
100
AcDbPolyline
 90
        4
 70
     1
 43
0.0
 10
15.02266702599377
 20
0.5900915991663089
 10
14.23419688116588
 20
0.5900915991663089
 10
14.23419688116588
 20
0.4213875296053757
 10
15.02266702599377
 20
0.4213875296053757
  0
TEXT
  5
3E98
330
18
100
AcDbEntity
  8
0
100
AcDbText
 10
15.16281603204724
 20
0.5264402778798127
 30
0.0
 40
0.0767999999999999
  1
Cap.:
  7
ROMANS
100
AcDbText
  0
TEXT
  5
3E99
330
18
100
AcDbEntity
  8
0
100
AcDbText
 10
15.16281603204724
 20
0.6297700038849412
 30
0.0
 40
0.0767999999999999
  1
Total
  7
ROMANS
100
AcDbText
  0
TEXT
  5
3E9A
330
18
100
AcDbEntity
  8
0
100
AcDbText
 10
15.97097237261472
 20
0.526863659605666
 30
0.0
 40
0.0768
  1
Group:
  7
ROMANS
100
AcDbText
  0
TEXT
  5
3E9B
330
18
100
AcDbEntity
  8
0
100
AcDbText
 10
15.97097237261472
 20
0.6335812589141858
 30
0.0
 40
0.0768
  1
Vector
  7
ROMANS
100
AcDbText
  0
TEXT
  5
3E9C
330
18
100
AcDbEntity
  8
AHTM
 62
     7
100
AcDbText
 10
15.61080710327908
 20
0.6934229931903919
 30
0.0
 40
0.08
  1
90
  7
ROMANS
100
AcDbText
  0
TEXT
  5
3E9D
330
18
100
AcDbEntity
  8
AHTM
 62
     7
100
AcDbText
 10
16.55434298245202
 20
0.6989354683179274
 30
0.0
 40
0.08
  1
Yd1
  7
ROMANS
100
AcDbText
  0
TEXT
  5
3E9E
330
18
100
AcDbEntity
  8
AHTM
 62
     7
100
AcDbText
 10
14.37240234511339
 20
0.4747497752233494
 30
0.0
 40
0.0800000000000001
  1
2x30MVA
  7
ROMANS
100
AcDbText
  0
TEXT
  5
3E9F
330
18
100
AcDbEntity
  8
AHTM
 62
     7
100
AcDbText
 10
15.59987574610193
 20
0.4692373000958139
 30
0.0
 40
0.08
  1
60
  7
ROMANS
100
AcDbText
  0
TEXT
  5
3EA0
330
18
100
AcDbEntity
  8
AHTM
 62
     7
100
AcDbText
 10
16.57020337713726
 20
0.4747497752233494
 30
0.0
 40
0.08
  1
Yy0
  7
ROMANS
100
AcDbText
  0
TEXT
  5
3EA1
330
18
100
AcDbEntity
  8
AHTM
 62
     7
100
AcDbText
 10
14.38062637090801
 20
0.6839214452186912
 30
0.0
 40
0.0800000000000001
  1
2x45MVA
  7
ROMANS
100
AcDbText
  0
TEXT
  5
3EB6
330
18
100
AcDbEntity
  8
0
100
AcDbText
 10
17.9909577209518
 20
0.3468095888968552
 30
0.0
 40
0.08
  1
T3
  7
ROMANT
100
AcDbText
  0
LINE
  5
3EB7
330
18
100
AcDbEntity
  8
0
 62
   146
420
  1070729
100
AcDbLine
 10
18.159497385787
 20
0.5284682473616831
 30
0.0
 11
18.159497385787
 21
0.2610274777873585
 31
0.0
  0
LWPOLYLINE
  5
3EB8
330
18
100
AcDbEntity
  8
0
 62
   146
420
  1070729
100
AcDbPolyline
 90
        4
 70
     1
 43
0.0
 10
18.92022534284309
 20
0.5284682473616831
 10
17.96210081871445
 20
0.5284682473616829
 10
17.96210081871445
 20
0.2610274777873585
 10
18.92022534284309
 20
0.2610274777873585
  0
LWPOLYLINE
  5
3EB9
330
18
100
AcDbEntity
  8
0
 62
   146
420
  1070729
100
AcDbPolyline
 90
        4
 70
     1
 43
0.0
 10
18.92022534284309
 20
0.9273198465106276
 10
17.96210081871445
 20
0.9273198465106276
 10
17.96210081871445
 20
0.659879076936303
 10
18.92022534284309
 20
0.659879076936303
  0
TEXT
  5
3EBA
330
18
100
AcDbEntity
  8
0
100
AcDbText
 10
17.9909577209518
 20
0.7456611880457995
 30
0.0
 40
0.08
  1
T1
  7
ROMANT
100
AcDbText
  0
LINE
  5
3EBB
330
18
100
AcDbEntity
  8
0
 62
   146
420
  1070729
100
AcDbLine
 10
18.159497385787
 20
0.9273198465106276
 30
0.0
 11
18.159497385787
 21
0.659879076936303
 31
0.0
  0
LWPOLYLINE
  5
3EBC
330
18
100
AcDbEntity
  8
0
 62
   146
420
  1070729
100
AcDbPolyline
 90
        4
 70
     1
 43
0.0
 10
19.96257990868288
 20
0.9273198465106276
 10
19.00445538455423
 20
0.9273198465106276
 10
19.00445538455423
 20
0.659879076936303
 10
19.96257990868288
 20
0.659879076936303
  0
LWPOLYLINE
  5
3EBD
330
18
100
AcDbEntity
  8
0
 62
   146
420
  1070729
100
AcDbPolyline
 90
        4
 70
     1
 43
0.0
 10
19.96257990868288
 20
0.5284682473616831
 10
19.00445538455423
 20
0.5284682473616829
 10
19.00445538455423
 20
0.2610274777873585
 10
19.96257990868288
 20
0.2610274777873585
  0
TEXT
  5
3EBE
330
18
100
AcDbEntity
  8
0
100
AcDbText
 10
19.03331228679159
 20
0.3468095888968552
 30
0.0
 40
0.08
  1
T4
  7
ROMANT
100
AcDbText
  0
LINE
  5
3EBF
330
18
100
AcDbEntity
  8
0
 62
   146
420
  1070729
100
AcDbLine
 10
19.20185195162678
 20
0.5284682473616831
 30
0.0
 11
19.20185195162678
 21
0.2610274777873585
 31
0.0
  0
LINE
  5
3EC0
330
18
100
AcDbEntity
  8
0
 62
   146
420
  1070729
100
AcDbLine
 10
19.20185195162678
 20
0.9273198465106276
 30
0.0
 11
19.20185195162678
 21
0.659879076936303
 31
0.0
  0
TEXT
  5
3EC1
330
18
100
AcDbEntity
  8
0
100
AcDbText
 10
19.03331228679159
 20
0.7456611880457995
 30
0.0
 40
0.08
  1
T2
  7
ROMANT
100
AcDbText
  0
TEXT
  5
3EC2
330
18
100
AcDbEntity
  8
AHTM
 62
     7
100
AcDbText
 10
18.21232098427633
 20
0.3583410182615987
 30
0.0
 40
0.0800000000000001
  1
16/03/14
  7
ROMANS
100
AcDbText
  0
TEXT
  5
3EC3
330
18
100
AcDbEntity
  8
AHTM
 62
     7
100
AcDbText
 10
19.26474820717081
 20
0.3583410182615987
 30
0.0
 40
0.08
  1
21/03/14
  7
ROMANS
100
AcDbText
  0
TEXT
  5
3EC4
330
18
100
AcDbEntity
  8
AHTM
 62
     7
100
AcDbText
 10
18.21232098427633
 20
0.743034688240777
 30
0.0
 40
0.0800000000000001
  1
03/06/98
  7
ROMANS
100
AcDbText
  0
TEXT
  5
3EC5
330
18
100
AcDbEntity
  8
AHTM
 62
     7
100
AcDbText
 10
19.26534927913507
 20
0.743034688240777
 30
0.0
 40
0.08
  1
03/06/98
  7
ROMANS
100
AcDbText
  0
TEXT
  5
3ECB
330
18
100
AcDbEntity
  8
HCOM
100
AcDbText
 10
24.23080230208187
 20
-0.0760220511173912
 30
0.0
 40
0.1
  1
1-NBP-AJYA-1285
  7
ROMANS
100
AcDbText
  0
TEXT
  5
3ED1
330
18
100
AcDbEntity
  8
0
100
AcDbText
 10
20.78716836926386
 20
1.063598452669191
 30
0.0
 40
0.0713880896960947
  1
1/14-New T3&T4 was comm. (2x45MVA) on 21/3/14.
  7
ROMANS
100
AcDbText
  0
TEXT
  5
3ED7
330
18
100
AcDbEntity
  8
0
100
AcDbText
 10
20.78807892971712
 20
0.8763830114114988
 30
0.0
 40
0.0713880896960947
  1
1/25-Future T3_N was added
  7
ROMANS
100
AcDbText
  0
LINE
  5
3FD9
330
18
100
AcDbEntity
  8
AHTM
 62
     3
100
AcDbLine
 10
19.03127043485043
 20
5.462847033771697
 30
0.0
 11
19.03127043485043
 21
5.506204374618809
 31
0.0
  0
LINE
  5
3FDA
330
18
100
AcDbEntity
  8
AHTM
 62
     7
100
AcDbLine
 10
19.00701137833438
 20
5.462968245054973
 30
0.0
 11
19.05555244718456
 21
5.462968245054973
 31
0.0
  0
LWPOLYLINE
  5
3FDB
330
18
100
AcDbEntity
  8
AHTM
 62
     3
100
AcDbPolyline
 90
        4
 70
     1
 43
0.0
 10
18.9045874202967
 20
5.026527898049405
 10
18.84164719309925
 20
5.026527898049405
 10
18.84164719309925
 20
4.972493269160668
 10
18.9045874202967
 20
4.972493269160668
  0
LWPOLYLINE
  5
3FDC
330
18
100
AcDbEntity
  8
AHTM
 62
     3
100
AcDbPolyline
 90
        4
 70
     1
 43
0.0
 10
18.87524790745719
 20
5.240713313078183
 10
18.90914512195259
 20
5.283990278528901
 10
18.87524158452966
 20
5.327956916735805
 10
18.8413506929618
 20
5.283990278528901
  0
LINE
  5
3FDD
330
18
100
AcDbEntity
  8
AHTM
 62
     7
100
AcDbLine
 10
19.01630367408128
 20
5.451104663696357
 30
0.0
 11
19.04626015143765
 21
5.451104663696357
 31
0.0
  0
LINE
  5
3FDE
330
18
100
AcDbEntity
  8
AHTM
 62
     7
100
AcDbLine
 10
19.02547276753883
 20
5.43939837612424
 30
0.0
 11
19.0370910579801
 21
5.43939837612424
 31
0.0
  0
LWPOLYLINE
  5
3FDF
330
18
100
AcDbEntity
  8
AHTM
 62
     3
100
AcDbPolyline
 90
        4
 70
     1
 43
0.0
 10
18.94968224588558
 20
5.476385588696774
 10
18.97341029603235
 20
5.506679464512276
 10
18.9496778198363
 20
5.537456111257109
 10
18.9259541957388
 20
5.506679464512276
  0
LINE
  5
3FE0
330
18
100
AcDbEntity
  8
AHTM
 62
     3
100
AcDbLine
 10
18.8758281064852
 20
5.506204374618809
 30
0.0
 11
18.92632631573048
 21
5.506204374618809
 31
0.0
  0
LINE
  5
3FE1
330
18
100
AcDbEntity
  8
AHTM
 62
     3
100
AcDbLine
 10
18.97303817604068
 20
5.506204374618809
 30
0.0
 11
19.03127043485043
 21
5.506204374618809
 31
0.0
  0
LINE
  5
3FE2
330
18
100
AcDbEntity
  8
AHTM
 62
     3
100
AcDbLine
 10
18.8758281064852
 20
5.241454059881828
 30
0.0
 11
18.8758281064852
 21
5.026527898049405
 31
0.0
  0
LINE
  5
3FE3
330
18
100
AcDbEntity
  8
AHTM
 62
     3
100
AcDbLine
 10
19.01138218836536
 20
4.332099356686046
 30
0.0
 11
19.01138218836536
 21
4.235640375594969
 31
0.0
  0
LWPOLYLINE
  5
3FE4
330
18
100
AcDbEntity
  8
AHTM
 62
     3
100
AcDbPolyline
 90
        4
 70
     1
 43
0.0
 10
19.01080198933736
 20
4.331358609882401
 10
19.04469920383275
 20
4.37463557533312
 10
19.01079566640983
 20
4.418602213540024
 10
18.97690477484196
 20
4.37463557533312
  0
LINE
  5
3FE5
330
18
100
AcDbEntity
  8
AHTM
 62
     3
100
AcDbLine
 10
19.01138218836536
 20
4.757082241611871
 30
0.0
 11
19.01138218836536
 21
4.658857599801448
 31
0.0
  0
LWPOLYLINE
  5
3FE6
330
18
100
AcDbEntity
  8
AHTM
 62
     3
100
AcDbPolyline
 90
        4
 70
     1
 43
0.0
 10
19.01080198933736
 20
4.572374606999802
 10
19.04469920383275
 20
4.61565157245052
 10
19.01079566640983
 20
4.659618210657425
 10
18.97690477484196
 20
4.61565157245052
  0
LINE
  5
3FE7
330
18
100
AcDbEntity
  8
AHTM
 62
     3
100
AcDbLine
 10
19.01138218836536
 20
4.573115353803448
 30
0.0
 11
19.01138218836536
 21
4.417841602684048
 31
0.0
  0
LINE
  5
3FE8
330
18
100
AcDbEntity
  8
AHTM
 62
     3
100
AcDbLine
 10
18.8758281064852
 20
5.705535357685114
 30
0.0
 11
18.8758281064852
 21
5.327196305879828
 31
0.0
  0
LINE
  5
3FE9
330
18
100
AcDbEntity
  8
AHTM
 62
     3
100
AcDbLine
 10
21.2169104188781
 20
4.573115353803448
 30
0.0
 11
21.2169104188781
 21
4.528670377177107
 31
0.0
  0
LWPOLYLINE
  5
3FEA
330
18
100
AcDbEntity
  8
AHTM
 62
     3
100
AcDbPolyline
 90
        4
 70
     1
 43
0.0
 10
21.21633021985009
 20
4.572374606999802
 10
21.25022743434548
 20
4.61565157245052
 10
21.21632389692255
 20
4.659618210657425
 10
21.18243300535469
 20
4.61565157245052
  0
LINE
  5
3FEB
330
18
100
AcDbEntity
  8
AHTM
 62
     3
100
AcDbLine
 10
21.2169104188781
 20
4.757082241611871
 30
0.0
 11
21.2169104188781
 21
4.658857599801448
 31
0.0
  0
LWPOLYLINE
  5
3FEC
330
18
100
AcDbEntity
  8
AHTM
 62
     3
100
AcDbPolyline
 90
        4
 70
     1
 43
0.0
 10
21.21633021985009
 20
4.331358609882401
 10
21.25022743434548
 20
4.37463557533312
 10
21.21632389692255
 20
4.418602213540024
 10
21.18243300535469
 20
4.37463557533312
  0
LINE
  5
3FED
330
18
100
AcDbEntity
  8
AHTM
 62
     3
100
AcDbLine
 10
21.2169104188781
 20
4.332099356686046
 30
0.0
 11
21.2169104188781
 21
4.235640375594969
 31
0.0
  0
LWPOLYLINE
  5
3FEE
330
18
100
AcDbEntity
  8
AHTM
 62
     3
100
AcDbPolyline
 90
        4
 70
     1
 43
0.0
 10
21.24991015887472
 20
4.528670377177107
 10
21.18696993167725
 20
4.528670377177107
 10
21.18696993167725
 20
4.474635748288367
 10
21.24991015887472
 20
4.474635748288367
  0
TEXT
  5
3FEF
330
18
100
AcDbEntity
  8
AHTM
100
AcDbText
 10
21.27268986021933
 20
4.587665360077235
 30
0.0
 40
0.0553473783837419
  1
134
100
AcDbText
  0
TEXT
  5
3FF0
330
18
100
AcDbEntity
  8
AHTM
100
AcDbText
 10
21.28203469547293
 20
4.472597005992803
 30
0.0
 40
0.0553473783837419
  1
130
100
AcDbText
  0
TEXT
  5
3FF1
330
18
100
AcDbEntity
  8
AHTM
100
AcDbText
 10
21.26334502496573
 20
4.334705928463505
 30
0.0
 40
0.0553473783837419
  1
136
100
AcDbText
  0
TEXT
  5
3FF2
330
18
100
AcDbEntity
  8
AHTM
100
AcDbText
 10
22.72762696401215
 20
4.003548627708644
 30
0.0
 40
0.0553473783837419
  1
132/11kV
  7
ROMANS
100
AcDbText
  0
TEXT
  5
3FF3
330
18
100
AcDbEntity
  8
AHTM
100
AcDbText
 10
25.13795303487542
 20
4.720986483339087
 30
0.0
 40
0.0553473783837419
  1
132kV
100
AcDbText
  0
LINE
  5
3FF4
330
18
100
AcDbEntity
  8
AHTM
 62
     3
100
AcDbLine
 10
21.2169104188781
 20
4.474635748288367
 30
0.0
 11
21.2169104188781
 21
4.417841602684048
 31
0.0
  0
LINE
  5
3FF5
330
18
100
AcDbEntity
  8
AHTM
 62
     3
100
AcDbLine
 10
19.74887167166005
 20
3.888988048265037
 30
0.0
 11
19.74887167166005
 21
4.043604311532365
 31
0.0
  0
CIRCLE
  5
3FF6
330
18
100
AcDbEntity
  8
AHTM
 62
     3
100
AcDbCircle
 10
19.74899625323294
 20
3.791947649033796
 30
0.0
 40
0.0962205046208743
  0
TEXT
  5
3FF7
330
18
100
AcDbEntity
  8
AHTM
100
AcDbText
 10
21.00850981818385
 20
3.024345201002212
 30
0.0
 40
0.0553473783837419
  1
4T0
100
AcDbText
  0
TEXT
  5
3FF8
330
18
100
AcDbEntity
  8
AHTM
100
AcDbText
 10
19.82155410484321
 20
4.045224135045249
 30
0.0
 40
0.0553473783837419
  1
410
100
AcDbText
  0
TEXT
  5
3FF9
330
18
100
AcDbEntity
  8
AHTM
100
AcDbText
 10
19.94485699256674
 20
4.351725004281466
 30
0.0
 40
0.0553473783837419
  1
416
100
AcDbText
  0
TEXT
  5
3FFA
330
18
100
AcDbEntity
  8
AHTM
100
AcDbText
 10
19.96354666307396
 20
4.59995623219357
 30
0.0
 40
0.0553473783837419
  1
414
100
AcDbText
  0
TEXT
  5
3FFB
330
18
100
AcDbEntity
  8
AHTM
100
AcDbText
 10
19.90679032942914
 20
3.737265099073626
 30
0.0
 40
0.0670877313742325
  1
T4
100
AcDbText
  0
LINE
  5
3FFC
330
18
100
AcDbEntity
  8
AHTM
 62
     1
100
AcDbLine
 10
19.74769059689891
 20
3.195145489689886
 30
0.0
 11
19.75030190956697
 21
3.610012579293947
 31
0.0
  0
LWPOLYLINE
  5
3FFD
330
18
100
AcDbEntity
  8
AHTM
 62
     1
100
AcDbPolyline
 90
        4
 70
     1
 43
0.0
 10
20.96458669881219
 20
3.020713309691765
 10
20.90164647161473
 20
3.020713309691765
 10
20.90164647161473
 20
3.074747938580503
 10
20.96458669881219
 20
3.074747938580503
  0
CIRCLE
  5
3FFE
330
18
100
AcDbEntity
  8
AHTM
 62
     1
100
AcDbCircle
 10
19.74899625323294
 20
3.70623117790773
 30
0.0
 40
0.0962205046208743
  0
LWPOLYLINE
  5
3FFF
330
18
100
AcDbEntity
  8
AHTM
 62
     3
100
AcDbPolyline
 90
        4
 70
     1
 43
0.0
 10
19.77763098547155
 20
4.043604311532365
 10
19.71469075827409
 20
4.043604311532365
 10
19.71469075827409
 20
4.097638940421099
 10
19.77763098547155
 20
4.097638940421099
  0
LINE
  5
4000
330
18
100
AcDbEntity
  8
AHTM
 62
     3
100
AcDbLine
 10
19.88171495375298
 20
4.658256291522037
 30
0.0
 11
19.88171495375298
 21
4.754715272613116
 31
0.0
  0
LWPOLYLINE
  5
4001
330
18
100
AcDbEntity
  8
AHTM
 62
     3
100
AcDbPolyline
 90
        4
 70
     1
 43
0.0
 10
19.88113475472496
 20
4.658997038325682
 10
19.91503196922035
 20
4.615720072874963
 10
19.88112843179743
 20
4.571753434668058
 10
19.84723754022956
 20
4.615720072874963
  0
LINE
  5
4002
330
18
100
AcDbEntity
  8
AHTM
 62
     3
100
AcDbLine
 10
19.88171495375298
 20
4.233273406596213
 30
0.0
 11
19.88171495375298
 21
4.331498048406635
 31
0.0
  0
LWPOLYLINE
  5
4003
330
18
100
AcDbEntity
  8
AHTM
 62
     3
100
AcDbPolyline
 90
        4
 70
     1
 43
0.0
 10
19.88113475472496
 20
4.417981041208281
 10
19.91503196922035
 20
4.374704075757563
 10
19.88112843179743
 20
4.33073743755066
 10
19.84723754022956
 20
4.374704075757563
  0
LINE
  5
4004
330
18
100
AcDbEntity
  8
AHTM
 62
     3
100
AcDbLine
 10
19.88171495375298
 20
4.417240294404636
 30
0.0
 11
19.88171495375298
 21
4.572514045524036
 31
0.0
  0
LINE
  5
4005
330
18
100
AcDbEntity
  8
AHTM
 62
     1
100
AcDbLine
 10
20.93582738500069
 20
2.852809837913313
 30
0.0
 11
20.93582738500069
 21
3.020713309691765
 31
0.0
  0
LINE
  5
4006
330
18
100
AcDbEntity
  8
AHTM
 62
     1
100
AcDbLine
 10
19.49905681012503
 20
2.852809837913313
 30
0.0
 11
19.49905681012503
 21
3.020713309691764
 31
0.0
  0
LINE
  5
4007
330
18
100
AcDbEntity
  8
AHTM
 62
     3
100
AcDbLine
 10
20.7151364607068
 20
4.434559914222477
 30
0.0
 11
20.7151364607068
 21
4.589833665341876
 31
0.0
  0
LWPOLYLINE
  5
4008
330
18
100
AcDbEntity
  8
AHTM
 62
     3
100
AcDbPolyline
 90
        4
 70
     1
 43
0.0
 10
20.71455626167879
 20
4.435300661026122
 10
20.74845347617418
 20
4.392023695575404
 10
20.71454993875125
 20
4.348057057368499
 10
20.68065904718338
 20
4.392023695575404
  0
LINE
  5
4009
330
18
100
AcDbEntity
  8
AHTM
 62
     3
100
AcDbLine
 10
20.7151364607068
 20
4.250593026414053
 30
0.0
 11
20.7151364607068
 21
4.348817668224475
 31
0.0
  0
LWPOLYLINE
  5
400A
330
18
100
AcDbEntity
  8
AHTM
 62
     3
100
AcDbPolyline
 90
        4
 70
     1
 43
0.0
 10
20.71455626167879
 20
4.676316658143522
 10
20.74845347617418
 20
4.633039692692805
 10
20.71454993875125
 20
4.589073054485898
 10
20.68065904718338
 20
4.633039692692805
  0
LINE
  5
400B
330
18
100
AcDbEntity
  8
AHTM
 62
     3
100
AcDbLine
 10
20.7151364607068
 20
4.675575911339878
 30
0.0
 11
20.7151364607068
 21
4.772034892430955
 31
0.0
  0
LWPOLYLINE
  5
400C
330
18
100
AcDbEntity
  8
AHTM
 62
     3
100
AcDbPolyline
 90
        4
 70
     1
 43
0.0
 10
20.61105249242538
 20
4.060923931350205
 10
20.54811226522791
 20
4.060923931350205
 10
20.54811226522791
 20
4.114958560238938
 10
20.61105249242538
 20
4.114958560238938
  0
CIRCLE
  5
400D
330
18
100
AcDbEntity
  8
AHTM
 62
     1
100
AcDbCircle
 10
20.58241776018676
 20
3.72355079772557
 30
0.0
 40
0.0962205046208743
  0
LWPOLYLINE
  5
400E
330
18
100
AcDbEntity
  8
AHTM
 62
     1
100
AcDbPolyline
 90
        4
 70
     1
 43
0.0
 10
19.52953961191642
 20
3.020713309691765
 10
19.46659938471895
 20
3.020713309691765
 10
19.46659938471895
 20
3.074747938580503
 10
19.52953961191642
 20
3.074747938580503
  0
LINE
  5
400F
330
18
100
AcDbEntity
  8
AHTM
 62
     1
100
AcDbLine
 10
20.57958237882663
 20
3.047730624136134
 30
0.0
 11
20.57958237882664
 21
3.627372078031251
 31
0.0
  0
TEXT
  5
4010
330
18
100
AcDbEntity
  8
AHTM
100
AcDbText
 10
20.74021183638297
 20
3.772565472892048
 30
0.0
 40
0.0670877313742325
  1
(T4_N)
100
AcDbText
  0
TEXT
  5
4011
330
18
100
AcDbEntity
  8
AHTM
100
AcDbText
 10
20.65497561179704
 20
4.062543754863089
 30
0.0
 40
0.0553473783837419
  1
(410_N)
100
AcDbText
  0
TEXT
  5
4012
330
18
100
AcDbEntity
  8
AHTM
100
AcDbText
 10
19.57346273128807
 20
3.024345201002212
 30
0.0
 40
0.0553473783837419
  1
3T0
100
AcDbText
  0
CIRCLE
  5
4013
330
18
100
AcDbEntity
  8
AHTM
 62
     3
100
AcDbCircle
 10
20.58241776018676
 20
3.809267268851636
 30
0.0
 40
0.0962205046208743
  0
LINE
  5
4014
330
18
100
AcDbEntity
  8
AHTM
 62
     3
100
AcDbLine
 10
20.58133372566171
 20
3.905481666831585
 30
0.0
 11
20.57958237882665
 21
4.060923931350205
 31
0.0
  0
LINE
  5
4015
330
18
100
AcDbEntity
  8
AHTM
 62
     3
100
AcDbLine
 10
20.18310190714794
 20
5.705535357685114
 30
0.0
 11
20.18310190714794
 21
5.327196305879828
 31
0.0
  0
LINE
  5
4016
330
18
100
AcDbEntity
  8
AHTM
 62
     3
100
AcDbLine
 10
20.3186559890281
 20
4.573115353803448
 30
0.0
 11
20.3186559890281
 21
4.417841602684048
 31
0.0
  0
LWPOLYLINE
  5
4017
330
18
100
AcDbEntity
  8
AHTM
 62
     3
100
AcDbPolyline
 90
        4
 70
     1
 43
0.0
 10
20.31807579000009
 20
4.572374606999802
 10
20.35197300449548
 20
4.61565157245052
 10
20.31806946707255
 20
4.659618210657425
 10
20.28417857550469
 20
4.61565157245052
  0
LINE
  5
4018
330
18
100
AcDbEntity
  8
AHTM
 62
     3
100
AcDbLine
 10
20.3186559890281
 20
4.757082241611871
 30
0.0
 11
20.3186559890281
 21
4.658857599801448
 31
0.0
  0
LWPOLYLINE
  5
4019
330
18
100
AcDbEntity
  8
AHTM
 62
     3
100
AcDbPolyline
 90
        4
 70
     1
 43
0.0
 10
20.31807579000009
 20
4.331358609882401
 10
20.35197300449548
 20
4.37463557533312
 10
20.31806946707255
 20
4.418602213540024
 10
20.28417857550469
 20
4.37463557533312
  0
LINE
  5
401A
330
18
100
AcDbEntity
  8
AHTM
 62
     3
100
AcDbLine
 10
20.3186559890281
 20
4.332099356686046
 30
0.0
 11
20.3186559890281
 21
4.235640375594969
 31
0.0
  0
LINE
  5
401B
330
18
100
AcDbEntity
  8
AHTM
 62
     3
100
AcDbLine
 10
20.18310190714794
 20
5.241454059881825
 30
0.0
 11
20.18310190714794
 21
5.026527898049405
 31
0.0
  0
LINE
  5
401C
330
18
100
AcDbEntity
  8
AHTM
 62
     3
100
AcDbLine
 10
20.28031197670341
 20
5.506204374618809
 30
0.0
 11
20.33854423551317
 21
5.506204374618809
 31
0.0
  0
LINE
  5
401D
330
18
100
AcDbEntity
  8
AHTM
 62
     3
100
AcDbLine
 10
20.18310190714794
 20
5.506204374618809
 30
0.0
 11
20.23360011639322
 21
5.506204374618809
 31
0.0
  0
LWPOLYLINE
  5
401E
330
18
100
AcDbEntity
  8
AHTM
 62
     3
100
AcDbPolyline
 90
        4
 70
     1
 43
0.0
 10
20.25695604654831
 20
5.476385588696774
 10
20.28068409669509
 20
5.506679464512276
 10
20.25695162049904
 20
5.537456111257109
 10
20.23322799640154
 20
5.506679464512276
  0
LINE
  5
401F
330
18
100
AcDbEntity
  8
AHTM
 62
     7
100
AcDbLine
 10
20.33274656820156
 20
5.43939837612424
 30
0.0
 11
20.34436485864283
 21
5.43939837612424
 31
0.0
  0
LINE
  5
4020
330
18
100
AcDbEntity
  8
AHTM
 62
     7
100
AcDbLine
 10
20.32357747474401
 20
5.451104663696357
 30
0.0
 11
20.35353395210038
 21
5.451104663696357
 31
0.0
  0
LWPOLYLINE
  5
4021
330
18
100
AcDbEntity
  8
AHTM
 62
     3
100
AcDbPolyline
 90
        4
 70
     1
 43
0.0
 10
20.18252170811992
 20
5.240713313078183
 10
20.21641892261532
 20
5.283990278528901
 10
20.18251538519239
 20
5.327956916735805
 10
20.14862449362453
 20
5.283990278528901
  0
LWPOLYLINE
  5
4022
330
18
100
AcDbEntity
  8
AHTM
 62
     3
100
AcDbPolyline
 90
        4
 70
     1
 43
0.0
 10
20.21186122095944
 20
5.026527898049405
 10
20.14892099376198
 20
5.026527898049405
 10
20.14892099376198
 20
4.972493269160668
 10
20.21186122095944
 20
4.972493269160668
  0
LINE
  5
4023
330
18
100
AcDbEntity
  8
AHTM
 62
     7
100
AcDbLine
 10
20.31428517899711
 20
5.462968245054971
 30
0.0
 11
20.36282624784729
 21
5.462968245054971
 31
0.0
  0
LINE
  5
4024
330
18
100
AcDbEntity
  8
AHTM
 62
     3
100
AcDbLine
 10
20.33854423551317
 20
5.462847033771697
 30
0.0
 11
20.33854423551317
 21
5.506204374618809
 31
0.0
  0
TEXT
  5
4025
330
18
100
AcDbEntity
  8
AHTM
100
AcDbText
 10
21.21450913194777
 20
2.631769741592129
 30
0.0
 40
0.0553473783837419
  1
33kV
100
AcDbText
  0
LWPOLYLINE
  5
4026
330
18
100
AcDbEntity
  8
AHTM
 62
     1
100
AcDbPolyline
 90
        4
 70
     1
 43
0.0
 10
18.69809976577662
 20
3.901523231560887
 10
18.7218278159234
 20
3.931817107376389
 10
18.69809533972735
 20
3.962593754121222
 10
18.67437171562984
 20
3.931817107376389
  0
LINE
  5
4028
330
18
100
AcDbEntity
  8
AHTM
 62
     1
100
AcDbLine
 10
18.69848349973212
 20
3.96209038214905
 30
0.0
 11
18.69848349973212
 21
4.054216233063848
 31
0.0
  0
LINE
  5
4029
330
18
100
AcDbEntity
  8
AHTM
 62
     1
100
AcDbLine
 10
18.87313116255802
 20
3.96209038214905
 30
0.0
 11
18.87313116255802
 21
4.054216233063848
 31
0.0
  0
TEXT
  5
402A
330
18
100
AcDbEntity
  8
AHTM
 62
     7
100
AcDbText
 10
18.91464705309098
 20
3.905093616860949
 30
0.0
 40
0.0503157985306744
  1
T4N2
100
AcDbText
  0
LWPOLYLINE
  5
402B
330
18
100
AcDbEntity
  8
AHTM
 62
     1
100
AcDbPolyline
 90
        4
 70
     1
 43
0.0
 10
18.87274742860253
 20
3.901523231560887
 10
18.8964754787493
 20
3.931817107376389
 10
18.87274300255325
 20
3.962593754121222
 10
18.84901937845575
 20
3.931817107376389
  0
LINE
  5
402C
330
18
100
AcDbEntity
  8
AHTM
 62
     1
100
AcDbLine
 10
19.17273224432519
 20
3.96209038214905
 30
0.0
 11
19.17273224432519
 21
4.054216233063848
 31
0.0
  0
TEXT
  5
402D
330
18
100
AcDbEntity
  8
AHTM
 62
     7
100
AcDbText
 10
19.21424813485814
 20
3.905093616860949
 30
0.0
 40
0.0503157985306744
  1
R1N2
100
AcDbText
  0
LWPOLYLINE
  5
402E
330
18
100
AcDbEntity
  8
AHTM
 62
     1
100
AcDbPolyline
 90
        4
 70
     1
 43
0.0
 10
19.17234851036969
 20
3.901523231560887
 10
19.19607656051647
 20
3.931817107376389
 10
19.17234408432042
 20
3.962593754121222
 10
19.14862046022291
 20
3.931817107376389
  0
LINE
  5
402F
330
18
100
AcDbEntity
  8
AHTM
 62
     7
100
AcDbLine
 10
19.42944726845385
 20
3.69601560454117
 30
0.0
 11
19.44106555889512
 21
3.69601560454117
 31
0.0
  0
LINE
  5
4030
330
18
100
AcDbEntity
  8
AHTM
 62
     7
100
AcDbLine
 10
19.42027817499629
 20
3.707721892113288
 30
0.0
 11
19.45023465235267
 21
3.707721892113288
 31
0.0
  0
LINE
  5
4031
330
18
100
AcDbEntity
  8
AHTM
 62
     7
100
AcDbLine
 10
19.41098587924939
 20
3.719585473471904
 30
0.0
 11
19.45952694809957
 21
3.719585473471904
 31
0.0
  0
LINE
  5
4032
330
18
100
AcDbEntity
  8
AHTM
 62
     1
100
AcDbLine
 10
19.43817313285945
 20
3.96209038214905
 30
0.0
 11
19.43817313285945
 21
4.054216233063848
 31
0.0
  0
TEXT
  5
4033
330
18
100
AcDbEntity
  8
AHTM
 62
     7
100
AcDbText
 10
19.47968902339241
 20
3.905093616860949
 30
0.0
 40
0.0503157985306744
  1
E1N2
100
AcDbText
  0
LWPOLYLINE
  5
4034
330
18
100
AcDbEntity
  8
AHTM
 62
     1
100
AcDbPolyline
 90
        4
 70
     1
 43
0.0
 10
19.43778939890395
 20
3.901523231560887
 10
19.46151744905073
 20
3.931817107376389
 10
19.43778497285468
 20
3.962593754121222
 10
19.41406134875718
 20
3.931817107376389
  0
LINE
  5
4035
330
18
100
AcDbEntity
  8
AHTM
 62
     7
100
AcDbLine
 10
19.1654513691351
 20
3.69601560454117
 30
0.0
 11
19.17706965957638
 21
3.69601560454117
 31
0.0
  0
LINE
  5
4036
330
18
100
AcDbEntity
  8
AHTM
 62
     7
100
AcDbLine
 10
19.15628227567755
 20
3.707721892113288
 30
0.0
 11
19.18623875303393
 21
3.707721892113288
 31
0.0
  0
LINE
  5
4037
330
18
100
AcDbEntity
  8
AHTM
 62
     7
100
AcDbLine
 10
19.14698997993065
 20
3.719585473471904
 30
0.0
 11
19.19553104878083
 21
3.719585473471904
 31
0.0
  0
LINE
  5
4038
330
18
100
AcDbEntity
  8
AHTM
 62
     1
100
AcDbLine
 10
19.43817313285945
 20
3.719464262188625
 30
0.0
 11
19.43817313285945
 21
3.90201314913617
 31
0.0
  0
LWPOLYLINE
  5
4039
330
18
100
AcDbEntity
  8
AHTM
 62
     1
100
AcDbPolyline
 90
       12
 70
     0
 43
0.0
 10
19.17273224432519
 20
3.719464262188625
 10
19.17273224432519
 20
3.779600831285336
 10
19.14447779101381
 20
3.779600831285336
 10
19.14447779101381
 20
3.799807465215191
 10
19.20163976572302
 20
3.799807465215191
 10
19.20163976572302
 20
3.818587219796093
 10
19.14447779101381
 20
3.818587219796093
 10
19.14447779101381
 20
3.838080414051472
 10
19.20163976572302
 20
3.838080414051472
 10
19.20163976572302
 20
3.858287047981326
 10
19.17273224432519
 20
3.858287047981326
 10
19.17273224432519
 20
3.90201314913617
  0
LWPOLYLINE
  5
403A
330
18
100
AcDbEntity
  8
AHTM
 62
     1
100
AcDbPolyline
 90
        4
 70
     1
 43
0.0
 10
20.08597594443204
 20
2.824249884181183
 10
20.02303571723457
 20
2.824249884181183
 10
20.02303571723457
 20
2.878284513069922
 10
20.08597594443204
 20
2.878284513069922
  0
TEXT
  5
403B
330
18
100
AcDbEntity
  8
AHTM
100
AcDbText
 10
20.00451536073993
 20
2.912460427329665
 30
0.0
 40
0.0553473783837419
  1
1S0
100
AcDbText
  0
LWPOLYLINE
  5
403C
330
18
100
AcDbEntity
  8
AHTM
 62
     1
100
AcDbPolyline
 90
        2
 70
     0
 43
0.0335438656871163
 10
20.02303571723457
 20
2.852809837913313
 10
19.13771295342985
 20
2.852809837913313
  0
LWPOLYLINE
  5
403D
330
18
100
AcDbEntity
  8
AHTM
 62
     1
100
AcDbPolyline
 90
        2
 70
     0
 43
0.0335438656871163
 10
19.49351317190003
 20
4.054216233063848
 10
18.63209613048439
 20
4.054216233063848
  0
TEXT
  5
403E
330
18
100
AcDbEntity
  8
AHTM
100
AcDbText
 10
18.13741574305235
 20
4.72907074257137
 30
0.0
 40
0.0553473783837419
  1
M
100
AcDbText
  0
LWPOLYLINE
  5
403F
330
18
100
AcDbEntity
  8
AHTM
 62
     3
100
AcDbPolyline
 90
        3
 70
     0
 43
0.0
 10
18.8758281064852
 20
4.972493269160668
 10
18.8758281064852
 20
4.497149609826914
 10
19.01138218836536
 20
4.497149609826914
  0
LWPOLYLINE
  5
4040
330
18
100
AcDbEntity
  8
AHTM
 62
     3
100
AcDbPolyline
 90
        3
 70
     0
 43
0.0
 10
20.18310190714794
 20
4.972493269160668
 10
20.18310190714794
 20
4.497149609826914
 10
20.3186559890281
 20
4.497149609826914
  0
LWPOLYLINE
  5
4041
330
18
100
AcDbEntity
  8
AHTM
 62
     3
100
AcDbPolyline
 90
        3
 70
     0
 43
0.0
 10
19.74616087187282
 20
4.097638940421099
 10
19.74616087187282
 20
4.493206038381169
 10
19.88171495375298
 20
4.493206038381169
  0
LWPOLYLINE
  5
4042
330
18
100
AcDbEntity
  8
AHTM
 62
     3
100
AcDbPolyline
 90
        3
 70
     0
 43
0.0
 10
20.57958237882665
 20
4.114958560238938
 10
20.57958237882664
 20
4.510525658199009
 10
20.7151364607068
 20
4.510525658199009
  0
LWPOLYLINE
  5
4044
330
18
100
AcDbEntity
  8
AHTM
 62
     1
100
AcDbPolyline
 90
        3
 70
     0
 43
0.0
 10
18.69848349973212
 20
3.710919290900883
 10
18.69848349973212
 20
3.710919290900883
 10
18.69848349973212
 20
3.90201314913617
  0
LINE
  5
4045
330
18
100
AcDbEntity
  8
AHTM
 62
     3
100
AcDbLine
 10
22.91651728412594
 20
4.550854551685369
 30
0.0
 11
22.91651728412594
 21
4.395580800565968
 31
0.0
  0
LWPOLYLINE
  5
4046
330
18
100
AcDbEntity
  8
AHTM
 62
     3
100
AcDbPolyline
 90
        3
 70
     0
 43
0.0
 10
22.78096320224577
 20
4.950232467042588
 10
22.78096320224577
 20
4.474888807708834
 10
22.91651728412594
 20
4.474888807708834
  0
LWPOLYLINE
  5
4047
330
18
100
AcDbEntity
  8
AHTM
 62
     3
100
AcDbPolyline
 90
        4
 70
     1
 43
0.0
 10
22.91593708509792
 20
4.309097807764322
 10
22.94983429959331
 20
4.352374773215042
 10
22.91593076217039
 20
4.396341411421944
 10
22.88203987060252
 20
4.352374773215042
  0
LINE
  5
4048
330
18
100
AcDbEntity
  8
AHTM
 62
     3
100
AcDbLine
 10
22.91651728412594
 20
4.309838554567967
 30
0.0
 11
22.91651728412594
 21
4.233273406596213
 31
0.0
  0
LINE
  5
4049
330
18
100
AcDbEntity
  8
AHTM
 62
     3
100
AcDbLine
 10
22.78096320224577
 20
5.683274555567034
 30
0.0
 11
22.78096320224577
 21
5.304935503761748
 31
0.0
  0
LWPOLYLINE
  5
404A
330
18
100
AcDbEntity
  8
AHTM
 62
     3
100
AcDbPolyline
 90
        4
 70
     1
 43
0.0
 10
22.91593708509792
 20
4.550113804881723
 10
22.94983429959331
 20
4.59339077033244
 10
22.91593076217039
 20
4.637357408539345
 10
22.88203987060252
 20
4.59339077033244
  0
LINE
  5
404B
330
18
100
AcDbEntity
  8
AHTM
 62
     3
100
AcDbLine
 10
22.91651728412594
 20
4.734821439493791
 30
0.0
 11
22.91651728412594
 21
4.636596797683368
 31
0.0
  0
LWPOLYLINE
  5
404C
330
18
100
AcDbEntity
  8
AHTM
 62
     3
100
AcDbPolyline
 90
        4
 70
     1
 43
0.0
 10
22.80972251605727
 20
5.004267095931326
 10
22.74678228885981
 20
5.004267095931326
 10
22.74678228885981
 20
4.950232467042588
 10
22.80972251605727
 20
4.950232467042588
  0
LWPOLYLINE
  5
404D
330
18
100
AcDbEntity
  8
AHTM
 62
     3
100
AcDbPolyline
 90
        4
 70
     1
 43
0.0
 10
22.78038300321775
 20
5.218452510960105
 10
22.81428021771315
 20
5.261729476410822
 10
22.78037668029022
 20
5.305696114617725
 10
22.74648578872236
 20
5.261729476410822
  0
LINE
  5
404E
330
18
100
AcDbEntity
  8
AHTM
 62
     3
100
AcDbLine
 10
22.78096320224577
 20
5.219193257763746
 30
0.0
 11
22.78096320224577
 21
5.004267095931326
 31
0.0
  0
LINE
  5
404F
330
18
100
AcDbEntity
  8
AHTM
 62
     7
100
AcDbLine
 10
22.91214647409494
 20
5.440707442936891
 30
0.0
 11
22.96068754294512
 21
5.440707442936891
 31
0.0
  0
LINE
  5
4050
330
18
100
AcDbEntity
  8
AHTM
 62
     7
100
AcDbLine
 10
22.92143876984185
 20
5.428843861578278
 30
0.0
 11
22.95139524719822
 21
5.428843861578278
 31
0.0
  0
LINE
  5
4051
330
18
100
AcDbEntity
  8
AHTM
 62
     7
100
AcDbLine
 10
22.93060786329939
 20
5.41713757400616
 30
0.0
 11
22.94222615374067
 21
5.41713757400616
 31
0.0
  0
TEXT
  5
4052
330
18
100
AcDbEntity
  8
AHTM
100
AcDbText
 10
22.6299359429941
 20
5.732160607644268
 30
0.0
 40
0.0670877313742325
  1
SPID2
  7
ROMANS
100
AcDbText
  0
LINE
  5
4053
330
18
100
AcDbEntity
  8
AHTM
 62
     3
100
AcDbLine
 10
22.93640553061099
 20
5.440586231653617
 30
0.0
 11
22.93640553061099
 21
5.48394357250073
 31
0.0
  0
LINE
  5
4054
330
18
100
AcDbEntity
  8
AHTM
 62
     3
100
AcDbLine
 10
22.78096320224577
 20
5.48394357250073
 30
0.0
 11
22.83146141149104
 21
5.48394357250073
 31
0.0
  0
LWPOLYLINE
  5
4055
330
18
100
AcDbEntity
  8
AHTM
 62
     3
100
AcDbPolyline
 90
        4
 70
     1
 43
0.0
 10
22.85481734164614
 20
5.454124786578694
 10
22.87854539179293
 20
5.484418662394196
 10
22.85481291559687
 20
5.51519530913903
 10
22.83108929149936
 20
5.484418662394196
  0
LINE
  5
4056
330
18
100
AcDbEntity
  8
AHTM
 62
     3
100
AcDbLine
 10
22.87817327180124
 20
5.48394357250073
 30
0.0
 11
22.93640553061099
 21
5.48394357250073
 31
0.0
  0
LWPOLYLINE
  5
4057
330
18
100
AcDbEntity
  8
AHTM
 62
     3
100
AcDbPolyline
 90
        3
 70
     0
 43
0.0
 10
21.52259016216045
 20
4.972493269160668
 10
21.52259016216045
 20
4.497149609826914
 10
21.65814424404061
 20
4.497149609826914
  0
LINE
  5
4058
330
18
100
AcDbEntity
  8
AHTM
 62
     3
100
AcDbLine
 10
21.52259016216045
 20
5.705535357685114
 30
0.0
 11
21.52259016216045
 21
5.327196305879828
 31
0.0
  0
LINE
  5
4059
330
18
100
AcDbEntity
  8
AHTM
 62
     3
100
AcDbLine
 10
21.52259016216045
 20
5.241454059881828
 30
0.0
 11
21.52259016216045
 21
5.026527898049405
 31
0.0
  0
LWPOLYLINE
  5
405A
330
18
100
AcDbEntity
  8
AHTM
 62
     3
100
AcDbPolyline
 90
        4
 70
     1
 43
0.0
 10
21.52200996313244
 20
5.240713313078183
 10
21.55590717762784
 20
5.283990278528901
 10
21.52200364020491
 20
5.327956916735805
 10
21.48811274863705
 20
5.283990278528901
  0
LWPOLYLINE
  5
405B
330
18
100
AcDbEntity
  8
AHTM
 62
     3
100
AcDbPolyline
 90
        4
 70
     1
 43
0.0
 10
21.55134947597195
 20
5.026527898049405
 10
21.48840924877449
 20
5.026527898049405
 10
21.48840924877449
 20
4.972493269160668
 10
21.55134947597195
 20
4.972493269160668
  0
LINE
  5
405C
330
18
100
AcDbEntity
  8
AHTM
 62
     3
100
AcDbLine
 10
21.61980023171592
 20
5.506204374618809
 30
0.0
 11
21.67803249052568
 21
5.506204374618809
 31
0.0
  0
TEXT
  5
405D
330
18
100
AcDbEntity
  8
AHTM
100
AcDbText
 10
21.37156290290878
 20
5.754421409762347
 30
0.0
 40
0.0670877313742325
  1
SPID1
  7
ROMANS
100
AcDbText
  0
LINE
  5
405E
330
18
100
AcDbEntity
  8
AHTM
 62
     3
100
AcDbLine
 10
21.52259016216045
 20
5.506204374618809
 30
0.0
 11
21.57308837140573
 21
5.506204374618809
 31
0.0
  0
LWPOLYLINE
  5
405F
330
18
100
AcDbEntity
  8
AHTM
 62
     3
100
AcDbPolyline
 90
        4
 70
     1
 43
0.0
 10
21.59644430156082
 20
5.476385588696774
 10
21.6201723517076
 20
5.506679464512276
 10
21.59643987551155
 20
5.537456111257109
 10
21.57271625141405
 20
5.506679464512276
  0
LINE
  5
4060
330
18
100
AcDbEntity
  8
AHTM
 62
     7
100
AcDbLine
 10
21.67223482321408
 20
5.43939837612424
 30
0.0
 11
21.68385311365536
 21
5.43939837612424
 31
0.0
  0
LINE
  5
4061
330
18
100
AcDbEntity
  8
AHTM
 62
     7
100
AcDbLine
 10
21.66306572975653
 20
5.451104663696357
 30
0.0
 11
21.6930222071129
 21
5.451104663696357
 31
0.0
  0
LINE
  5
4062
330
18
100
AcDbEntity
  8
AHTM
 62
     7
100
AcDbLine
 10
21.65377343400963
 20
5.462968245054973
 30
0.0
 11
21.7023145028598
 21
5.462968245054973
 31
0.0
  0
LINE
  5
4063
330
18
100
AcDbEntity
  8
AHTM
 62
     3
100
AcDbLine
 10
21.67803249052568
 20
5.462847033771697
 30
0.0
 11
21.67803249052568
 21
5.506204374618809
 31
0.0
  0
LINE
  5
4064
330
18
100
AcDbEntity
  8
AHTM
 62
     3
100
AcDbLine
 10
21.65814424404061
 20
4.573115353803448
 30
0.0
 11
21.65814424404061
 21
4.417841602684048
 31
0.0
  0
LWPOLYLINE
  5
4065
330
18
100
AcDbEntity
  8
AHTM
 62
     3
100
AcDbPolyline
 90
        4
 70
     1
 43
0.0
 10
21.6575640450126
 20
4.331358609882401
 10
21.691461259508
 20
4.37463557533312
 10
21.65755772208507
 20
4.418602213540024
 10
21.62366683051721
 20
4.37463557533312
  0
LINE
  5
4066
330
18
100
AcDbEntity
  8
AHTM
 62
     3
100
AcDbLine
 10
21.65814424404061
 20
4.332099356686046
 30
0.0
 11
21.65814424404061
 21
4.235640375594969
 31
0.0
  0
LWPOLYLINE
  5
4067
330
18
100
AcDbEntity
  8
AHTM
 62
     3
100
AcDbPolyline
 90
        4
 70
     1
 43
0.0
 10
21.6575640450126
 20
4.572374606999802
 10
21.691461259508
 20
4.61565157245052
 10
21.65755772208507
 20
4.659618210657425
 10
21.62366683051721
 20
4.61565157245052
  0
LINE
  5
4068
330
18
100
AcDbEntity
  8
AHTM
 62
     3
100
AcDbLine
 10
21.65814424404061
 20
4.757082241611871
 30
0.0
 11
21.65814424404061
 21
4.658857599801448
 31
0.0
  0
LINE
  5
4069
330
18
100
AcDbEntity
  8
0
 62
     1
100
AcDbLine
 10
20.25966440372803
 20
2.85279230978764
 30
0.0
 11
20.25966440372803
 21
2.702592279924191
 31
0.0
  0
LWPOLYLINE
  5
406A
330
18
100
AcDbEntity
  8
AHTM
 62
     1
100
AcDbPolyline
 90
        4
 70
     1
 43
0.0
 10
20.29201497366613
 20
2.648557651035454
 10
20.22907474646867
 20
2.648557651035454
 10
20.22907474646867
 20
2.702592279924191
 10
20.29201497366613
 20
2.702592279924191
  0
LINE
  5
406B
330
18
100
AcDbEntity
  8
0
 62
     1
100
AcDbLine
 10
20.25966440372803
 20
2.648557651035454
 30
0.0
 11
20.25966440372803
 21
2.491368271816798
 31
0.0
  0
TEXT
  5
406C
330
18
100
AcDbEntity
  8
AHTM
100
AcDbText
 10
20.33116259369515
 20
2.646412166363964
 30
0.0
 40
0.0553473783837419
  1
1W0
100
AcDbText
  0
LWPOLYLINE
  5
406D
330
18
100
AcDbEntity
  8
AHTM
 62
     1
100
AcDbPolyline
 90
        2
 70
     0
 43
0.0335438656871163
 10
21.27939630548929
 20
2.852809837913313
 10
20.08597594443204
 20
2.852809837913313
  0
LWPOLYLINE
  5
406E
330
18
100
AcDbEntity
  8
AHTM
 62
     1
100
AcDbPolyline
 90
        2
 70
     0
 43
0.0335438656871163
 10
21.27939630548929
 20
2.486366036095496
 10
19.13771295342985
 20
2.486366036095496
  0
TEXT
  5
406F
330
18
100
AcDbEntity
  8
AHTM
100
AcDbText
 10
18.13450028386105
 20
4.207557811599662
 30
0.0
 40
0.0553473783837419
  1
R
100
AcDbText
  0
TEXT
  5
4070
330
18
100
AcDbEntity
  8
AHTM
100
AcDbText
 10
22.75383132791397
 20
3.905220657020718
 30
0.0
 40
0.0553473783837419
  1
2x30MVA
  7
ROMANS
100
AcDbText
  0
TEXT
  5
4071
330
18
100
AcDbEntity
  8
AHTM
100
AcDbText
 10
22.86126921991142
 20
3.806892672236985
 30
0.0
 40
0.0553473783837419
  1
Yy0
  7
ROMANS
100
AcDbText
  0
TEXT
  5
4072
330
18
100
AcDbEntity
  8
AHTM
100
AcDbText
 10
20.75669728080503
 20
4.361332534445367
 30
0.0
 40
0.0553473783837419
  1
(416_N)
100
AcDbText
  0
TEXT
  5
4073
330
18
100
AcDbEntity
  8
AHTM
100
AcDbText
 10
20.75850997281842
 20
4.605562792464013
 30
0.0
 40
0.0553473783837419
  1
(414_N)
100
AcDbText
  0
TEXT
  5
4074
330
18
100
AcDbEntity
  8
AHTM
100
AcDbText
 10
18.65685735114692
 20
5.754421409762347
 30
0.0
 40
0.0670877313742325
  1
BDNG2
  7
ROMANS
100
AcDbText
  0
TEXT
  5
4075
330
18
100
AcDbEntity
  8
AHTM
100
AcDbText
 10
20.02371401299283
 20
5.754421409762347
 30
0.0
 40
0.0670877313742325
  1
BDNG1
  7
ROMANS
100
AcDbText
  0
TEXT
  5
4076
330
18
100
AcDbEntity
  8
AHTM
 62
     7
100
AcDbText
 10
22.83676631973071
 20
5.546911861880205
 30
0.0
 40
0.0503157985306744
  1
401
100
AcDbText
  0
TEXT
  5
4077
330
18
100
AcDbEntity
  8
AHTM
100
AcDbText
 10
22.86723289440269
 20
5.225326011760914
 30
0.0
 40
0.0553473783837419
  1
403
100
AcDbText
  0
TEXT
  5
4078
330
18
100
AcDbEntity
  8
AHTM
100
AcDbText
 10
22.85788805914909
 20
4.94763438298209
 30
0.0
 40
0.0553473783837419
  1
405
100
AcDbText
  0
TEXT
  5
4079
330
18
100
AcDbEntity
  8
AHTM
100
AcDbText
 10
22.99982708342928
 20
4.566359294819271
 30
0.0
 40
0.0553473783837419
  1
404
100
AcDbText
  0
TEXT
  5
407A
330
18
100
AcDbEntity
  8
AHTM
100
AcDbText
 10
22.99239705143586
 20
4.318128066907168
 30
0.0
 40
0.0553473783837419
  1
406
100
AcDbText
  0
TEXT
  5
407B
330
18
100
AcDbEntity
  8
AHTM
100
AcDbText
 10
21.72388607704321
 20
4.340388869025247
 30
0.0
 40
0.0553473783837419
  1
306
100
AcDbText
  0
TEXT
  5
407C
330
18
100
AcDbEntity
  8
AHTM
100
AcDbText
 10
21.72083750707277
 20
4.588620096937351
 30
0.0
 40
0.0553473783837419
  1
304
100
AcDbText
  0
TEXT
  5
407D
330
18
100
AcDbEntity
  8
AHTM
100
AcDbText
 10
21.58937708475644
 20
4.96989518510017
 30
0.0
 40
0.0553473783837419
  1
305
100
AcDbText
  0
TEXT
  5
407E
330
18
100
AcDbEntity
  8
AHTM
100
AcDbText
 10
21.59872192001005
 20
5.247586813878994
 30
0.0
 40
0.0553473783837419
  1
303
100
AcDbText
  0
TEXT
  5
407F
330
18
100
AcDbEntity
  8
AHTM
 62
     7
100
AcDbText
 10
21.56825534533807
 20
5.569172663998285
 30
0.0
 40
0.0503157985306744
  1
301
100
AcDbText
  0
LWPOLYLINE
  5
4080
330
18
100
AcDbEntity
  8
AHTM
 62
     2
100
AcDbPolyline
 90
        6
 70
     0
 43
0.0
 10
22.39924695657149
 20
3.59679350250857
 10
22.53887610064913
 20
3.596793502508569
 10
22.53887610064913
 20
3.437728000282794
 10
23.75241187132577
 20
3.437728000282794
 10
24.04179451453565
 20
3.437728000282794
 10
24.04179451453565
 20
3.808662916998641
  0
LWPOLYLINE
  5
4081
330
18
100
AcDbEntity
  8
AHTM
 62
     2
100
AcDbPolyline
 90
        4
 70
     0
 43
0.0
 10
23.50382213274206
 20
3.608873826582306
 10
23.79273048228089
 20
3.608873826582304
 10
23.79280545326009
 20
3.769533949840032
 10
23.79273048228089
 20
3.808662916998641
  0
LWPOLYLINE
  5
4082
330
18
100
AcDbEntity
  8
AHTM
 62
     2
100
AcDbPolyline
 90
        2
 70
     0
 43
0.0335438656871163
 10
23.84995902840059
 20
3.008375956470712
 10
22.97713514555156
 20
3.006833317182951
  0
LWPOLYLINE
  5
4083
330
18
100
AcDbEntity
  8
AHTM
 62
     2
100
AcDbPolyline
 90
        2
 70
     0
 43
0.0335438656871163
 10
23.84995902840059
 20
2.641932154652895
 10
22.21197544214054
 20
2.641932154652896
  0
TEXT
  5
4084
330
18
100
AcDbEntity
  8
AHTM
100
AcDbText
 10
22.46550631900148
 20
3.65748853769994
 30
0.0
 40
0.0670877313742325
  1
T2
100
AcDbText
  0
LWPOLYLINE
  5
4085
330
18
100
AcDbEntity
  8
AHTM
 62
     2
100
AcDbPolyline
 90
        2
 70
     0
 43
0.0335438656871163
 10
22.9141949183541
 20
3.008375956470712
 10
22.21197544214054
 20
3.008375956470712
  0
CIRCLE
  5
4086
330
18
100
AcDbEntity
  8
AHTM
 62
     3
100
AcDbCircle
 10
22.30771224280527
 20
3.71217108766011
 30
0.0
 40
0.0962205046208743
  0
CIRCLE
  5
4087
330
18
100
AcDbEntity
  8
AHTM
 62
     2
100
AcDbCircle
 10
22.30771224280527
 20
3.626454616534045
 30
0.0
 40
0.0962205046208743
  0
LINE
  5
4088
330
18
100
AcDbEntity
  8
AHTM
 62
     2
100
AcDbLine
 10
22.30758766123239
 20
3.002982778952108
 30
0.0
 11
22.30758766123239
 21
3.298047228739839
 31
0.0
  0
LINE
  5
4089
330
18
100
AcDbEntity
  8
AHTM
 62
     2
100
AcDbLine
 10
22.30758766123239
 20
3.352081857628578
 30
0.0
 11
22.30758766123239
 21
3.530234192564248
 31
0.0
  0
LWPOLYLINE
  5
408A
330
18
100
AcDbEntity
  8
AHTM
 62
     2
100
AcDbPolyline
 90
        4
 70
     1
 43
0.0
 10
22.33634697504388
 20
3.298047228739839
 10
22.27340674784642
 20
3.298047228739839
 10
22.27340674784642
 20
3.352081857628578
 10
22.33634697504388
 20
3.352081857628578
  0
TEXT
  5
408B
330
18
100
AcDbEntity
  8
AHTM
100
AcDbText
 10
22.38027009441554
 20
3.301679120050286
 30
0.0
 40
0.0553473783837419
  1
32
100
AcDbText
  0
LWPOLYLINE
  5
408C
330
18
100
AcDbEntity
  8
AHTM
 62
     3
100
AcDbPolyline
 90
        3
 70
     0
 43
0.0
 10
22.30758766123239
 20
4.017862379047414
 10
22.30758766123239
 20
4.493206038381169
 10
22.44314174311254
 20
4.493206038381169
  0
TEXT
  5
408D
330
18
100
AcDbEntity
  8
AHTM
100
AcDbText
 10
22.38027009441554
 20
3.965447573671564
 30
0.0
 40
0.0553473783837419
  1
210
100
AcDbText
  0
LWPOLYLINE
  5
408E
330
18
100
AcDbEntity
  8
AHTM
 62
     3
100
AcDbPolyline
 90
        4
 70
     1
 43
0.0
 10
22.33634697504388
 20
3.963827750158679
 10
22.27340674784642
 20
3.963827750158679
 10
22.27340674784642
 20
4.017862379047414
 10
22.33634697504388
 20
4.017862379047414
  0
LINE
  5
408F
330
18
100
AcDbEntity
  8
AHTM
 62
     3
100
AcDbLine
 10
22.30758766123239
 20
3.809211486891352
 30
0.0
 11
22.30758766123239
 21
3.963827750158679
 31
0.0
  0
TEXT
  5
4090
330
18
100
AcDbEntity
  8
AHTM
100
AcDbText
 10
23.56817862373741
 20
3.68086246921913
 30
0.0
 40
0.0670877313742325
  1
T1
100
AcDbText
  0
CIRCLE
  5
4091
330
18
100
AcDbEntity
  8
AHTM
 62
     2
100
AcDbCircle
 10
23.4103845475412
 20
3.631847794052649
 30
0.0
 40
0.0962205046208743
  0
CIRCLE
  5
4092
330
18
100
AcDbEntity
  8
AHTM
 62
     3
100
AcDbCircle
 10
23.4103845475412
 20
3.717564265178714
 30
0.0
 40
0.0962205046208743
  0
TEXT
  5
4093
330
18
100
AcDbEntity
  8
AHTM
100
AcDbText
 10
23.40542508240584
 20
2.801978284921363
 30
0.0
 40
0.0553473783837419
  1
34
100
AcDbText
  0
TEXT
  5
4094
330
18
100
AcDbEntity
  8
AHTM
100
AcDbText
 10
22.89567456185945
 20
3.068026545887064
 30
0.0
 40
0.0553473783837419
  1
30
100
AcDbText
  0
LWPOLYLINE
  5
4095
330
18
100
AcDbEntity
  8
AHTM
 62
     2
100
AcDbPolyline
 90
        4
 70
     1
 43
0.0
 10
23.36627746237681
 20
2.804123769592853
 10
23.30333723517935
 20
2.804123769592853
 10
23.30333723517935
 20
2.85815839848159
 10
23.36627746237681
 20
2.85815839848159
  0
LINE
  5
4096
330
18
100
AcDbEntity
  8
0
 62
     2
100
AcDbLine
 10
23.33392689243871
 20
2.804123769592853
 30
0.0
 11
23.33392689243871
 21
2.646934390374197
 31
0.0
  0
LWPOLYLINE
  5
4097
330
18
100
AcDbEntity
  8
AHTM
 62
     2
100
AcDbPolyline
 90
        4
 70
     1
 43
0.0
 10
22.97713514555156
 20
2.979816002738583
 10
22.9141949183541
 20
2.979816002738583
 10
22.9141949183541
 20
3.033850631627321
 10
22.97713514555156
 20
3.033850631627321
  0
LINE
  5
4098
330
18
100
AcDbEntity
  8
0
 62
     2
100
AcDbLine
 10
23.33392689243871
 20
3.008358428345039
 30
0.0
 11
23.33392689243871
 21
2.85815839848159
 31
0.0
  0
LINE
  5
4099
330
18
100
AcDbEntity
  8
AHTM
 62
     2
100
AcDbLine
 10
23.41025996596831
 20
3.008375956470712
 30
0.0
 11
23.41025996596831
 21
3.303440406258445
 31
0.0
  0
LINE
  5
409A
330
18
100
AcDbEntity
  8
AHTM
 62
     2
100
AcDbLine
 10
23.41025996596831
 20
3.357475035147182
 30
0.0
 11
23.41025996596831
 21
3.535627370082854
 31
0.0
  0
TEXT
  5
409B
330
18
100
AcDbEntity
  8
AHTM
100
AcDbText
 10
23.48294239915148
 20
3.307072297568891
 30
0.0
 40
0.0553473783837419
  1
31
100
AcDbText
  0
LWPOLYLINE
  5
409C
330
18
100
AcDbEntity
  8
AHTM
 62
     2
100
AcDbPolyline
 90
        4
 70
     1
 43
0.0
 10
23.43901927977982
 20
3.303440406258445
 10
23.37607905258235
 20
3.303440406258445
 10
23.37607905258235
 20
3.357475035147182
 10
23.43901927977982
 20
3.357475035147182
  0
TEXT
  5
409D
330
18
100
AcDbEntity
  8
AHTM
100
AcDbText
 10
20.15834358995075
 20
3.808359887306096
 30
0.0
 40
0.0553473783837419
  1
Yd1
  7
ROMANS
100
AcDbText
  0
TEXT
  5
409E
330
18
100
AcDbEntity
  8
AHTM
100
AcDbText
 10
20.03109689001819
 20
4.005015842777757
 30
0.0
 40
0.0553473783837419
  1
132/33kV
  7
ROMANS
100
AcDbText
  0
TEXT
  5
409F
330
18
100
AcDbEntity
  8
AHTM
100
AcDbText
 10
20.04927499000857
 20
3.906687872089831
 30
0.0
 40
0.0553473783837419
  1
1x45MVA
  7
ROMANS
100
AcDbText
  0
LWPOLYLINE
  5
40A0
330
18
100
AcDbEntity
  8
AHTM
 62
     3
100
AcDbPolyline
 90
        3
 70
     0
 43
0.0
 10
23.41025996596831
 20
4.023255556566019
 10
23.41025996596831
 20
4.498599215899774
 10
23.54581404784847
 20
4.498599215899774
  0
LWPOLYLINE
  5
40A1
330
18
100
AcDbEntity
  8
AHTM
 62
     3
100
AcDbPolyline
 90
        4
 70
     1
 43
0.0
 10
23.44173007956705
 20
3.969220927677285
 10
23.37878985236958
 20
3.969220927677285
 10
23.37878985236958
 20
4.023255556566019
 10
23.44173007956705
 20
4.023255556566019
  0
TEXT
  5
40A2
330
18
100
AcDbEntity
  8
AHTM
100
AcDbText
 10
23.48565319893871
 20
3.97084075119017
 30
0.0
 40
0.0553473783837419
  1
110
100
AcDbText
  0
LINE
  5
40A3
330
18
100
AcDbEntity
  8
AHTM
 62
     3
100
AcDbLine
 10
23.41025996596831
 20
3.814604664409956
 30
0.0
 11
23.41025996596831
 21
3.969220927677285
 31
0.0
  0
LINE
  5
40A4
330
18
100
AcDbEntity
  8
AHTM
 62
     2
100
AcDbLine
 10
24.54943705912386
 20
3.62660394762638
 30
0.0
 11
24.54943705912386
 21
3.809152834573922
 31
0.0
  0
LWPOLYLINE
  5
40A5
330
18
100
AcDbEntity
  8
AHTM
 62
     2
100
AcDbPolyline
 90
       12
 70
     0
 43
0.0
 10
24.30039828356002
 20
3.62660394762638
 10
24.30039828356002
 20
3.686740516723091
 10
24.27214383024864
 20
3.686740516723091
 10
24.27214383024864
 20
3.706947150652944
 10
24.32930580495785
 20
3.706947150652944
 10
24.32930580495785
 20
3.725726905233848
 10
24.27214383024864
 20
3.725726905233848
 10
24.27214383024864
 20
3.745220099489226
 10
24.32930580495785
 20
3.745220099489226
 10
24.32930580495785
 20
3.765426733419079
 10
24.30039828356002
 20
3.765426733419079
 10
24.30039828356002
 20
3.809152834573922
  0
TEXT
  5
40A6
330
18
100
AcDbEntity
  8
AHTM
100
AcDbText
 10
24.29724331741056
 20
2.79612079345803
 30
0.0
 40
0.0553473783837419
  1
11kV
100
AcDbText
  0
LINE
  5
40A7
330
18
100
AcDbEntity
  8
AHTM
 62
     7
100
AcDbLine
 10
24.29311740836993
 20
3.603155289978923
 30
0.0
 11
24.30473569881121
 21
3.603155289978923
 31
0.0
  0
LINE
  5
40A8
330
18
100
AcDbEntity
  8
AHTM
 62
     7
100
AcDbLine
 10
24.28394831491238
 20
3.614861577551041
 30
0.0
 11
24.31390479226876
 21
3.614861577551041
 31
0.0
  0
LINE
  5
40A9
330
18
100
AcDbEntity
  8
AHTM
 62
     7
100
AcDbLine
 10
24.27465601916548
 20
3.626725158909657
 30
0.0
 11
24.32319708801566
 21
3.626725158909657
 31
0.0
  0
LINE
  5
40AA
330
18
100
AcDbEntity
  8
AHTM
 62
     7
100
AcDbLine
 10
24.5222498055138
 20
3.626725158909657
 30
0.0
 11
24.57079087436399
 21
3.626725158909657
 31
0.0
  0
LINE
  5
40AB
330
18
100
AcDbEntity
  8
AHTM
 62
     7
100
AcDbLine
 10
24.54071119471826
 20
3.603155289978923
 30
0.0
 11
24.55232948515953
 21
3.603155289978923
 31
0.0
  0
LINE
  5
40AC
330
18
100
AcDbEntity
  8
AHTM
 62
     7
100
AcDbLine
 10
24.5315421012607
 20
3.614861577551041
 30
0.0
 11
24.56149857861708
 21
3.614861577551041
 31
0.0
  0
TEXT
  5
40AD
330
18
100
AcDbEntity
  8
AHTM
 62
     7
100
AcDbText
 10
24.0836941390241
 20
3.812233302298702
 30
0.0
 40
0.0503157985306744
  1
T2N1
100
AcDbText
  0
LWPOLYLINE
  5
40AE
330
18
100
AcDbEntity
  8
AHTM
 62
     2
100
AcDbPolyline
 90
        2
 70
     0
 43
0.0335438656871163
 10
24.62518166226487
 20
3.9613559185016
 10
23.70316470081353
 20
3.9613559185016
  0
TEXT
  5
40AF
330
18
100
AcDbEntity
  8
AHTM
 62
     7
100
AcDbText
 10
23.83463010676934
 20
3.812233302298702
 30
0.0
 40
0.0503157985306744
  1
T1N1
100
AcDbText
  0
LWPOLYLINE
  5
40B0
330
18
100
AcDbEntity
  8
AHTM
 62
     2
100
AcDbPolyline
 90
        4
 70
     1
 43
0.0
 10
23.79273048228089
 20
3.808662916998641
 10
23.81645853242766
 20
3.838956792814143
 10
23.79272605623161
 20
3.869733439558976
 10
23.7690024321341
 20
3.838956792814143
  0
LINE
  5
40B1
330
18
100
AcDbEntity
  8
AHTM
 62
     2
100
AcDbLine
 10
23.79311421623638
 20
3.869230067586804
 30
0.0
 11
23.79311421623638
 21
3.9613559185016
 31
0.0
  0
LWPOLYLINE
  5
40B2
330
18
100
AcDbEntity
  8
AHTM
 62
     2
100
AcDbPolyline
 90
        4
 70
     1
 43
0.0
 10
24.04179451453565
 20
3.808662916998641
 10
24.06552256468242
 20
3.838956792814143
 10
24.04179008848637
 20
3.869733439558976
 10
24.01806646438886
 20
3.838956792814143
  0
LINE
  5
40B3
330
18
100
AcDbEntity
  8
AHTM
 62
     2
100
AcDbLine
 10
24.04217824849114
 20
3.869230067586804
 30
0.0
 11
24.04217824849114
 21
3.9613559185016
 31
0.0
  0
TEXT
  5
40B4
330
18
100
AcDbEntity
  8
AHTM
 62
     7
100
AcDbText
 10
24.34191417409297
 20
3.812233302298702
 30
0.0
 40
0.0503157985306744
  1
R1N1
100
AcDbText
  0
LWPOLYLINE
  5
40B5
330
18
100
AcDbEntity
  8
AHTM
 62
     2
100
AcDbPolyline
 90
        4
 70
     1
 43
0.0
 10
24.30001454960452
 20
3.808662916998641
 10
24.3237425997513
 20
3.838956792814143
 10
24.30001012355525
 20
3.869733439558976
 10
24.27628649945774
 20
3.838956792814143
  0
LINE
  5
40B6
330
18
100
AcDbEntity
  8
AHTM
 62
     2
100
AcDbLine
 10
24.30039828356002
 20
3.869230067586804
 30
0.0
 11
24.30039828356002
 21
3.9613559185016
 31
0.0
  0
TEXT
  5
40B7
330
18
100
AcDbEntity
  8
AHTM
 62
     7
100
AcDbText
 10
24.59095294965682
 20
3.812233302298702
 30
0.0
 40
0.0503157985306744
  1
E1N1
100
AcDbText
  0
LWPOLYLINE
  5
40B8
330
18
100
AcDbEntity
  8
AHTM
 62
     2
100
AcDbPolyline
 90
        4
 70
     1
 43
0.0
 10
24.54905332516836
 20
3.808662916998641
 10
24.57278137531514
 20
3.838956792814143
 10
24.54904889911909
 20
3.869733439558976
 10
24.52532527502159
 20
3.838956792814143
  0
LINE
  5
40B9
330
18
100
AcDbEntity
  8
AHTM
 62
     2
100
AcDbLine
 10
24.54943705912386
 20
3.869230067586804
 30
0.0
 11
24.54943705912386
 21
3.9613559185016
 31
0.0
  0
TEXT
  5
40BA
330
18
100
AcDbEntity
  8
AHTM
100
AcDbText
 10
23.65165743479667
 20
4.605349409712175
 30
0.0
 40
0.0553473783837419
  1
114
100
AcDbText
  0
LWPOLYLINE
  5
40BB
330
18
100
AcDbEntity
  8
AHTM
 62
     3
100
AcDbPolyline
 90
        4
 70
     1
 43
0.0
 10
22.44256154408453
 20
4.658997038325682
 10
22.47645875857993
 20
4.615720072874963
 10
22.442555221157
 20
4.571753434668058
 10
22.40866432958914
 20
4.615720072874963
  0
LINE
  5
40BC
330
18
100
AcDbEntity
  8
AHTM
 62
     3
100
AcDbLine
 10
22.44314174311254
 20
4.417240294404636
 30
0.0
 11
22.44314174311254
 21
4.572514045524036
 31
0.0
  0
LINE
  5
40BD
330
18
100
AcDbEntity
  8
AHTM
 62
     3
100
AcDbLine
 10
22.44314174311254
 20
4.658256291522036
 30
0.0
 11
22.44314174311254
 21
4.754715272613115
 31
0.0
  0
TEXT
  5
40BE
330
18
100
AcDbEntity
  8
AHTM
100
AcDbText
 10
22.52497345243352
 20
4.59995623219357
 30
0.0
 40
0.0553473783837419
  1
214
100
AcDbText
  0
LWPOLYLINE
  5
40BF
330
18
100
AcDbEntity
  8
AHTM
 62
     3
100
AcDbPolyline
 90
        4
 70
     1
 43
0.0
 10
23.54523384882046
 20
4.664390215844287
 10
23.57913106331586
 20
4.621113250393567
 10
23.54522752589293
 20
4.577146612186663
 10
23.51133663432507
 20
4.621113250393567
  0
LINE
  5
40C0
330
18
100
AcDbEntity
  8
AHTM
 62
     3
100
AcDbLine
 10
23.54581404784847
 20
4.422633471923241
 30
0.0
 11
23.54581404784847
 21
4.577907223042641
 31
0.0
  0
LINE
  5
40C1
330
18
100
AcDbEntity
  8
AHTM
 62
     3
100
AcDbLine
 10
23.54581404784847
 20
4.66364946904064
 30
0.0
 11
23.54581404784847
 21
4.76010845013172
 31
0.0
  0
TEXT
  5
40C2
330
18
100
AcDbEntity
  8
AHTM
100
AcDbText
 10
23.63296776428946
 20
4.35711818180007
 30
0.0
 40
0.0553473783837419
  1
116
100
AcDbText
  0
LINE
  5
40C3
330
18
100
AcDbEntity
  8
AHTM
 62
     3
100
AcDbLine
 10
22.44314174311254
 20
4.233273406596213
 30
0.0
 11
22.44314174311254
 21
4.331498048406635
 31
0.0
  0
LWPOLYLINE
  5
40C4
330
18
100
AcDbEntity
  8
AHTM
 62
     3
100
AcDbPolyline
 90
        4
 70
     1
 43
0.0
 10
22.44256154408453
 20
4.417981041208281
 10
22.47645875857993
 20
4.374704075757564
 10
22.442555221157
 20
4.33073743755066
 10
22.40866432958914
 20
4.374704075757564
  0
TEXT
  5
40C5
330
18
100
AcDbEntity
  8
AHTM
100
AcDbText
 10
22.50628378192632
 20
4.351725004281465
 30
0.0
 40
0.0553473783837419
  1
216
100
AcDbText
  0
LINE
  5
40C6
330
18
100
AcDbEntity
  8
AHTM
 62
     3
100
AcDbLine
 10
23.54581404784847
 20
4.238666584114818
 30
0.0
 11
23.54581404784847
 21
4.336891225925241
 31
0.0
  0
LWPOLYLINE
  5
40C7
330
18
100
AcDbEntity
  8
AHTM
 62
     3
100
AcDbPolyline
 90
        4
 70
     1
 43
0.0
 10
23.54523384882046
 20
4.423374218726885
 10
23.57913106331586
 20
4.380097253276169
 10
23.54522752589293
 20
4.336130615069265
 10
23.51133663432507
 20
4.380097253276169
  0
TEXT
  5
40C8
330
18
100
AcDbEntity
  8
AHTM
 62
     7
100
AcDbText
 10
18.93955567404648
 20
5.569172663998285
 30
0.0
 40
0.0503157985306744
  1
201
100
AcDbText
  0
TEXT
  5
40C9
330
18
100
AcDbEntity
  8
AHTM
100
AcDbText
 10
18.97002224871845
 20
5.247586813878994
 30
0.0
 40
0.0553473783837419
  1
203
100
AcDbText
  0
TEXT
  5
40CA
330
18
100
AcDbEntity
  8
AHTM
100
AcDbText
 10
18.96067741346485
 20
4.96989518510017
 30
0.0
 40
0.0553473783837419
  1
205
100
AcDbText
  0
TEXT
  5
40CB
330
18
100
AcDbEntity
  8
AHTM
100
AcDbText
 10
19.10453124100522
 20
4.588620096937351
 30
0.0
 40
0.0553473783837419
  1
204
100
AcDbText
  0
TEXT
  5
40CC
330
18
100
AcDbEntity
  8
AHTM
100
AcDbText
 10
19.09518640575162
 20
4.340388869025247
 30
0.0
 40
0.0553473783837419
  1
206
100
AcDbText
  0
TEXT
  5
40CD
330
18
100
AcDbEntity
  8
AHTM
100
AcDbText
 10
20.39453139220643
 20
4.340388869025247
 30
0.0
 40
0.0553473783837419
  1
106
100
AcDbText
  0
TEXT
  5
40CE
330
18
100
AcDbEntity
  8
AHTM
100
AcDbText
 10
20.40387622746003
 20
4.588620096937351
 30
0.0
 40
0.0553473783837419
  1
104
100
AcDbText
  0
TEXT
  5
40CF
330
18
100
AcDbEntity
  8
AHTM
100
AcDbText
 10
20.26002239991965
 20
4.96989518510017
 30
0.0
 40
0.0553473783837419
  1
105
100
AcDbText
  0
TEXT
  5
40D0
330
18
100
AcDbEntity
  8
AHTM
100
AcDbText
 10
20.26936723517326
 20
5.247586813878994
 30
0.0
 40
0.0553473783837419
  1
103
100
AcDbText
  0
TEXT
  5
40D1
330
18
100
AcDbEntity
  8
AHTM
 62
     7
100
AcDbText
 10
20.23890066050128
 20
5.569172663998285
 30
0.0
 40
0.0503157985306744
  1
101
100
AcDbText
  0
LWPOLYLINE
  5
40D2
330
18
100
AcDbEntity
  8
AHTM
 62
     3
100
AcDbPolyline
 90
        2
 70
     0
 43
0.0335438656871163
 10
25.09502302473606
 20
4.754715272613111
 10
18.22126546334517
 20
4.754715272613116
  0
LWPOLYLINE
  5
40D3
330
18
100
AcDbEntity
  8
AHTM
 62
     3
100
AcDbPolyline
 90
        2
 70
     0
 43
0.0335438656871163
 10
25.09502302473605
 20
4.233273406596213
 10
18.22126546334517
 20
4.233273406596213
  0
TEXT
  5
40D4
330
18
100
AcDbEntity
  8
AHTM
100
AcDbText
 10
21.30443120366537
 20
5.904121237569674
 30
0.0
 40
0.0670877313742325
  1
(Future)
  7
ROMANS
100
AcDbText
  0
TEXT
  5
40D5
330
18
100
AcDbEntity
  8
AHTM
100
AcDbText
 10
19.98518375722523
 20
5.904121237569674
 30
0.0
 40
0.0670877313742325
  1
(Future)
  7
ROMANS
100
AcDbText
  0
LINE
  5
40FB
330
18
100
AcDbEntity
  8
AHTM
 62
     3
100
AcDbLine
 10
18.41619328298562
 20
4.434559914222477
 30
0.0
 11
18.41619328298562
 21
4.589833665341876
 31
0.0
  0
LWPOLYLINE
  5
40FC
330
18
100
AcDbEntity
  8
AHTM
 62
     3
100
AcDbPolyline
 90
        4
 70
     1
 43
0.0
 10
18.4156130839576
 20
4.435300661026122
 10
18.44951029845299
 20
4.392023695575404
 10
18.41560676103007
 20
4.348057057368499
 10
18.3817158694622
 20
4.392023695575404
  0
LINE
  5
40FD
330
18
100
AcDbEntity
  8
AHTM
 62
     3
100
AcDbLine
 10
18.41619328298562
 20
4.250593026414053
 30
0.0
 11
18.41619328298562
 21
4.348817668224475
 31
0.0
  0
LWPOLYLINE
  5
40FE
330
18
100
AcDbEntity
  8
AHTM
 62
     3
100
AcDbPolyline
 90
        4
 70
     1
 43
0.0
 10
18.4156130839576
 20
4.676316658143522
 10
18.44951029845299
 20
4.633039692692805
 10
18.41560676103007
 20
4.589073054485898
 10
18.3817158694622
 20
4.633039692692805
  0
LINE
  5
40FF
330
18
100
AcDbEntity
  8
AHTM
 62
     3
100
AcDbLine
 10
18.41619328298562
 20
4.675575911339878
 30
0.0
 11
18.41619328298562
 21
4.772034892430955
 31
0.0
  0
LWPOLYLINE
  5
4100
330
18
100
AcDbEntity
  8
AHTM
 62
     3
100
AcDbPolyline
 90
        3
 70
     0
 43
0.0
 10
18.28335000089269
 20
4.114958560238938
 10
18.28063920110545
 20
4.510525658199009
 10
18.41619328298562
 20
4.510525658199009
  0
TEXT
  5
4101
330
18
100
AcDbEntity
  8
AHTM
100
AcDbText
 10
18.484459157708
 20
4.357953283032998
 30
0.0
 40
0.0553473783837419
  1
316
100
AcDbText
  0
TEXT
  5
4102
330
18
100
AcDbEntity
  8
AHTM
100
AcDbText
 10
18.4826072862067
 20
4.603251171286611
 30
0.0
 40
0.0553473783837419
  1
314
100
AcDbText
  0
LWPOLYLINE
  5
4126
330
18
100
AcDbEntity
  8
AHTM
 62
     3
100
AcDbPolyline
 90
        4
 70
     1
 43
0.0
 10
18.31482011449142
 20
4.060923931350205
 10
18.25187988729396
 20
4.060923931350205
 10
18.25187988729396
 20
4.114958560238938
 10
18.31482011449142
 20
4.114958560238938
  0
CIRCLE
  5
4127
330
18
100
AcDbEntity
  8
AHTM
 62
     1
100
AcDbCircle
 10
18.28347458246557
 20
3.72355079772557
 30
0.0
 40
0.0962205046208743
  0
LINE
  5
4128
330
18
100
AcDbEntity
  8
AHTM
 62
     1
100
AcDbLine
 10
18.28373909996867
 20
3.315444175678785
 30
0.0
 11
18.28502453189719
 21
3.627342777445267
 31
0.0
  0
TEXT
  5
4129
330
18
100
AcDbEntity
  8
AHTM
100
AcDbText
 10
18.02970199440277
 20
3.712769928008949
 30
0.0
 40
0.0670877313742325
  1
T3
100
AcDbText
  0
TEXT
  5
412A
330
18
100
AcDbEntity
  8
AHTM
100
AcDbText
 10
18.0626742518854
 20
4.062543754863089
 30
0.0
 40
0.0553473783837419
  1
310
100
AcDbText
  0
CIRCLE
  5
412B
330
18
100
AcDbEntity
  8
AHTM
 62
     3
100
AcDbCircle
 10
18.28347458246557
 20
3.809267268851636
 30
0.0
 40
0.0962205046208743
  0
LINE
  5
412C
330
18
100
AcDbEntity
  8
AHTM
 62
     3
100
AcDbLine
 10
18.28335000089268
 20
3.906307668082877
 30
0.0
 11
18.28335000089268
 21
4.060923931350205
 31
0.0
  0
LWPOLYLINE
  5
412D
330
18
100
AcDbEntity
  8
AHTM
 62
     1
100
AcDbPolyline
 90
        4
 70
     1
 43
0.0
 10
16.5757547694334
 20
3.797664287441475
 10
16.59948281958018
 20
3.827958163256979
 10
16.57575034338413
 20
3.858734810001811
 10
16.55202671928662
 20
3.827958163256979
  0
TEXT
  5
412E
330
18
100
AcDbEntity
  8
AHTM
 62
     7
100
AcDbText
 10
16.61765439392185
 20
3.801234672741537
 30
0.0
 40
0.0503157985306744
  1
T3N2
100
AcDbText
  0
LINE
  5
412F
330
18
100
AcDbEntity
  8
AHTM
 62
     1
100
AcDbLine
 10
16.5761385033889
 20
3.85823143802964
 30
0.0
 11
16.5761385033889
 21
3.950357288944436
 31
0.0
  0
LINE
  5
4130
330
18
100
AcDbEntity
  8
AHTM
 62
     1
100
AcDbLine
 10
17.61551848121269
 20
3.85823143802964
 30
0.0
 11
17.61551848121269
 21
3.950357288944436
 31
0.0
  0
TEXT
  5
4131
330
18
100
AcDbEntity
  8
AHTM
 62
     7
100
AcDbText
 10
17.65703437174564
 20
3.801234672741537
 30
0.0
 40
0.0503157985306744
  1
T4N2_N
100
AcDbText
  0
LWPOLYLINE
  5
4132
330
18
100
AcDbEntity
  8
AHTM
 62
     1
100
AcDbPolyline
 90
        4
 70
     1
 43
0.0
 10
17.61513474725719
 20
3.797664287441475
 10
17.63886279740397
 20
3.827958163256979
 10
17.61513032120792
 20
3.858734810001811
 10
17.59140669711041
 20
3.827958163256979
  0
LINE
  5
4133
330
18
100
AcDbEntity
  8
AHTM
 62
     1
100
AcDbLine
 10
16.88399454212577
 20
3.85823143802964
 30
0.0
 11
16.88399454212577
 21
3.950357288944436
 31
0.0
  0
TEXT
  5
4134
330
18
100
AcDbEntity
  8
AHTM
 62
     7
100
AcDbText
 10
16.92551043265873
 20
3.801234672741537
 30
0.0
 40
0.0503157985306744
  1
R1N2_N
100
AcDbText
  0
LWPOLYLINE
  5
4135
330
18
100
AcDbEntity
  8
AHTM
 62
     1
100
AcDbPolyline
 90
        4
 70
     1
 43
0.0
 10
16.88361080817027
 20
3.797664287441475
 10
16.90733885831705
 20
3.827958163256979
 10
16.883606382121
 20
3.858734810001811
 10
16.85988275802349
 20
3.827958163256979
  0
LINE
  5
4136
330
18
100
AcDbEntity
  8
AHTM
 62
     7
100
AcDbLine
 10
17.24014433031118
 20
3.592156660421759
 30
0.0
 11
17.25176262075245
 21
3.592156660421759
 31
0.0
  0
LINE
  5
4137
330
18
100
AcDbEntity
  8
AHTM
 62
     7
100
AcDbLine
 10
17.23097523685362
 20
3.603862947993876
 30
0.0
 11
17.26093171421
 21
3.603862947993876
 31
0.0
  0
LINE
  5
4138
330
18
100
AcDbEntity
  8
AHTM
 62
     7
100
AcDbLine
 10
17.22168294110672
 20
3.615726529352493
 30
0.0
 11
17.2702240099569
 21
3.615726529352493
 31
0.0
  0
LINE
  5
4139
330
18
100
AcDbEntity
  8
AHTM
 62
     1
100
AcDbLine
 10
17.24887019471679
 20
3.858231438029639
 30
0.0
 11
17.24887019471679
 21
3.950357288944436
 31
0.0
  0
TEXT
  5
413A
330
18
100
AcDbEntity
  8
AHTM
 62
     7
100
AcDbText
 10
17.29038608524974
 20
3.801234672741536
 30
0.0
 40
0.0503157985306744
  1
E1N2_N
100
AcDbText
  0
LWPOLYLINE
  5
413B
330
18
100
AcDbEntity
  8
AHTM
 62
     1
100
AcDbPolyline
 90
        4
 70
     1
 43
0.0
 10
17.24848646076128
 20
3.797664287441474
 10
17.27221451090806
 20
3.827958163256979
 10
17.248482034712
 20
3.858734810001811
 10
17.22475841061451
 20
3.827958163256979
  0
LINE
  5
413C
330
18
100
AcDbEntity
  8
AHTM
 62
     7
100
AcDbLine
 10
16.87671366693568
 20
3.592156660421759
 30
0.0
 11
16.88833195737696
 21
3.592156660421759
 31
0.0
  0
LINE
  5
413D
330
18
100
AcDbEntity
  8
AHTM
 62
     7
100
AcDbLine
 10
16.86754457347813
 20
3.603862947993876
 30
0.0
 11
16.89750105083451
 21
3.603862947993876
 31
0.0
  0
LINE
  5
413E
330
18
100
AcDbEntity
  8
AHTM
 62
     7
100
AcDbLine
 10
16.85825227773123
 20
3.615726529352493
 30
0.0
 11
16.90679334658141
 21
3.615726529352493
 31
0.0
  0
LINE
  5
413F
330
18
100
AcDbEntity
  8
AHTM
 62
     1
100
AcDbLine
 10
17.24887019471679
 20
3.615605318069214
 30
0.0
 11
17.24887019471679
 21
3.798154205016758
 31
0.0
  0
LWPOLYLINE
  5
4140
330
18
100
AcDbEntity
  8
AHTM
 62
     1
100
AcDbPolyline
 90
       12
 70
     0
 43
0.0
 10
16.88399454212577
 20
3.615605318069214
 10
16.88399454212577
 20
3.675741887165926
 10
16.85574008881439
 20
3.675741887165926
 10
16.85574008881439
 20
3.69594852109578
 10
16.9129020635236
 20
3.69594852109578
 10
16.9129020635236
 20
3.714728275676682
 10
16.85574008881439
 20
3.714728275676682
 10
16.85574008881439
 20
3.73422146993206
 10
16.9129020635236
 20
3.73422146993206
 10
16.9129020635236
 20
3.754428103861915
 10
16.88399454212577
 20
3.754428103861915
 10
16.88399454212577
 20
3.798154205016759
  0
LWPOLYLINE
  5
4141
330
18
100
AcDbEntity
  8
AHTM
 62
     1
100
AcDbPolyline
 90
        2
 70
     0
 43
0.0335438656871163
 10
17.77089771401245
 20
3.950357288944436
 10
16.52270815203332
 20
3.950357288944436
  0
LWPOLYLINE
  5
4143
330
18
100
AcDbEntity
  8
AHTM
 62
     1
100
AcDbPolyline
 90
        3
 70
     0
 43
0.0
 10
16.57613850338891
 20
3.44591013827888
 10
16.57613850338891
 20
3.44591013827888
 10
16.5761385033889
 20
3.798154205016759
  0
CIRCLE
  5
4150
330
18
100
AcDbEntity
  8
AHTM
 62
     1
100
AcDbCircle
 10
17.98506520088765
 20
3.396933421914996
 30
0.0
 40
0.0465506011915502
  0
CIRCLE
  5
4151
330
18
100
AcDbEntity
  8
AHTM
 62
     1
100
AcDbCircle
 10
17.98506520088765
 20
3.443484023106533
 30
0.0
 40
0.0465506011915502
  0
LINE
  5
415D
330
18
100
AcDbEntity
  8
AHTM
 62
     1
100
AcDbLine
 10
17.61513474725719
 20
3.615115400493931
 30
0.0
 11
17.61513474725719
 21
3.797664287441475
 31
0.0
  0
TEXT
  5
4163
330
18
100
AcDbEntity
  8
AHTM
100
AcDbText
 10
17.86805763423524
 20
3.532779165812901
 30
0.0
 40
0.0553473783837419
  1
ETX3
100
AcDbText
  0
LINE
  5
4169
330
18
100
AcDbEntity
  8
AHTM
 62
     1
100
AcDbLine
 10
18.02995095147667
 20
3.443484023106533
 30
0.0
 11
18.16982115029323
 21
3.443484023106533
 31
0.0
  0
LINE
  5
416F
330
18
100
AcDbEntity
  8
AHTM
 62
     1
100
AcDbLine
 10
18.16982115029323
 20
3.443484023106533
 30
0.0
 11
18.28502453189719
 21
3.627342777445267
 31
0.0
  0
LINE
  5
4175
330
18
100
AcDbEntity
  8
AHTM
 62
     1
100
AcDbLine
 10
16.57613850338891
 20
3.44591013827888
 30
0.0
 11
17.93912044340385
 21
3.441057907934187
 31
0.0
  0
LINE
  5
417B
330
18
100
AcDbEntity
  8
AHTM
 62
     1
100
AcDbLine
 10
18.28373909996867
 20
3.315444175678785
 30
0.0
 11
19.49806949831768
 21
3.315444175678784
 31
0.0
  0
IMAGE
  5
41E5
330
18
100
AcDbEntity
  8
0
 92
      140
310
8C000000010000008400000006000000050000006A8A444CAB5138400BC05184853B1D40000000000000000069E44CD4CBB939400BC05184853B1D40000000000000000069E44CD4CBB939409097A00AD9CB1F4000000000000000006A8A444CAB5138409097A00AD9CB1F4000000000000000006A8A444CAB5138400BC051
310
84853B1D400000000000000000
100
AcDbRasterImage
 90
        0
 10
24.31902004884106
 20
7.308126513948092
 30
0.0
 11
0.008323943132699326
 21
0.0
 31
0.0
 12
5.096945156872410E-19
 22
0.008323943132699324
 32
0.0
 13
169.0
 23
77.0
340
41E3
 70
    15
280
     0
281
    50
282
    50
283
     0
360
41E4
 71
     1
 91
        2
 14
-0.5
 24
-0.5
 14
168.5
 24
76.5
  0
LINE
  5
4208
330
18
100
AcDbEntity
  8
AHTM
 62
     3
100
AcDbLine
 10
23.99882809375648
 20
4.570748384804689
 30
0.0
 11
23.99882809375648
 21
4.415474633685289
 31
0.0
  0
LWPOLYLINE
  5
4209
330
18
100
AcDbEntity
  8
AHTM
 62
     3
100
AcDbPolyline
 90
        3
 70
     0
 43
0.0
 10
23.86327401187631
 20
4.970126300161908
 10
23.86327401187631
 20
4.494782640828156
 10
23.99882809375648
 20
4.494782640828156
  0
LWPOLYLINE
  5
420A
330
18
100
AcDbEntity
  8
AHTM
 62
     3
100
AcDbPolyline
 90
        4
 70
     1
 43
0.0
 10
23.99824789472846
 20
4.328991640883642
 10
24.03214510922385
 20
4.372268606334362
 10
23.99824157180093
 20
4.416235244541265
 10
23.96435068023306
 20
4.372268606334362
  0
LINE
  5
420B
330
18
100
AcDbEntity
  8
AHTM
 62
     3
100
AcDbLine
 10
23.86327401187631
 20
5.703168388686354
 30
0.0
 11
23.86327401187631
 21
5.32482933688107
 31
0.0
  0
LWPOLYLINE
  5
420C
330
18
100
AcDbEntity
  8
AHTM
 62
     3
100
AcDbPolyline
 90
        4
 70
     1
 43
0.0
 10
23.99824789472846
 20
4.570007638001044
 10
24.03214510922385
 20
4.613284603451761
 10
23.99824157180093
 20
4.657251241658665
 10
23.96435068023306
 20
4.613284603451761
  0
LINE
  5
420D
330
18
100
AcDbEntity
  8
AHTM
 62
     3
100
AcDbLine
 10
23.99882809375648
 20
4.754715272613112
 30
0.0
 11
23.99882809375648
 21
4.65649063080269
 31
0.0
  0
LWPOLYLINE
  5
420E
330
18
100
AcDbEntity
  8
AHTM
 62
     3
100
AcDbPolyline
 90
        4
 70
     1
 43
0.0
 10
23.89203332568781
 20
5.024160929050646
 10
23.82909309849035
 20
5.024160929050646
 10
23.82909309849035
 20
4.970126300161908
 10
23.89203332568781
 20
4.970126300161908
  0
LWPOLYLINE
  5
420F
330
18
100
AcDbEntity
  8
AHTM
 62
     3
100
AcDbPolyline
 90
        4
 70
     1
 43
0.0
 10
23.86269381284829
 20
5.238346344079424
 10
23.8965910273437
 20
5.281623309530142
 10
23.86268748992077
 20
5.325589947737045
 10
23.8287965983529
 20
5.281623309530142
  0
LINE
  5
4210
330
18
100
AcDbEntity
  8
AHTM
 62
     3
100
AcDbLine
 10
23.86327401187631
 20
5.239087090883066
 30
0.0
 11
23.86327401187631
 21
5.024160929050646
 31
0.0
  0
LINE
  5
4211
330
18
100
AcDbEntity
  8
AHTM
 62
     7
100
AcDbLine
 10
23.99445728372548
 20
5.460601276056212
 30
0.0
 11
24.04299835257567
 21
5.460601276056212
 31
0.0
  0
LINE
  5
4212
330
18
100
AcDbEntity
  8
AHTM
 62
     7
100
AcDbLine
 10
24.00374957947239
 20
5.448737694697598
 30
0.0
 11
24.03370605682876
 21
5.448737694697598
 31
0.0
  0
LINE
  5
4213
330
18
100
AcDbEntity
  8
AHTM
 62
     7
100
AcDbLine
 10
24.01291867292993
 20
5.437031407125481
 30
0.0
 11
24.02453696337121
 21
5.437031407125481
 31
0.0
  0
TEXT
  5
4214
330
18
100
AcDbEntity
  8
AHTM
100
AcDbText
 10
23.71224675262464
 20
5.815443682615133
 30
0.0
 40
0.0670877313742325
  1
(AJNS)
  7
ROMANS
100
AcDbText
  0
LINE
  5
4215
330
18
100
AcDbEntity
  8
AHTM
 62
     3
100
AcDbLine
 10
24.01871634024153
 20
5.460480064772938
 30
0.0
 11
24.01871634024153
 21
5.50383740562005
 31
0.0
  0
LINE
  5
4216
330
18
100
AcDbEntity
  8
AHTM
 62
     3
100
AcDbLine
 10
23.86327401187631
 20
5.50383740562005
 30
0.0
 11
23.91377222112159
 21
5.50383740562005
 31
0.0
  0
LWPOLYLINE
  5
4217
330
18
100
AcDbEntity
  8
AHTM
 62
     3
100
AcDbPolyline
 90
        4
 70
     1
 43
0.0
 10
23.93712815127668
 20
5.474018619698014
 10
23.96085620142346
 20
5.504312495513516
 10
23.93712372522741
 20
5.535089142258351
 10
23.91340010112991
 20
5.504312495513516
  0
LINE
  5
4218
330
18
100
AcDbEntity
  8
AHTM
 62
     3
100
AcDbLine
 10
23.96048408143178
 20
5.50383740562005
 30
0.0
 11
24.01871634024153
 21
5.50383740562005
 31
0.0
  0
TEXT
  5
4219
330
18
100
AcDbEntity
  8
AHTM
 62
     7
100
AcDbText
 10
23.91907712936126
 20
5.566805694999526
 30
0.0
 40
0.0503157985306744
  1
(501)
100
AcDbText
  0
TEXT
  5
421A
330
18
100
AcDbEntity
  8
AHTM
100
AcDbText
 10
23.94954370403323
 20
5.245219844880236
 30
0.0
 40
0.0553473783837419
  1
(503)
100
AcDbText
  0
TEXT
  5
421B
330
18
100
AcDbEntity
  8
AHTM
100
AcDbText
 10
23.94019886877963
 20
4.967528216101411
 30
0.0
 40
0.0553473783837419
  1
(505)
100
AcDbText
  0
TEXT
  5
421C
330
18
100
AcDbEntity
  8
AHTM
100
AcDbText
 10
24.08213789305982
 20
4.586253127938592
 30
0.0
 40
0.0553473783837419
  1
(504)
100
AcDbText
  0
TEXT
  5
421D
330
18
100
AcDbEntity
  8
AHTM
100
AcDbText
 10
24.0747078610664
 20
4.338021900026488
 30
0.0
 40
0.0553473783837419
  1
(506)
100
AcDbText
  0
TEXT
  5
4223
330
18
100
AcDbEntity
  8
AHTM
100
AcDbText
 10
23.71558847754136
 20
5.916121060447373
 30
0.0
 40
0.0659227609307893
  1
Future
  7
ROMANS
100
AcDbText
  0
LINE
  5
4224
330
18
100
AcDbEntity
  8
AHTM
 62
     3
100
AcDbLine
 10
23.99824789472846
 20
4.328991640883642
 30
0.0
 11
23.99824789472846
 21
4.233273406596213
 31
0.0
  0
LINE
  5
4241
330
18
100
AcDbEntity
  8
AHTM
 62
     3
100
AcDbLine
 10
24.80410246087402
 20
4.417240294404635
 30
0.0
 11
24.80410246087402
 21
4.572514045524035
 31
0.0
  0
LWPOLYLINE
  5
4242
330
18
100
AcDbEntity
  8
AHTM
 62
     3
100
AcDbPolyline
 90
        3
 70
     0
 43
0.0
 10
24.93965654275419
 20
4.017862379047416
 10
24.93965654275419
 20
4.493206038381168
 10
24.80410246087402
 20
4.493206038381168
  0
LWPOLYLINE
  5
4243
330
18
100
AcDbEntity
  8
AHTM
 62
     3
100
AcDbPolyline
 90
        4
 70
     1
 43
0.0
 10
24.80468265990203
 20
4.658997038325682
 10
24.77078544540665
 20
4.615720072874961
 10
24.80468898282957
 20
4.571753434668058
 10
24.83857987439744
 20
4.615720072874961
  0
LINE
  5
4244
330
18
100
AcDbEntity
  8
AHTM
 62
     3
100
AcDbLine
 10
24.93965654275419
 20
3.28482029052297
 30
0.0
 11
24.93965654275419
 21
3.663159342328254
 31
0.0
  0
LWPOLYLINE
  5
4245
330
18
100
AcDbEntity
  8
AHTM
 62
     3
100
AcDbPolyline
 90
        4
 70
     1
 43
0.0
 10
24.80468265990203
 20
4.417981041208279
 10
24.77078544540665
 20
4.374704075757562
 10
24.80468898282957
 20
4.330737437550658
 10
24.83857987439744
 20
4.374704075757562
  0
LINE
  5
4246
330
18
100
AcDbEntity
  8
AHTM
 62
     3
100
AcDbLine
 10
24.80410246087402
 20
4.233273406596212
 30
0.0
 11
24.80410246087402
 21
4.331498048406634
 31
0.0
  0
LWPOLYLINE
  5
4247
330
18
100
AcDbEntity
  8
AHTM
 62
     3
100
AcDbPolyline
 90
        4
 70
     1
 43
0.0
 10
24.91089722894269
 20
3.963827750158677
 10
24.97383745614015
 20
3.963827750158677
 10
24.97383745614015
 20
4.017862379047416
 10
24.91089722894269
 20
4.017862379047416
  0
LWPOLYLINE
  5
4248
330
18
100
AcDbEntity
  8
AHTM
 62
     3
100
AcDbPolyline
 90
        4
 70
     1
 43
0.0
 10
24.94023674178221
 20
3.749642335129899
 10
24.90633952728681
 20
3.706365369679182
 10
24.94024306470974
 20
3.662398731472279
 10
24.9741339562776
 20
3.706365369679182
  0
LINE
  5
4249
330
18
100
AcDbEntity
  8
AHTM
 62
     3
100
AcDbLine
 10
24.93965654275419
 20
3.748901588326259
 30
0.0
 11
24.93965654275419
 21
3.963827750158677
 31
0.0
  0
LINE
  5
424A
330
18
100
AcDbEntity
  8
AHTM
 62
     7
100
AcDbLine
 10
25.07083981460337
 20
3.440915144025434
 30
0.0
 11
25.11938088345355
 21
3.440915144025434
 31
0.0
  0
LINE
  5
424B
330
18
100
AcDbEntity
  8
AHTM
 62
     7
100
AcDbLine
 10
25.08013211035027
 20
3.42905156266682
 30
0.0
 11
25.11008858770665
 21
3.42905156266682
 31
0.0
  0
LINE
  5
424C
330
18
100
AcDbEntity
  8
AHTM
 62
     7
100
AcDbLine
 10
25.08930120380782
 20
3.417345275094703
 30
0.0
 11
25.10091949424909
 21
3.417345275094703
 31
0.0
  0
TEXT
  5
424D
330
18
100
AcDbEntity
  8
AHTM
100
AcDbText
 10
24.79123302278083
 20
3.113778590610418
 30
0.0
 40
0.0670877313742325
  1
(AJES)
  7
ROMANS
100
AcDbText
  0
LINE
  5
424E
330
18
100
AcDbEntity
  8
AHTM
 62
     3
100
AcDbLine
 10
25.09509887111941
 20
3.440793932742159
 30
0.0
 11
25.09509887111941
 21
3.484151273589272
 31
0.0
  0
LINE
  5
424F
330
18
100
AcDbEntity
  8
AHTM
 62
     3
100
AcDbLine
 10
24.93965654275419
 20
3.484151273589272
 30
0.0
 11
24.99015475199947
 21
3.484151273589272
 31
0.0
  0
LWPOLYLINE
  5
4250
330
18
100
AcDbEntity
  8
AHTM
 62
     3
100
AcDbPolyline
 90
        4
 70
     1
 43
0.0
 10
25.01351068215457
 20
3.454332487667236
 10
25.03723873230135
 20
3.484626363482739
 10
25.01350625610529
 20
3.515403010227573
 10
24.98978263200779
 20
3.484626363482739
  0
LINE
  5
4251
330
18
100
AcDbEntity
  8
AHTM
 62
     3
100
AcDbLine
 10
25.03686661230967
 20
3.484151273589272
 30
0.0
 11
25.09509887111941
 21
3.484151273589272
 31
0.0
  0
TEXT
  5
4252
330
18
100
AcDbEntity
  8
AHTM
 62
     7
100
AcDbText
 10
25.05238668137416
 20
3.502208059963249
 30
0.0
 40
0.0503157985306744
  1
(601)
100
AcDbText
  0
TEXT
  5
4253
330
18
100
AcDbEntity
  8
AHTM
100
AcDbText
 10
25.01245369069583
 20
3.672929829184066
 30
0.0
 40
0.0553473783837419
  1
(603)
100
AcDbText
  0
TEXT
  5
4254
330
18
100
AcDbEntity
  8
AHTM
100
AcDbText
 10
25.01594090972759
 20
3.957792725556594
 30
0.0
 40
0.0553473783837419
  1
(605)
100
AcDbText
  0
TEXT
  5
4255
330
18
100
AcDbEntity
  8
AHTM
100
AcDbText
 10
24.53123125038148
 20
4.348999824391969
 30
0.0
 40
0.0553473783837419
  1
(606)
100
AcDbText
  0
TEXT
  5
4256
330
18
100
AcDbEntity
  8
AHTM
100
AcDbText
 10
24.51390570636815
 20
4.592850703661377
 30
0.0
 40
0.0553473783837419
  1
(604)
100
AcDbText
  0
TEXT
  5
4257
330
18
100
AcDbEntity
  8
AHTM
100
AcDbText
 10
24.79189277731527
 20
3.006204072561644
 30
0.0
 40
0.0670877313742325
  1
Future
  7
ROMANS
100
AcDbText
  0
LINE
  5
4258
330
18
100
AcDbEntity
  8
AHTM
 62
     3
100
AcDbLine
 10
24.80468265990203
 20
4.658997038325682
 30
0.0
 11
24.80468265990203
 21
4.754715272613111
 31
0.0
  0
CIRCLE
  5
4274
330
18
100
AcDbEntity
  8
DMHT
 62
     6
100
AcDbCircle
 10
24.93965654275419
 20
3.28482029052297
 30
0.0
 40
0.0561072864476886
  0
HATCH
  5
4275
330
18
100
AcDbEntity
  8
0
100
AcDbHatch
 10
0.0
 20
0.0
 30
0.0
210
0.0
220
0.0
230
1.0
  2
SOLID
 70
     1
 71
     1
 91
        1
 92
        1
 93
        1
 72
     2
 10
24.93965654275419
 20
3.28482029052297
 40
0.0359086633265207
 50
0.0
 51
360.0
 73
     1
 97
        1
330
4277
 75
     0
 76
     1
 98
        1
 10
20.76647367972669
 20
0.2551235331007172
450
        1
451
        0
460
0.0
461
0.0
452
        1
462
0.0
453
        2
463
0.0
 63
     6
421
 16711935
463
1.0
 63
     7
421
 16777215
470
LINEAR
1001
ACAD
1010
0.0
1020
0.0
1030
0.0
1001
HATCHBACKGROUNDCOLOR
1071
-939524096
1000

1000

  0
HATCH
  5
4276
330
18
100
AcDbEntity
  8
0
100
AcDbHatch
 10
0.0
 20
0.0
 30
0.0
210
0.0
220
0.0
230
1.0
  2
SOLID
 70
     1
 71
     1
 91
        1
 92
        1
 93
        1
 72
     2
 10
24.93965654275419
 20
3.28482029052297
 40
0.0359086633265207
 50
0.0
 51
360.0
 73
     1
 97
        1
330
4277
 75
     0
 76
     1
 98
        1
 10
20.76647367972669
 20
0.2551235331007172
450
        1
451
        0
460
0.0
461
0.5
452
        1
462
0.0
453
        2
463
0.0
 63
     6
421
 16711935
463
1.0
 63
     6
421
 16711935
470
LINEAR
1001
ACAD
1010
0.0
1020
0.0
1030
0.0
1001
HATCHBACKGROUNDCOLOR
1071
-939524096
1000

1000

  0
CIRCLE
  5
4277
102
{ACAD_REACTORS
330
4275
330
4276
102
}
330
18
100
AcDbEntity
  8
DMHT
 62
     6
100
AcDbCircle
 10
24.93965654275419
 20
3.28482029052297
 30
0.0
 40
0.0359086633265207
  0
CIRCLE
  5
428C
330
18
100
AcDbEntity
  8
DMHT
 62
     6
100
AcDbCircle
 10
23.86327401187631
 20
5.703168388686354
 30
0.0
 40
0.0561072864476886
  0
HATCH
  5
428D
330
18
100
AcDbEntity
  8
0
100
AcDbHatch
 10
0.0
 20
0.0
 30
0.0
210
0.0
220
0.0
230
1.0
  2
SOLID
 70
     1
 71
     1
 91
        1
 92
        1
 93
        1
 72
     2
 10
23.86327401187631
 20
5.703168388686354
 40
0.0359086633265207
 50
0.0
 51
360.0
 73
     1
 97
        1
330
428F
 75
     0
 76
     1
 98
        1
 10
19.6900911488488
 20
2.673471631264104
450
        1
451
        0
460
0.0
461
0.0
452
        1
462
0.0
453
        2
463
0.0
 63
     6
421
 16711935
463
1.0
 63
     7
421
 16777215
470
LINEAR
1001
ACAD
1010
0.0
1020
0.0
1030
0.0
1001
HATCHBACKGROUNDCOLOR
1071
-939524096
1000

1000

  0
HATCH
  5
428E
330
18
100
AcDbEntity
  8
0
100
AcDbHatch
 10
0.0
 20
0.0
 30
0.0
210
0.0
220
0.0
230
1.0
  2
SOLID
 70
     1
 71
     1
 91
        1
 92
        1
 93
        1
 72
     2
 10
23.86327401187631
 20
5.703168388686354
 40
0.0359086633265207
 50
0.0
 51
360.0
 73
     1
 97
        1
330
428F
 75
     0
 76
     1
 98
        1
 10
19.6900911488488
 20
2.673471631264104
450
        1
451
        0
460
0.0
461
0.5
452
        1
462
0.0
453
        2
463
0.0
 63
     6
421
 16711935
463
1.0
 63
     6
421
 16711935
470
LINEAR
1001
ACAD
1010
0.0
1020
0.0
1030
0.0
1001
HATCHBACKGROUNDCOLOR
1071
-939524096
1000

1000

  0
CIRCLE
  5
428F
102
{ACAD_REACTORS
330
428D
330
428E
102
}
330
18
100
AcDbEntity
  8
DMHT
 62
     6
100
AcDbCircle
 10
23.86327401187631
 20
5.703168388686354
 30
0.0
 40
0.0359086633265207
  0
TEXT
  5
4295
330
18
100
AcDbEntity
  8
AHTM
100
AcDbText
 10
25.01411550286769
 20
3.265986975215712
 30
0.0
 40
0.0318016559902317
  1
CSE
  7
ROMANS
100
AcDbText
  0
TEXT
  5
429B
330
18
100
AcDbEntity
  8
AHTM
100
AcDbText
 10
23.93335240533357
 20
5.684309305452007
 30
0.0
 40
0.0318016559902317
  1
CSE
  7
ROMANS
100
AcDbText
  0
TEXT
  5
42AA
330
18
100
AcDbEntity
  8
0
100
AcDbText
 10
20.784168668873
 20
0.7120683733634584
 30
0.0
 40
0.0713880896960947
  1
1/26-Future AJNS and AJES were added.
  7
ROMANS
100
AcDbText
  0
LINE
  5
42EB
330
18
100
AcDbEntity
  8
0
100
AcDbLine
 10
18.73124518211069
 20
3.746358014106452
 30
0.0
 11
18.66572181735356
 21
3.675480567695313
 31
0.0
  0
LINE
  5
42F1
330
18
100
AcDbEntity
  8
0
100
AcDbLine
 10
18.73124518211069
 20
3.71744253557909
 30
0.0
 11
18.66572181735356
 21
3.646565089167951
 31
0.0
  0
LINE
  5
42FF
330
18
100
AcDbEntity
  8
AHTM
 62
     1
100
AcDbLine
 10
19.49806949831768
 20
3.315444175678784
 30
0.0
 11
19.49806949831768
 21
3.074747938580503
 31
0.0
  0
LINE
  5
432B
330
18
100
AcDbEntity
  8
AHTM
 62
     1
100
AcDbLine
 10
17.98506520088765
 20
3.28536912269501
 30
0.0
 11
17.98506520088765
 21
3.350382820723445
 31
0.0
  0
LINE
  5
432C
330
18
100
AcDbEntity
  8
AHTM
 62
     1
100
AcDbLine
 10
17.96754100364291
 20
3.304729377023031
 30
0.0
 11
17.98506520088765
 21
3.28536912269501
 31
0.0
  0
LINE
  5
432D
330
18
100
AcDbEntity
  8
AHTM
 62
     1
100
AcDbLine
 10
17.98506520088765
 20
3.28536912269501
 30
0.0
 11
18.00645388091738
 21
3.304729377023031
 31
0.0
  0
TEXT
  5
4333
330
18
100
AcDbEntity
  8
AHTM
100
AcDbText
 10
17.89203167719651
 20
3.232242419335614
 30
0.0
 40
0.0261627990030943
  1
To LVAC
100
AcDbText
  0
TEXT
  5
433C
330
18
100
AcDbEntity
  8
AHTM
100
AcDbText
 10
17.11317618758343
 20
4.060268054885974
 30
0.0
 40
0.0553473783837419
  1
Ynd1
  7
ROMANS
100
AcDbText
  0
TEXT
  5
433D
330
18
100
AcDbEntity
  8
AHTM
100
AcDbText
 10
16.98592948765087
 20
4.256924010357634
 30
0.0
 40
0.0553473783837419
  1
132/33kV
  7
ROMANS
100
AcDbText
  0
TEXT
  5
433E
330
18
100
AcDbEntity
  8
AHTM
100
AcDbText
 10
17.00410758764125
 20
4.158596039669709
 30
0.0
 40
0.0553473783837419
  1
1x90MVA
  7
ROMANS
100
AcDbText
  0
LINE
  5
436D
330
18
100
AcDbEntity
  8
AHTM
 62
     1
100
AcDbLine
 10
19.74769059689891
 20
3.195145489689886
 30
0.0
 11
20.93311658521346
 21
3.195145489689885
 31
0.0
  0
LINE
  5
436E
330
18
100
AcDbEntity
  8
AHTM
 62
     1
100
AcDbLine
 10
20.93311658521346
 20
3.195145489689885
 30
0.0
 11
20.93311658521346
 21
3.074747938580503
 31
0.0
  0
LINE
  5
4372
330
18
100
AcDbEntity
  8
AHTM
 62
     1
100
AcDbLine
 10
20.57958237882663
 20
3.047730624136135
 30
0.0
 11
20.78723101643625
 21
3.047730624136134
 31
0.0
  0
LINE
  5
4373
330
18
100
AcDbEntity
  8
0
100
AcDbLine
 10
20.80224554017348
 20
3.068929248556502
 30
0.0
 11
20.77221649269902
 21
3.026531999715766
 31
0.0
  0
LINE
  5
437A
330
18
100
AcDbEntity
  8
0
100
AcDbLine
 10
20.81852025993066
 20
3.068929248556502
 30
0.0
 11
20.78849121245621
 21
3.026531999715766
 31
0.0
  0
CIRCLE
  5
4386
330
18
100
AcDbEntity
  8
AHTM
 62
     1
100
AcDbCircle
 10
20.27840781892915
 20
3.450567799366379
 30
0.0
 40
0.0465506011915502
  0
CIRCLE
  5
4387
330
18
100
AcDbEntity
  8
AHTM
 62
     1
100
AcDbCircle
 10
20.27840781892915
 20
3.497118400557917
 30
0.0
 40
0.0465506011915502
  0
TEXT
  5
4388
330
18
100
AcDbEntity
  8
AHTM
100
AcDbText
 10
20.12458701499153
 20
3.586413543264285
 30
0.0
 40
0.0553473783837419
  1
ETX4_N
100
AcDbText
  0
LINE
  5
4389
330
18
100
AcDbEntity
  8
AHTM
 62
     1
100
AcDbLine
 10
20.27840781892915
 20
3.339003500146394
 30
0.0
 11
20.27840781892915
 21
3.404017198174829
 31
0.0
  0
LINE
  5
438A
330
18
100
AcDbEntity
  8
AHTM
 62
     1
100
AcDbLine
 10
20.26088362168441
 20
3.358363754474415
 30
0.0
 11
20.27840781892915
 21
3.339003500146394
 31
0.0
  0
LINE
  5
438B
330
18
100
AcDbEntity
  8
AHTM
 62
     1
100
AcDbLine
 10
20.27840781892915
 20
3.339003500146394
 30
0.0
 11
20.29979649895888
 21
3.358363754474415
 31
0.0
  0
TEXT
  5
438C
330
18
100
AcDbEntity
  8
AHTM
100
AcDbText
 10
20.18537429523802
 20
3.285876796786998
 30
0.0
 40
0.0261627990030943
  1
To LVAC
100
AcDbText
  0
LINE
  5
438D
330
18
100
AcDbEntity
  8
AHTM
 62
     1
100
AcDbLine
 10
20.3249584201207
 20
3.497118400557917
 30
0.0
 11
20.52826841271494
 21
3.497118400557917
 31
0.0
  0
LINE
  5
438E
330
18
100
AcDbEntity
  8
AHTM
 62
     1
100
AcDbLine
 10
20.52826841271494
 20
3.497118400557917
 30
0.0
 11
20.57958237882664
 21
3.627372078031251
 31
0.0
  0
LINE
  5
438F
330
18
100
AcDbEntity
  8
AHTM
 62
     1
100
AcDbLine
 10
20.2318572177376
 20
3.497118400557917
 30
0.0
 11
18.54791981559909
 21
3.497118400557917
 31
0.0
  0
LINE
  5
4390
330
18
100
AcDbEntity
  8
AHTM
 62
     1
100
AcDbLine
 10
18.54791981559909
 20
3.497118400557917
 30
0.0
 11
18.54791981559909
 21
3.07675856072504
 31
0.0
  0
LINE
  5
4391
330
18
100
AcDbEntity
  8
AHTM
 62
     1
100
AcDbLine
 10
18.54791981559909
 20
3.07675856072504
 30
0.0
 11
17.61513474725719
 21
3.076758560725039
 31
0.0
  0
LINE
  5
4392
330
18
100
AcDbEntity
  8
AHTM
 62
     1
100
AcDbLine
 10
17.61513474725719
 20
3.076758560725039
 30
0.0
 11
17.61513474725719
 21
3.615115400493931
 31
0.0
  0
TEXT
  5
4399
330
18
100
AcDbEntity
  8
0
100
AcDbText
 10
20.77920427546497
 20
0.550619004439803
 30
0.0
 40
0.0713880896960947
  1
2/26-New 90MVA T3 was successfully comm on 28/01/26
  7
ROMANS
100
AcDbText
  0
TEXT
  5
439F
330
18
100
AcDbEntity
  8
0
100
AcDbText
 10
21.05803263320401
 20
0.3946804147964762
 30
0.0
 40
0.0713880896960947
  1
-Future 90MVA T4_N was added.
  7
ROMANS
100
AcDbText
  0
LWPOLYLINE
  5
43D0
330
18
100
AcDbEntity
  8
AHTM
 62
     1
100
AcDbPolyline
 90
        4
 70
     0
 43
0.0
 10
18.87274742860253
 20
3.901523231560887
 10
18.87274742860253
 20
3.57617298762429
 10
19.70800629175632
 20
3.57617298762429
 10
19.75030190956697
 20
3.610012579293947
  0
ENDSEC
  0
SECTION
  2
OBJECTS
  0
DICTIONARY
  5
C
330
0
100
AcDbDictionary
281
     1
  3
ACAD_CIP_PREVIOUS_PRODUCT_INFO
350
3B01
  3
ACAD_COLOR
350
3ADD
  3
ACAD_DETAILVIEWSTYLE
350
3AF7
  3
ACAD_GROUP
350
D
  3
ACAD_IMAGE_DICT
350
3CBE
  3
ACAD_IMAGE_VARS
350
3CC1
  3
ACAD_LAST_SAVED_VERSION_INFO
350
40DD
  3
ACAD_LAYOUT
350
3ADE
  3
ACAD_MATERIAL
350
3AAB
  3
ACAD_MLEADERSTYLE
350
3AF3
  3
ACAD_MLINESTYLE
350
E
  3
ACAD_PLOTSETTINGS
350
3AF9
  3
ACAD_PLOTSTYLENAME
350
3AA9
  3
ACAD_SCALELIST
350
3AE1
  3
ACAD_SECTIONVIEWSTYLE
350
3AF5
  3
ACAD_TABLESTYLE
350
3ADF
  3
ACAD_VISUALSTYLE
350
3AC4
  3
ACDB_RECOMPOSE_DATA
350
441F
  3
AcDbVariableDictionary
350
3B02
  3
AcDsDecomposeData
350
4420
  0
DICTIONARY
  5
43DB
330
8
100
AcDbDictionary
280
     1
281
     1
  3
ACAD_XREC_ROUNDTRIP
360
43DC
  0
DICTIONARY
  5
3B0C
330
2
100
AcDbDictionary
280
     1
281
     1
  3
ACAD_LAYERSTATES
360
3B0D
  0
DICTIONARY
  5
40DE
330
F
100
AcDbDictionary
280
     1
281
     1
  3
ADSK_XREC_LAYER_RECONCILED
360
40DF
  0
DICTIONARY
  5
40E0
330
22
100
AcDbDictionary
280
     1
281
     1
  3
ADSK_XREC_LAYER_RECONCILED
360
40E1
  0
DICTIONARY
  5
40E2
330
341
100
AcDbDictionary
280
     1
281
     1
  3
ADSK_XREC_LAYER_RECONCILED
360
40E3
  0
DICTIONARY
  5
3B05
330
3B04
100
AcDbDictionary
280
     1
281
     1
  3
ADSK_XREC_LAYER_RECONCILED
360
40E4
  0
DICTIONARY
  5
3B07
330
3B06
100
AcDbDictionary
280
     1
281
     1
  3
ADSK_XREC_LAYER_RECONCILED
360
40E5
  0
DICTIONARY
  5
3B09
330
3B08
100
AcDbDictionary
280
     1
281
     1
  3
ADSK_XREC_LAYER_RECONCILED
360
40E6
  0
IMAGEDEF_REACTOR
  5
41E4
330
41E5
100
AcDbRasterImageDefReactor
 90
        2
330
41E5
  0
XRECORD
  5
3B01
102
{ACAD_REACTORS
330
C
102
}
330
C
100
AcDbXrecord
280
     1
300
ACDLT
300
2024
300

  0
DICTIONARY
  5
3ADD
102
{ACAD_REACTORS
330
C
102
}
330
C
100
AcDbDictionary
281
     1
  0
DICTIONARY
  5
3AF7
102
{ACAD_REACTORS
330
C
102
}
330
C
100
AcDbDictionary
281
     1
  3
Imperial24
350
3AF8
  0
DICTIONARY
  5
D
102
{ACAD_REACTORS
330
C
102
}
330
C
100
AcDbDictionary
281
     1
  0
DICTIONARY
  5
3CBE
102
{ACAD_REACTORS
330
C
102
}
330
C
100
AcDbDictionary
281
     1
  3
GSO Logo
350
418E
  3
GSO Logo_1
350
41E3
  3
GSO_png_Transparent_1
350
3CBF
  0
RASTERVARIABLES
  5
3CC1
102
{ACAD_REACTORS
330
C
102
}
330
C
100
AcDbRasterVariables
 90
        0
 70
     1
 71
     1
 72
     0
  0
XRECORD
  5
40DD
102
{ACAD_REACTORS
330
C
102
}
330
C
100
AcDbXrecord
280
     1
300
{2A0E353B-E214-6E43-8845-FE764C750975}
301
{7C8C24BB-211C-E441-ABAF-3C09ED35AC98}
302
{2A0E353B-E214-6E43-8845-FE764C750975}
303
C:\Users\dila.darlis\OneDrive - Tenaga Nasional Berhad\Grid System Operator - OPU-Operation\14 SLD (All)\01 SLD\P.Pinang, Kedah & Perlis\132AJYA\AJYA.dwg
  0
DICTIONARY
  5
3ADE
102
{ACAD_REACTORS
330
C
102
}
330
C
100
AcDbDictionary
281
     1
  3
Layout1
350
3AFB
  3
Model
350
3AFA
  0
DICTIONARY
  5
3AAB
102
{ACAD_REACTORS
330
C
102
}
330
C
100
AcDbDictionary
281
     1
  3
ByBlock
350
3AB4
  3
ByLayer
350
3AAC
  3
Global
350
3ABC
  0
DICTIONARY
  5
3AF3
102
{ACAD_REACTORS
330
C
102
}
330
C
100
AcDbDictionary
281
     1
  3
Standard
350
3AF4
  0
DICTIONARY
  5
E
102
{ACAD_REACTORS
330
C
102
}
330
C
100
AcDbDictionary
281
     1
  3
STANDARD
350
1B
  0
DICTIONARY
  5
3AF9
102
{ACAD_REACTORS
330
C
102
}
330
C
100
AcDbDictionary
281
     1
  0
ACDBDICTIONARYWDFLT
  5
3AA9
102
{ACAD_REACTORS
330
C
102
}
330
C
100
AcDbDictionary
281
     1
  3
Normal
350
3AAA
100
AcDbDictionaryWithDefault
340
3AAA
  0
DICTIONARY
  5
3AE1
102
{ACAD_REACTORS
330
C
102
}
330
C
100
AcDbDictionary
281
     1
  3
A0
350
3AE2
  3
A1
350
3AE3
  3
A2
350
3AE4
  3
A3
350
3AE5
  3
A4
350
3AE6
  3
A5
350
3AE7
  3
A6
350
3AE8
  3
A7
350
3AE9
  3
A8
350
3AEA
  3
A9
350
3AEB
  3
B0
350
3AEC
  3
B1
350
3AED
  3
B2
350
3AEE
  3
B3
350
3AEF
  3
B4
350
3AF0
  3
B5
350
3AF1
  3
B6
350
3AF2
  0
DICTIONARY
  5
3AF5
102
{ACAD_REACTORS
330
C
102
}
330
C
100
AcDbDictionary
281
     1
  3
Imperial24
350
3AF6
  0
DICTIONARY
  5
3ADF
102
{ACAD_REACTORS
330
C
102
}
330
C
100
AcDbDictionary
281
     1
  3
Standard
350
3AE0
  0
DICTIONARY
  5
3AC4
102
{ACAD_REACTORS
330
C
102
}
330
C
100
AcDbDictionary
281
     1
  3
2dWireframe
350
3ACA
  3
Basic
350
3AC9
  3
Brighten
350
3AD0
  3
ColorChange
350
3AD4
  3
Conceptual
350
3ACD
  3
Dim
350
3ACF
  3
EdgeColorOff
350
3ADC
  3
Facepattern
350
3AD3
  3
Flat
350
3AC5
  3
FlatWithEdges
350
3AC6
  3
Gouraud
350
3AC7
  3
GouraudWithEdges
350
3AC8
  3
Hidden
350
3ACC
  3
JitterOff
350
3ADA
  3
Linepattern
350
3AD2
  3
OverhangOff
350
3ADB
  3
Realistic
350
3ACE
  3
Shaded
350
3AD9
  3
Shaded with edges
350
3AD8
  3
Shades of Gray
350
3AD5
  3
Sketchy
350
3AD6
  3
Thicken
350
3AD1
  3
Wireframe
350
3ACB
  3
X-Ray
350
3AD7
  0
XRECORD
  5
441F
102
{ACAD_REACTORS
330
C
102
}
330
C
100
AcDbXrecord
280
     1
 90
        1
330
3AE0
  0
DICTIONARY
  5
3B02
102
{ACAD_REACTORS
330
C
102
}
330
C
100
AcDbDictionary
281
     1
  3
CANNOSCALE
350
3E76
  3
CMLEADERSTYLE
350
3E72
  3
CTABLESTYLE
350
3E71
  3
CVIEWDETAILSTYLE
350
3E73
  3
CVIEWSECTIONSTYLE
350
3E74
  3
LAYEREVAL
350
3E78
  3
LAYERNOTIFY
350
3E79
  3
LIGHTINGUNITS
350
3E77
  3
MSLTSCALE
350
3E75
  3
XCLIPFRAME
350
43DD
  0
DICTIONARY
  5
4420
102
{ACAD_REACTORS
330
C
102
}
330
C
100
AcDbDictionary
281
     1
  3
AcDsRecords
350
4421
  3
AcDsSchemas
350
4422
1001
ACAD
1070
     2
  0
XRECORD
  5
43DC
102
{ACAD_REACTORS
330
43DB
102
}
330
43DB
100
AcDbXrecord
280
     1
102
VTR_0.000_0.000_1.000_1.000_VISUALSTYLE
340
3ACA
102
VTR_0.000_0.000_1.000_1.000_GRIDDISPLAY
 70
     3
102
VTR_0.000_0.000_1.000_1.000_GRIDMAJOR
 70
     5
102
VTR_0.000_0.000_1.000_1.000_DEFAULTLIGHTING
280
     1
102
VTR_0.000_0.000_1.000_1.000_DEFAULTLIGHTINGTYPE
 70
     1
102
VTR_0.000_0.000_1.000_1.000_BRIGHTNESS
141
0.0
102
VTR_0.000_0.000_1.000_1.000_CONTRAST
142
0.0
  0
DICTIONARY
  5
3B0D
102
{ACAD_REACTORS
330
3B0C
102
}
330
3B0C
100
AcDbDictionary
281
     1
  0
XRECORD
  5
40DF
102
{ACAD_REACTORS
330
40DE
102
}
330
40DE
100
AcDbXrecord
280
     1
290
     1
  0
XRECORD
  5
40E1
102
{ACAD_REACTORS
330
40E0
102
}
330
40E0
100
AcDbXrecord
280
     1
290
     1
  0
XRECORD
  5
40E3
102
{ACAD_REACTORS
330
40E2
102
}
330
40E2
100
AcDbXrecord
280
     1
290
     1
  0
XRECORD
  5
40E4
102
{ACAD_REACTORS
330
3B05
102
}
330
3B05
100
AcDbXrecord
280
     1
290
     1
  0
XRECORD
  5
40E5
102
{ACAD_REACTORS
330
3B07
102
}
330
3B07
100
AcDbXrecord
280
     1
290
     1
  0
XRECORD
  5
40E6
102
{ACAD_REACTORS
330
3B09
102
}
330
3B09
100
AcDbXrecord
280
     1
290
     1
  0
ACDBDETAILVIEWSTYLE
  5
3AF8
102
{ACAD_REACTORS
330
3AF7
102
}
102
{ACAD_XDICTIONARY
360
43DE
102
}
330
3AF7
100
AcDbModelDocViewStyle
 70
     0
  3
Imperial24
290
     1
100
AcDbDetailViewStyle
 70
     0
 71
     0
 90
        3
 71
     1
340
10
 62
   256
 40
0.24
340
0
 62
   256
 40
0.24
300

 40
0.36
280
     3
 71
     2
340
14
 90
       25
 62
   256
 71
     3
340
10
 62
   256
 40
0.24
 90
        1
 40
0.75
 90
        1
300
%<\AcVar ViewType \f "%tc1">% %<\AcVar ViewDetailId>%\PSCALE %<\AcVar ViewScale \f "%sn">%
 71
     4
340
14
 90
       25
 62
   256
340
14
 90
       25
 62
   256
280
     0
  0
IMAGEDEF
  5
418E
102
{ACAD_REACTORS
330
3CBE
102
}
330
3CBE
100
AcDbRasterImageDef
 90
        0
  1
..\..\OneDrive - Tenaga Nasional Berhad\BACKUP\GSO Logo.png
 10
169.0
 20
77.0
 11
0.2645502645502646
 21
0.2645502645502646
280
     1
281
     2
  0
IMAGEDEF
  5
41E3
102
{ACAD_REACTORS
330
3CBE
330
41E4
102
}
330
3CBE
100
AcDbRasterImageDef
 90
        0
  1
..\..\..\..\..\BACKUP\GSO Logo.png
 10
169.0
 20
77.0
 11
0.2645502645502646
 21
0.2645502645502646
280
     1
281
     2
  0
IMAGEDEF
  5
3CBF
102
{ACAD_REACTORS
330
3CBE
102
}
330
3CBE
100
AcDbRasterImageDef
 90
        0
  1
O:\14 SLD (All)\GSO_png_Transparent.png
 10
1080.0
 20
540.0
 11
0.000925925925925926
 21
0.000925925925925926
280
     1
281
     0
  0
LAYOUT
  5
3AFB
102
{ACAD_REACTORS
330
3ADE
102
}
330
3ADE
100
AcDbPlotSettings
  1

  2
\\NLDC-FS-01\Printer Level 3 RICOH MP C5503 PCL 6 NEW
  4

  6

 40
0.0
 41
0.0
 42
0.0
 43
0.0
 44
0.0
 45
0.0
 46
0.0
 47
0.0
 48
0.0
 49
0.0
140
0.0
141
0.0
142
1.0
143
1.0
 70
   688
 72
     0
 73
     0
 74
     5
  7

 75
    16
 76
     0
 77
     2
 78
   300
147
1.0
148
0.0
149
0.0
100
AcDbLayout
  1
Layout1
 70
     1
 71
     1
 10
0.0
 20
0.0
 11
12.0
 21
9.0
 12
0.0
 22
0.0
 32
0.0
 14
1.000000000000000E+20
 24
1.000000000000000E+20
 34
1.000000000000000E+20
 15
-1.000000000000000E+20
 25
-1.000000000000000E+20
 35
-1.000000000000000E+20
146
0.0
 13
0.0
 23
0.0
 33
0.0
 16
1.0
 26
0.0
 36
0.0
 17
0.0
 27
1.0
 37
0.0
 76
     0
330
15
  0
LAYOUT
  5
3AFA
102
{ACAD_REACTORS
330
3ADE
102
}
102
{ACAD_XDICTIONARY
360
43E0
102
}
330
3ADE
100
AcDbPlotSettings
  1

  2
\\NLDC-FS-01\Printer Level 3 RICOH MP C5503 PCL 6 NEW
  4
Letter
  6

 40
4.233333110809326
 41
4.23333740234375
 42
4.23333740234375
 43
4.23333740234375
 44
215.9000091552734
 45
279.3999938964844
 46
0.0
 47
0.0
 48
0.0
 49
0.0
140
0.0
141
0.0
142
1.0
143
1.888594406940277
 70
 11952
 72
     0
 73
     1
 74
     0
  7

 75
     0
 76
     0
 77
     2
 78
   300
147
0.5294943140386115
148
-265.0970348332597
149
39.07692624851207
100
AcDbLayout
  1
Model
 70
     1
 71
     0
 10
0.0
 20
0.0
 11
12.0
 21
9.0
 12
0.0
 22
0.0
 32
0.0
 14
0.0
 24
0.0
 34
0.0
 15
0.0
 25
0.0
 35
0.0
146
0.0
 13
0.0
 23
0.0
 33
0.0
 16
1.0
 26
0.0
 36
0.0
 17
0.0
 27
1.0
 37
0.0
 76
     0
330
18
331
3451
1001
ACAD_PSEXT
1000
\\NLDC-FS-01\Printer Level 3 RICOH MP C5503 PCL 6 NEW
1000
RICOH MP C5503 PCL 6
1000
\\NLDC-FS-01
1000

1070
     0
  0
MATERIAL
  5
3AB4
102
{ACAD_REACTORS
330
3AAB
102
}
102
{ACAD_XDICTIONARY
360
43E2
102
}
330
3AAB
100
AcDbMaterial
  1
ByBlock
 72
     0
 73
     2
 43
0.0208333333333333
 43
0.0
 43
0.0
 43
0.0
 43
0.0
 43
0.0208333333333333
 43
0.0
 43
0.0
 43
0.0
 43
0.0
 43
1.0
 43
0.0
 43
0.0
 43
0.0
 43
0.0
 43
1.0
 77
     0
 78
     2
 47
0.0208333333333333
 47
0.0
 47
0.0
 47
0.0
 47
0.0
 47
0.0208333333333333
 47
0.0
 47
0.0
 47
0.0
 47
0.0
 47
1.0
 47
0.0
 47
0.0
 47
0.0
 47
0.0
 47
1.0
171
     0
172
     2
 49
0.0208333333333333
 49
0.0
 49
0.0
 49
0.0
 49
0.0
 49
0.0208333333333333
 49
0.0
 49
0.0
 49
0.0
 49
0.0
 49
1.0
 49
0.0
 49
0.0
 49
0.0
 49
0.0
 49
1.0
175
     0
176
     2
142
0.0208333333333333
142
0.0
142
0.0
142
0.0
142
0.0
142
0.0208333333333333
142
0.0
142
0.0
142
0.0
142
0.0
142
1.0
142
0.0
142
0.0
142
0.0
142
0.0
142
1.0
179
     0
270
     2
144
0.0208333333333333
144
0.0
144
0.0
144
0.0
144
0.0
144
0.0208333333333333
144
0.0
144
0.0
144
0.0
144
0.0
144
1.0
144
0.0
144
0.0
144
0.0
144
0.0
144
1.0
274
     2
147
0.0208333333333333
147
0.0
147
0.0
147
0.0
147
0.0
147
0.0208333333333333
147
0.0
147
0.0
147
0.0
147
0.0
147
1.0
147
0.0
147
0.0
147
0.0
147
0.0
147
1.0
  0
MATERIAL
  5
3AAC
102
{ACAD_REACTORS
330
3AAB
102
}
102
{ACAD_XDICTIONARY
360
43E4
102
}
330
3AAB
100
AcDbMaterial
  1
ByLayer
 72
     0
 73
     2
 43
0.0208333333333333
 43
0.0
 43
0.0
 43
0.0
 43
0.0
 43
0.0208333333333333
 43
0.0
 43
0.0
 43
0.0
 43
0.0
 43
1.0
 43
0.0
 43
0.0
 43
0.0
 43
0.0
 43
1.0
 77
     0
 78
     2
 47
0.0208333333333333
 47
0.0
 47
0.0
 47
0.0
 47
0.0
 47
0.0208333333333333
 47
0.0
 47
0.0
 47
0.0
 47
0.0
 47
1.0
 47
0.0
 47
0.0
 47
0.0
 47
0.0
 47
1.0
171
     0
172
     2
 49
0.0208333333333333
 49
0.0
 49
0.0
 49
0.0
 49
0.0
 49
0.0208333333333333
 49
0.0
 49
0.0
 49
0.0
 49
0.0
 49
1.0
 49
0.0
 49
0.0
 49
0.0
 49
0.0
 49
1.0
175
     0
176
     2
142
0.0208333333333333
142
0.0
142
0.0
142
0.0
142
0.0
142
0.0208333333333333
142
0.0
142
0.0
142
0.0
142
0.0
142
1.0
142
0.0
142
0.0
142
0.0
142
0.0
142
1.0
179
     0
270
     2
144
0.0208333333333333
144
0.0
144
0.0
144
0.0
144
0.0
144
0.0208333333333333
144
0.0
144
0.0
144
0.0
144
0.0
144
1.0
144
0.0
144
0.0
144
0.0
144
0.0
144
1.0
274
     2
147
0.0208333333333333
147
0.0
147
0.0
147
0.0
147
0.0
147
0.0208333333333333
147
0.0
147
0.0
147
0.0
147
0.0
147
1.0
147
0.0
147
0.0
147
0.0
147
0.0
147
1.0
  0
MATERIAL
  5
3ABC
102
{ACAD_REACTORS
330
3AAB
102
}
102
{ACAD_XDICTIONARY
360
3ABD
102
}
330
3AAB
100
AcDbMaterial
  1
Global
 72
     0
 73
     2
 43
0.0208333333333333
 43
0.0
 43
0.0
 43
0.0
 43
0.0
 43
0.0208333333333333
 43
0.0
 43
0.0
 43
0.0
 43
0.0
 43
1.0
 43
0.0
 43
0.0
 43
0.0
 43
0.0
 43
1.0
 77
     0
 78
     2
 47
0.0208333333333333
 47
0.0
 47
0.0
 47
0.0
 47
0.0
 47
0.0208333333333333
 47
0.0
 47
0.0
 47
0.0
 47
0.0
 47
1.0
 47
0.0
 47
0.0
 47
0.0
 47
0.0
 47
1.0
171
     0
172
     2
 49
0.0208333333333333
 49
0.0
 49
0.0
 49
0.0
 49
0.0
 49
0.0208333333333333
 49
0.0
 49
0.0
 49
0.0
 49
0.0
 49
1.0
 49
0.0
 49
0.0
 49
0.0
 49
0.0
 49
1.0
175
     0
176
     2
142
0.0208333333333333
142
0.0
142
0.0
142
0.0
142
0.0
142
0.0208333333333333
142
0.0
142
0.0
142
0.0
142
0.0
142
1.0
142
0.0
142
0.0
142
0.0
142
0.0
142
1.0
179
     0
270
     2
144
0.0208333333333333
144
0.0
144
0.0
144
0.0
144
0.0
144
0.0208333333333333
144
0.0
144
0.0
144
0.0
144
0.0
144
1.0
144
0.0
144
0.0
144
0.0
144
0.0
144
1.0
274
     2
147
0.0208333333333333
147
0.0
147
0.0
147
0.0
147
0.0
147
0.0208333333333333
147
0.0
147
0.0
147
0.0
147
0.0
147
1.0
147
0.0
147
0.0
147
0.0
147
0.0
147
1.0
  0
MLEADERSTYLE
  5
3AF4
102
{ACAD_REACTORS
330
3AF3
102
}
102
{ACAD_XDICTIONARY
360
43E8
102
}
330
3AF3
100
AcDbMLeaderStyle
170
     2
171
     1
172
     0
 90
        2
 40
0.0
 41
0.0
173
     1
 91
-1056964608
340
12
 92
       -2
290
     1
 42
0.09
291
     1
 43
0.36
  3
Standard
341
0
 44
0.18
300

342
10
174
     1
178
     6
175
     1
176
     0
 93
-1056964608
 45
0.18
292
     0
297
     0
 46
0.18
343
0
 94
-1056964608
 47
1.0
 49
1.0
140
1.0
293
     1
141
0.0
294
     1
177
     0
142
1.0
295
     1
296
     0
143
0.125
1001
ACAD_MLEADERVER
1070
     2
  0
MLINESTYLE
  5
1B
102
{ACAD_REACTORS
330
E
102
}
330
E
100
AcDbMlineStyle
  2
STANDARD
 70
     0
  3

 62
     0
 51
90.0
 52
90.0
 71
     2
 49
0.5
 62
   256
  6
BYLAYER
 49
-0.5
 62
   256
  6
BYLAYER
  0
ACDBPLACEHOLDER
  5
3AAA
102
{ACAD_REACTORS
330
3AA9
102
}
330
3AA9
  0
SCALE
  5
3AE2
102
{ACAD_REACTORS
330
3AE1
102
}
330
3AE1
100
AcDbScale
 70
     0
300
1:1
140
1.0
141
1.0
290
     1
  0
SCALE
  5
3AE3
102
{ACAD_REACTORS
330
3AE1
102
}
330
3AE1
100
AcDbScale
 70
     0
300
1/128" = 1'-0"
140
0.0078125
141
12.0
290
     0
  0
SCALE
  5
3AE4
102
{ACAD_REACTORS
330
3AE1
102
}
330
3AE1
100
AcDbScale
 70
     0
300
1/64" = 1'-0"
140
0.015625
141
12.0
290
     0
  0
SCALE
  5
3AE5
102
{ACAD_REACTORS
330
3AE1
102
}
330
3AE1
100
AcDbScale
 70
     0
300
1/32" = 1'-0"
140
0.03125
141
12.0
290
     0
  0
SCALE
  5
3AE6
102
{ACAD_REACTORS
330
3AE1
102
}
330
3AE1
100
AcDbScale
 70
     0
300
1/16" = 1'-0"
140
0.0625
141
12.0
290
     0
  0
SCALE
  5
3AE7
102
{ACAD_REACTORS
330
3AE1
102
}
330
3AE1
100
AcDbScale
 70
     0
300
3/32" = 1'-0"
140
0.09375
141
12.0
290
     0
  0
SCALE
  5
3AE8
102
{ACAD_REACTORS
330
3AE1
102
}
330
3AE1
100
AcDbScale
 70
     0
300
1/8" = 1'-0"
140
0.125
141
12.0
290
     0
  0
SCALE
  5
3AE9
102
{ACAD_REACTORS
330
3AE1
102
}
330
3AE1
100
AcDbScale
 70
     0
300
3/16" = 1'-0"
140
0.1875
141
12.0
290
     0
  0
SCALE
  5
3AEA
102
{ACAD_REACTORS
330
3AE1
102
}
330
3AE1
100
AcDbScale
 70
     0
300
1/4" = 1'-0"
140
0.25
141
12.0
290
     0
  0
SCALE
  5
3AEB
102
{ACAD_REACTORS
330
3AE1
102
}
330
3AE1
100
AcDbScale
 70
     0
300
3/8" = 1'-0"
140
0.375
141
12.0
290
     0
  0
SCALE
  5
3AEC
102
{ACAD_REACTORS
330
3AE1
102
}
330
3AE1
100
AcDbScale
 70
     0
300
1/2" = 1'-0"
140
0.5
141
12.0
290
     0
  0
SCALE
  5
3AED
102
{ACAD_REACTORS
330
3AE1
102
}
330
3AE1
100
AcDbScale
 70
     0
300
3/4" = 1'-0"
140
0.75
141
12.0
290
     0
  0
SCALE
  5
3AEE
102
{ACAD_REACTORS
330
3AE1
102
}
330
3AE1
100
AcDbScale
 70
     0
300
1" = 1'-0"
140
1.0
141
12.0
290
     0
  0
SCALE
  5
3AEF
102
{ACAD_REACTORS
330
3AE1
102
}
330
3AE1
100
AcDbScale
 70
     0
300
1-1/2" = 1'-0"
140
1.5
141
12.0
290
     0
  0
SCALE
  5
3AF0
102
{ACAD_REACTORS
330
3AE1
102
}
330
3AE1
100
AcDbScale
 70
     0
300
3" = 1'-0"
140
3.0
141
12.0
290
     0
  0
SCALE
  5
3AF1
102
{ACAD_REACTORS
330
3AE1
102
}
330
3AE1
100
AcDbScale
 70
     0
300
6" = 1'-0"
140
6.0
141
12.0
290
     0
  0
SCALE
  5
3AF2
102
{ACAD_REACTORS
330
3AE1
102
}
330
3AE1
100
AcDbScale
 70
     0
300
1'-0" = 1'-0"
140
12.0
141
12.0
290
     0
  0
ACDBSECTIONVIEWSTYLE
  5
3AF6
102
{ACAD_REACTORS
330
3AF5
102
}
102
{ACAD_XDICTIONARY
360
43EA
102
}
330
3AF5
100
AcDbModelDocViewStyle
 70
     0
  3
Imperial24
290
     1
100
AcDbSectionViewStyle
 70
     0
 71
     0
 90
       78
 71
     1
340
10
 62
   256
 40
0.24
340
0
340
0
 62
   256
 40
0.24
300
I, O, Q, S, X, Z
 40
0.48
 90
        3
 40
0.18
 90
        1
 71
     2
340
14
 90
       25
 62
   256
340
14
 90
       50
 62
   256
 40
0.24
 40
0.0
 40
0.24
 71
     3
340
10
 62
   256
 40
0.24
 90
        1
 40
0.75
 90
        1
300
%<\AcVar ViewType \f "%tc1">% %<\AcVar ViewSectionStartId>%-%<\AcVar ViewSectionEndId>%\PSCALE %<\AcVar ViewScale \f "%sn">%
 71
     4
 62
   256
 62
   257
300
ANSI31
 40
1.0
 90
        0
290
     0
290
     0
 90
        6
 40
0.0
 40
1.570796326794897
 40
0.2617993877991494
 40
1.308996938995747
 40
-0.2617993877991494
 40
1.832595714594046
  0
TABLESTYLE
  5
3AE0
102
{ACAD_REACTORS
330
3ADF
102
}
102
{ACAD_XDICTIONARY
360
43EC
102
}
330
3ADF
100
AcDbTableStyle
  3
Standard
 70
     0
 71
     0
 40
0.06
 41
0.06
280
     0
281
     0
  7
STANDARD
140
0.18
170
     2
 62
     0
 63
   257
283
     0
274
    -2
284
     1
 64
     0
275
    -2
285
     1
 65
     0
276
    -2
286
     1
 66
     0
277
    -2
287
     1
 67
     0
278
    -2
288
     1
 68
     0
279
    -2
289
     1
 69
     0
  7
STANDARD
140
0.25
170
     5
 62
     0
 63
   257
283
     0
274
    -2
284
     1
 64
     0
275
    -2
285
     1
 65
     0
276
    -2
286
     1
 66
     0
277
    -2
287
     1
 67
     0
278
    -2
288
     1
 68
     0
279
    -2
289
     1
 69
     0
  7
STANDARD
140
0.18
170
     5
 62
     0
 63
   257
283
     0
274
    -2
284
     1
 64
     0
275
    -2
285
     1
 65
     0
276
    -2
286
     1
 66
     0
277
    -2
287
     1
 67
     0
278
    -2
288
     1
 68
     0
279
    -2
289
     1
 69
     0
  0
VISUALSTYLE
  5
3ACA
102
{ACAD_REACTORS
330
3AC4
102
}
102
{ACAD_XDICTIONARY
360
43EF
102
}
330
3AC4
100
AcDbVisualStyle
  2
2dWireframe
 70
     4
 71
     0
 72
     2
 73
     0
 90
        0
 40
0.6
 41
30.0
 62
     5
 63
     7
421
 16777215
 74
     1
 91
        4
 64
     7
 65
   257
 75
     1
175
     1
 42
1.0
 92
        0
 66
   257
 43
1.0
 76
     1
 77
     6
 78
     2
 67
     7
 79
     5
170
     0
171
     0
290
     0
174
     0
 93
        1
 44
0.0
173
     0
291
     0
 45
0.0
1001
ACAD
1000
AcDbSavedByObjectVersion
1070
     0
  0
VISUALSTYLE
  5
3AC9
102
{ACAD_REACTORS
330
3AC4
102
}
102
{ACAD_XDICTIONARY
360
43F1
102
}
330
3AC4
100
AcDbVisualStyle
  2
Basic
 70
     7
 71
     1
 72
     0
 73
     1
 90
        0
 40
0.6
 41
30.0
 62
     5
 63
     7
421
 16777215
 74
     0
 91
        4
 64
     7
 65
   257
 75
     1
175
     1
 42
1.0
 92
        8
 66
     7
 43
1.0
 76
     1
 77
     6
 78
     2
 67
     7
 79
     5
170
     0
171
     0
290
     0
174
     0
 93
        1
 44
0.0
173
     0
291
     1
 45
0.0
1001
ACAD
1000
AcDbSavedByObjectVersion
1070
     0
  0
VISUALSTYLE
  5
3AD0
102
{ACAD_REACTORS
330
3AC4
102
}
102
{ACAD_XDICTIONARY
360
43F3
102
}
330
3AC4
100
AcDbVisualStyle
  2
Brighten
 70
    12
 71
     2
 72
     2
 73
     0
 90
        0
 40
0.6
 41
30.0
 62
     5
 63
     7
421
 16777215
 74
     1
 91
        4
 64
     7
 65
   257
 75
     1
175
     1
 42
1.0
 92
        8
 66
     7
 43
1.0
 76
     1
 77
     6
 78
     2
 67
     7
 79
     5
170
     0
171
     0
290
     0
174
     0
 93
        1
 44
50.0
173
     0
291
     1
 45
0.0
1001
ACAD
1000
AcDbSavedByObjectVersion
1070
     0
  0
VISUALSTYLE
  5
3AD4
102
{ACAD_REACTORS
330
3AC4
102
}
102
{ACAD_XDICTIONARY
360
43F5
102
}
330
3AC4
100
AcDbVisualStyle
  2
ColorChange
 70
    16
 71
     2
 72
     2
 73
     3
 90
        0
 40
0.6
 41
30.0
 62
     5
 63
     8
421
  8421504
 74
     1
 91
        4
 64
     7
 65
   257
 75
     1
175
     1
 42
1.0
 92
        8
 66
     8
424
  8421504
 43
1.0
 76
     1
 77
     6
 78
     2
 67
     7
 79
     5
170
     0
171
     0
290
     0
174
     0
 93
        1
 44
0.0
173
     0
291
     1
 45
0.0
1001
ACAD
1000
AcDbSavedByObjectVersion
1070
     0
  0
VISUALSTYLE
  5
3ACD
102
{ACAD_REACTORS
330
3AC4
102
}
102
{ACAD_XDICTIONARY
360
43F7
102
}
330
3AC4
100
AcDbVisualStyle
  2
Conceptual
 70
     9
 71
     3
 72
     2
 73
     0
 90
        0
 40
0.6
 41
30.0
 62
     5
 63
     7
421
 16777215
 74
     2
 91
        2
 64
     7
 65
   257
 75
     1
175
     1
 42
179.0
 92
        8
 66
     7
 43
1.0
 76
     1
 77
     6
 78
     2
 67
     7
 79
     3
170
     0
171
     0
290
     0
174
     0
 93
        1
 44
0.0
173
     0
291
     0
 45
0.0
1001
ACAD
1000
AcDbSavedByObjectVersion
1070
     0
  0
VISUALSTYLE
  5
3ACF
102
{ACAD_REACTORS
330
3AC4
102
}
102
{ACAD_XDICTIONARY
360
43F9
102
}
330
3AC4
100
AcDbVisualStyle
  2
Dim
 70
    11
 71
     2
 72
     2
 73
     0
 90
        0
 40
0.6
 41
30.0
 62
     5
 63
     7
421
 16777215
 74
     1
 91
        4
 64
     7
 65
   257
 75
     1
175
     1
 42
1.0
 92
        8
 66
     7
 43
1.0
 76
     1
 77
     6
 78
     2
 67
     7
 79
     5
170
     0
171
     0
290
     0
174
     0
 93
        1
 44
-50.0
173
     0
291
     1
 45
0.0
1001
ACAD
1000
AcDbSavedByObjectVersion
1070
     0
  0
VISUALSTYLE
  5
3ADC
102
{ACAD_REACTORS
330
3AC4
102
}
102
{ACAD_XDICTIONARY
360
43FB
102
}
330
3AC4
100
AcDbVisualStyle
  2
EdgeColorOff
 70
    22
 71
     2
 72
     2
 73
     0
 90
        0
 40
0.6
 41
30.0
 62
     5
 63
     7
421
 16777215
 74
     1
 91
        4
 64
     7
 65
   257
 75
     1
175
     1
 42
1.0
 92
        8
 66
     7
 43
1.0
 76
     1
 77
     6
 78
     2
 67
     7
 79
     5
170
     0
171
     0
290
     0
174
     0
 93
        1
 44
0.0
173
     0
291
     1
 45
0.0
1001
ACAD
1000
AcDbSavedByObjectVersion
1070
     0
  0
VISUALSTYLE
  5
3AD3
102
{ACAD_REACTORS
330
3AC4
102
}
102
{ACAD_XDICTIONARY
360
43FD
102
}
330
3AC4
100
AcDbVisualStyle
  2
Facepattern
 70
    15
 71
     2
 72
     2
 73
     0
 90
        0
 40
0.6
 41
30.0
 62
     5
 63
     7
421
 16777215
 74
     1
 91
        4
 64
     7
 65
   257
 75
     1
175
     1
 42
1.0
 92
        8
 66
     7
 43
1.0
 76
     1
 77
     6
 78
     2
 67
     7
 79
     5
170
     0
171
     0
290
     0
174
     0
 93
        1
 44
0.0
173
     0
291
     1
 45
0.0
1001
ACAD
1000
AcDbSavedByObjectVersion
1070
     0
  0
VISUALSTYLE
  5
3AC5
102
{ACAD_REACTORS
330
3AC4
102
}
102
{ACAD_XDICTIONARY
360
43FF
102
}
330
3AC4
100
AcDbVisualStyle
  2
Flat
 70
     0
 71
     2
 72
     1
 73
     1
 90
        2
 40
0.6
 41
30.0
 62
     5
 63
     7
421
 16777215
 74
     0
 91
        0
 64
     7
 65
   257
 75
     1
175
     1
 42
1.0
 92
        8
 66
     7
 43
1.0
 76
     1
 77
     6
 78
     2
 67
     7
 79
     5
170
     0
171
     0
290
     0
174
     0
 93
       13
 44
0.0
173
     0
291
     1
 45
0.0
1001
ACAD
1000
AcDbSavedByObjectVersion
1070
     0
  0
VISUALSTYLE
  5
3AC6
102
{ACAD_REACTORS
330
3AC4
102
}
102
{ACAD_XDICTIONARY
360
4401
102
}
330
3AC4
100
AcDbVisualStyle
  2
FlatWithEdges
 70
     1
 71
     2
 72
     1
 73
     1
 90
        2
 40
0.6
 41
30.0
 62
     5
 63
     7
421
 16777215
 74
     1
 91
        0
 64
     7
 65
   257
 75
     1
175
     1
 42
1.0
 92
        0
 66
   257
 43
1.0
 76
     1
 77
     6
 78
     2
 67
     7
 79
     5
170
     0
171
     0
290
     0
174
     0
 93
       13
 44
0.0
173
     0
291
     1
 45
0.0
1001
ACAD
1000
AcDbSavedByObjectVersion
1070
     0
  0
VISUALSTYLE
  5
3AC7
102
{ACAD_REACTORS
330
3AC4
102
}
102
{ACAD_XDICTIONARY
360
4403
102
}
330
3AC4
100
AcDbVisualStyle
  2
Gouraud
 70
     2
 71
     2
 72
     2
 73
     1
 90
        2
 40
0.6
 41
30.0
 62
     5
 63
     7
421
 16777215
 74
     0
 91
        0
 64
     7
 65
   257
 75
     1
175
     1
 42
1.0
 92
        0
 66
     7
 43
1.0
 76
     1
 77
     6
 78
     2
 67
     7
 79
     5
170
     0
171
     0
290
     0
174
     0
 93
       13
 44
0.0
173
     0
291
     1
 45
0.0
1001
ACAD
1000
AcDbSavedByObjectVersion
1070
     0
  0
VISUALSTYLE
  5
3AC8
102
{ACAD_REACTORS
330
3AC4
102
}
102
{ACAD_XDICTIONARY
360
4405
102
}
330
3AC4
100
AcDbVisualStyle
  2
GouraudWithEdges
 70
     3
 71
     2
 72
     2
 73
     1
 90
        2
 40
0.6
 41
30.0
 62
     5
 63
     7
421
 16777215
 74
     1
 91
        0
 64
     7
 65
   257
 75
     1
175
     1
 42
1.0
 92
        0
 66
   257
 43
1.0
 76
     1
 77
     6
 78
     2
 67
     7
 79
     5
170
     0
171
     0
290
     0
174
     0
 93
       13
 44
0.0
173
     0
291
     1
 45
0.0
1001
ACAD
1000
AcDbSavedByObjectVersion
1070
     0
  0
VISUALSTYLE
  5
3ACC
102
{ACAD_REACTORS
330
3AC4
102
}
102
{ACAD_XDICTIONARY
360
4407
102
}
330
3AC4
100
AcDbVisualStyle
  2
Hidden
 70
     6
 71
     1
 72
     2
 73
     2
 90
        0
 40
0.6
 41
30.0
 62
     5
 63
     7
421
 16777215
 74
     2
 91
        2
 64
     7
 65
   257
 75
     2
175
     1
 42
40.0
 92
        0
 66
   257
 43
1.0
 76
     1
 77
     6
 78
     2
 67
     7
 79
     3
170
     0
171
     0
290
     0
174
     0
 93
        1
 44
0.0
173
     0
291
     0
 45
0.0
1001
ACAD
1000
AcDbSavedByObjectVersion
1070
     0
  0
VISUALSTYLE
  5
3ADA
102
{ACAD_REACTORS
330
3AC4
102
}
102
{ACAD_XDICTIONARY
360
4409
102
}
330
3AC4
100
AcDbVisualStyle
  2
JitterOff
 70
    20
 71
     2
 72
     2
 73
     0
 90
        0
 40
0.6
 41
30.0
 62
     5
 63
     7
421
 16777215
 74
     1
 91
        4
 64
     7
 65
   257
 75
     1
175
     1
 42
1.0
 92
       10
 66
     7
 43
1.0
 76
     1
 77
     6
 78
     2
 67
     7
 79
     5
170
     0
171
     0
290
     0
174
     0
 93
        1
 44
0.0
173
     0
291
     1
 45
0.0
1001
ACAD
1000
AcDbSavedByObjectVersion
1070
     0
  0
VISUALSTYLE
  5
3AD2
102
{ACAD_REACTORS
330
3AC4
102
}
102
{ACAD_XDICTIONARY
360
440B
102
}
330
3AC4
100
AcDbVisualStyle
  2
Linepattern
 70
    14
 71
     2
 72
     2
 73
     0
 90
        0
 40
0.6
 41
30.0
 62
     5
 63
     7
421
 16777215
 74
     1
 91
        4
 64
     7
 65
   257
 75
     7
175
     7
 42
1.0
 92
        8
 66
     7
 43
1.0
 76
     1
 77
     6
 78
     2
 67
     7
 79
     5
170
     0
171
     0
290
     0
174
     0
 93
        1
 44
0.0
173
     0
291
     1
 45
0.0
1001
ACAD
1000
AcDbSavedByObjectVersion
1070
     0
  0
VISUALSTYLE
  5
3ADB
102
{ACAD_REACTORS
330
3AC4
102
}
102
{ACAD_XDICTIONARY
360
440D
102
}
330
3AC4
100
AcDbVisualStyle
  2
OverhangOff
 70
    21
 71
     2
 72
     2
 73
     0
 90
        0
 40
0.6
 41
30.0
 62
     5
 63
     7
421
 16777215
 74
     1
 91
        4
 64
     7
 65
   257
 75
     1
175
     1
 42
1.0
 92
        9
 66
     7
 43
1.0
 76
     1
 77
     6
 78
     2
 67
     7
 79
     5
170
     0
171
     0
290
     0
174
     0
 93
        1
 44
0.0
173
     0
291
     1
 45
0.0
1001
ACAD
1000
AcDbSavedByObjectVersion
1070
     0
  0
VISUALSTYLE
  5
3ACE
102
{ACAD_REACTORS
330
3AC4
102
}
102
{ACAD_XDICTIONARY
360
440F
102
}
330
3AC4
100
AcDbVisualStyle
  2
Realistic
 70
     8
 71
     2
 72
     3
 73
     0
 90
        2
 40
0.6
 41
30.0
 62
     5
 63
     7
421
 16777215
 74
     0
 91
        0
 64
     7
 65
   257
 75
     1
175
     1
 42
1.0
 92
        8
 66
   257
 43
1.0
 76
     1
 77
     6
 78
     2
 67
     7
 79
     3
170
     0
171
     0
290
     0
174
     0
 93
       13
 44
0.0
173
     0
291
     0
 45
0.0
1001
ACAD
1000
AcDbSavedByObjectVersion
1070
     0
  0
VISUALSTYLE
  5
3AD9
102
{ACAD_REACTORS
330
3AC4
102
}
102
{ACAD_XDICTIONARY
360
4411
102
}
330
3AC4
100
AcDbVisualStyle
  2
Shaded
 70
    27
 71
     2
 72
     2
 73
     1
 90
        2
 40
0.6
 41
30.0
 62
     5
 63
     7
421
 16777215
 74
     0
 91
        4
 64
     7
 65
   257
 75
     1
175
     1
 42
1.0
 92
        8
 66
   257
 43
1.0
 76
     1
 77
     6
 78
     2
 67
     8
425
  7895160
 79
     3
170
     0
171
     0
290
     0
174
     0
 93
        5
 44
0.0
173
     0
291
     0
 45
0.0
1001
ACAD
1000
AcDbSavedByObjectVersion
1070
     0
  0
VISUALSTYLE
  5
3AD8
102
{ACAD_REACTORS
330
3AC4
102
}
102
{ACAD_XDICTIONARY
360
4413
102
}
330
3AC4
100
AcDbVisualStyle
  2
Shaded with edges
 70
    26
 71
     2
 72
     2
 73
     1
 90
        2
 40
0.6
 41
30.0
 62
     5
 63
     7
421
 16777215
 74
     1
 91
        2
 64
     7
 65
   257
 75
     2
175
     1
 42
1.0
 92
        8
 66
   257
 43
1.0
 76
     1
 77
     6
 78
     2
 67
     7
 79
     3
170
     0
171
     0
290
     0
174
     0
 93
        5
 44
0.0
173
     0
291
     0
 45
0.0
1001
ACAD
1000
AcDbSavedByObjectVersion
1070
     0
  0
VISUALSTYLE
  5
3AD5
102
{ACAD_REACTORS
330
3AC4
102
}
102
{ACAD_XDICTIONARY
360
4415
102
}
330
3AC4
100
AcDbVisualStyle
  2
Shades of Gray
 70
    23
 71
     2
 72
     2
 73
     3
 90
        0
 40
0.6
 41
30.0
 62
     5
 63
     7
421
 16777215
 74
     2
 91
        2
 64
     7
 65
     7
 75
     1
175
     1
 42
40.0
 92
        8
 66
     7
 43
1.0
 76
     1
 77
     6
 78
     2
 67
     7
 79
     3
170
     0
171
     0
290
     0
174
     0
 93
        1
 44
0.0
173
     0
291
     0
 45
0.0
1001
ACAD
1000
AcDbSavedByObjectVersion
1070
     0
  0
VISUALSTYLE
  5
3AD6
102
{ACAD_REACTORS
330
3AC4
102
}
102
{ACAD_XDICTIONARY
360
4417
102
}
330
3AC4
100
AcDbVisualStyle
  2
Sketchy
 70
    24
 71
     1
 72
     2
 73
     2
 90
        0
 40
0.6
 41
30.0
 62
     5
 63
     7
421
 16777215
 74
     2
 91
        2
 64
     7
 65
     7
 75
     1
175
     1
 42
40.0
 92
       11
 66
     7
 43
1.0
 76
     1
 77
     6
 78
     2
 67
     7
 79
     6
170
     0
171
     0
290
     0
174
     0
 93
        1
 44
0.0
173
     0
291
     0
 45
0.0
1001
ACAD
1000
AcDbSavedByObjectVersion
1070
     0
  0
VISUALSTYLE
  5
3AD1
102
{ACAD_REACTORS
330
3AC4
102
}
102
{ACAD_XDICTIONARY
360
4419
102
}
330
3AC4
100
AcDbVisualStyle
  2
Thicken
 70
    13
 71
     2
 72
     2
 73
     0
 90
        0
 40
0.6
 41
30.0
 62
     5
 63
     7
421
 16777215
 74
     1
 91
        4
 64
     7
 65
   257
 75
     1
175
     1
 42
1.0
 92
       12
 66
     7
 43
1.0
 76
     1
 77
     6
 78
     2
 67
     7
 79
     5
170
     0
171
     0
290
     0
174
     0
 93
        1
 44
0.0
173
     0
291
     1
 45
0.0
1001
ACAD
1000
AcDbSavedByObjectVersion
1070
     0
  0
VISUALSTYLE
  5
3ACB
102
{ACAD_REACTORS
330
3AC4
102
}
102
{ACAD_XDICTIONARY
360
441B
102
}
330
3AC4
100
AcDbVisualStyle
  2
Wireframe
 70
     5
 71
     0
 72
     2
 73
     0
 90
        0
 40
0.6
 41
30.0
 62
     5
 63
     7
421
 16777215
 74
     1
 91
        4
 64
     7
 65
   257
 75
     1
175
     1
 42
1.0
 92
        0
 66
   257
 43
1.0
 76
     1
 77
     6
 78
     2
 67
     7
 79
     3
170
     0
171
     0
290
     0
174
     0
 93
        1
 44
0.0
173
     0
291
     0
 45
0.0
1001
ACAD
1000
AcDbSavedByObjectVersion
1070
     0
  0
VISUALSTYLE
  5
3AD7
102
{ACAD_REACTORS
330
3AC4
102
}
102
{ACAD_XDICTIONARY
360
441D
102
}
330
3AC4
100
AcDbVisualStyle
  2
X-Ray
 70
    25
 71
     2
 72
     2
 73
     1
 90
        1
 40
0.5
 41
30.0
 62
     5
 63
     7
421
 16777215
 74
     1
 91
        0
 64
     7
 65
   257
 75
     1
175
     1
 42
1.0
 92
        8
 66
     7
 43
1.0
 76
     1
 77
     6
 78
     2
 67
     7
 79
     3
170
     0
171
     0
290
     0
174
     0
 93
       13
 44
0.0
173
     0
291
     0
 45
0.0
1001
ACAD
1000
AcDbSavedByObjectVersion
1070
     0
  0
DICTIONARYVAR
  5
3E76
102
{ACAD_REACTORS
330
3B02
102
}
330
3B02
100
DictionaryVariables
280
     0
  1
1:1
  0
DICTIONARYVAR
  5
3E72
102
{ACAD_REACTORS
330
3B02
102
}
330
3B02
100
DictionaryVariables
280
     0
  1
Standard
  0
DICTIONARYVAR
  5
3E71
102
{ACAD_REACTORS
330
3B02
102
}
330
3B02
100
DictionaryVariables
280
     0
  1
Standard
  0
DICTIONARYVAR
  5
3E73
102
{ACAD_REACTORS
330
3B02
102
}
330
3B02
100
DictionaryVariables
280
     0
  1
Imperial24
  0
DICTIONARYVAR
  5
3E74
102
{ACAD_REACTORS
330
3B02
102
}
330
3B02
100
DictionaryVariables
280
     0
  1
Imperial24
  0
DICTIONARYVAR
  5
3E78
102
{ACAD_REACTORS
330
3B02
102
}
330
3B02
100
DictionaryVariables
280
     0
  1
1
  0
DICTIONARYVAR
  5
3E79
102
{ACAD_REACTORS
330
3B02
102
}
330
3B02
100
DictionaryVariables
280
     0
  1
15
  0
DICTIONARYVAR
  5
3E77
102
{ACAD_REACTORS
330
3B02
102
}
330
3B02
100
DictionaryVariables
280
     0
  1
0
  0
DICTIONARYVAR
  5
3E75
102
{ACAD_REACTORS
330
3B02
102
}
330
3B02
100
DictionaryVariables
280
     0
  1
0
  0
DICTIONARYVAR
  5
43DD
102
{ACAD_REACTORS
330
3B02
102
}
330
3B02
100
DictionaryVariables
280
     0
  1
2
  0
DICTIONARY
  5
4421
102
{ACAD_REACTORS
330
4420
102
}
330
4420
100
AcDbDictionary
281
     1
  0
DICTIONARY
  5
4422
102
{ACAD_REACTORS
330
4420
102
}
330
4420
100
AcDbDictionary
281
     1
  3
8796084659112
350
4423
  3
8796084659128
350
4424
  3
8796084659144
350
4425
  3
8796084659160
350
4426
  3
8796084659176
350
4427
  3
8796084659192
350
4428
  0
DICTIONARY
  5
43DE
330
3AF8
100
AcDbDictionary
280
     1
281
     1
  3
ACAD_XREC_ROUNDTRIP
360
43DF
  0
DICTIONARY
  5
43E0
330
3AFA
100
AcDbDictionary
280
     1
281
     1
  3
ADSK_XREC_LAYOUTTHUMBNAIL
360
43E1
  0
DICTIONARY
  5
43E2
330
3AB4
100
AcDbDictionary
280
     1
281
     1
  3
ACAD_XREC_ROUNDTRIP
360
43E3
  0
DICTIONARY
  5
43E4
330
3AAC
100
AcDbDictionary
280
     1
281
     1
  3
ACAD_XREC_ROUNDTRIP
360
43E5
  0
DICTIONARY
  5
3ABD
330
3ABC
100
AcDbDictionary
280
     1
281
     1
  3
ACAD_XREC_ROUNDTRIP
360
43E6
  3
FBXASSET
360
41A1
  0
DICTIONARY
  5
43E8
330
3AF4
100
AcDbDictionary
280
     1
281
     1
  3
ACAD_XREC_ROUNDTRIP
360
43E9
  0
DICTIONARY
  5
43EA
330
3AF6
100
AcDbDictionary
280
     1
281
     1
  3
ACAD_XREC_ROUNDTRIP
360
43EB
  0
DICTIONARY
  5
43EC
330
3AE0
100
AcDbDictionary
280
     1
281
     1
  3
ACAD_ROUNDTRIP_2008_TABLESTYLE_CELLSTYLEMAP
360
43EE
  3
ACAD_XREC_ROUNDTRIP
360
43ED
  0
DICTIONARY
  5
43EF
330
3ACA
100
AcDbDictionary
280
     1
281
     1
  3
ACAD_XREC_ROUNDTRIP
360
43F0
  0
DICTIONARY
  5
43F1
330
3AC9
100
AcDbDictionary
280
     1
281
     1
  3
ACAD_XREC_ROUNDTRIP
360
43F2
  0
DICTIONARY
  5
43F3
330
3AD0
100
AcDbDictionary
280
     1
281
     1
  3
ACAD_XREC_ROUNDTRIP
360
43F4
  0
DICTIONARY
  5
43F5
330
3AD4
100
AcDbDictionary
280
     1
281
     1
  3
ACAD_XREC_ROUNDTRIP
360
43F6
  0
DICTIONARY
  5
43F7
330
3ACD
100
AcDbDictionary
280
     1
281
     1
  3
ACAD_XREC_ROUNDTRIP
360
43F8
  0
DICTIONARY
  5
43F9
330
3ACF
100
AcDbDictionary
280
     1
281
     1
  3
ACAD_XREC_ROUNDTRIP
360
43FA
  0
DICTIONARY
  5
43FB
330
3ADC
100
AcDbDictionary
280
     1
281
     1
  3
ACAD_XREC_ROUNDTRIP
360
43FC
  0
DICTIONARY
  5
43FD
330
3AD3
100
AcDbDictionary
280
     1
281
     1
  3
ACAD_XREC_ROUNDTRIP
360
43FE
  0
DICTIONARY
  5
43FF
330
3AC5
100
AcDbDictionary
280
     1
281
     1
  3
ACAD_XREC_ROUNDTRIP
360
4400
  0
DICTIONARY
  5
4401
330
3AC6
100
AcDbDictionary
280
     1
281
     1
  3
ACAD_XREC_ROUNDTRIP
360
4402
  0
DICTIONARY
  5
4403
330
3AC7
100
AcDbDictionary
280
     1
281
     1
  3
ACAD_XREC_ROUNDTRIP
360
4404
  0
DICTIONARY
  5
4405
330
3AC8
100
AcDbDictionary
280
     1
281
     1
  3
ACAD_XREC_ROUNDTRIP
360
4406
  0
DICTIONARY
  5
4407
330
3ACC
100
AcDbDictionary
280
     1
281
     1
  3
ACAD_XREC_ROUNDTRIP
360
4408
  0
DICTIONARY
  5
4409
330
3ADA
100
AcDbDictionary
280
     1
281
     1
  3
ACAD_XREC_ROUNDTRIP
360
440A
  0
DICTIONARY
  5
440B
330
3AD2
100
AcDbDictionary
280
     1
281
     1
  3
ACAD_XREC_ROUNDTRIP
360
440C
  0
DICTIONARY
  5
440D
330
3ADB
100
AcDbDictionary
280
     1
281
     1
  3
ACAD_XREC_ROUNDTRIP
360
440E
  0
DICTIONARY
  5
440F
330
3ACE
100
AcDbDictionary
280
     1
281
     1
  3
ACAD_XREC_ROUNDTRIP
360
4410
  0
DICTIONARY
  5
4411
330
3AD9
100
AcDbDictionary
280
     1
281
     1
  3
ACAD_XREC_ROUNDTRIP
360
4412
  0
DICTIONARY
  5
4413
330
3AD8
100
AcDbDictionary
280
     1
281
     1
  3
ACAD_XREC_ROUNDTRIP
360
4414
  0
DICTIONARY
  5
4415
330
3AD5
100
AcDbDictionary
280
     1
281
     1
  3
ACAD_XREC_ROUNDTRIP
360
4416
  0
DICTIONARY
  5
4417
330
3AD6
100
AcDbDictionary
280
     1
281
     1
  3
ACAD_XREC_ROUNDTRIP
360
4418
  0
DICTIONARY
  5
4419
330
3AD1
100
AcDbDictionary
280
     1
281
     1
  3
ACAD_XREC_ROUNDTRIP
360
441A
  0
DICTIONARY
  5
441B
330
3ACB
100
AcDbDictionary
280
     1
281
     1
  3
ACAD_XREC_ROUNDTRIP
360
441C
  0
DICTIONARY
  5
441D
330
3AD7
100
AcDbDictionary
280
     1
281
     1
  3
ACAD_XREC_ROUNDTRIP
360
441E
  0
XRECORD
  5
4423
102
{ACAD_REACTORS
330
4422
102
}
330
4422
100
AcDbXrecord
280
     1
  1
AcDb_Thumbnail_Schema
102
{ATTRRECORD
341
4425
  2
AcDbDs::TreatedAsObjectData
280
     1
291
     1
102
ATTRRECORD}
102
{ATTRRECORD
341
4426
  2
AcDbDs::Legacy
280
     1
291
     1
102
ATTRRECORD}
  2
AcDbDs::ID
280
    10
 91
        8
102
{ATTRRECORD
341
4427
  2
AcDs:Indexable
280
     1
291
     1
102
ATTRRECORD}
102
{ATTRRECORD
341
4428
  2
AcDbDs::HandleAttribute
280
     7
282
     1
102
ATTRRECORD}
  2
Thumbnail_Data
280
    15
 91
        0
  0
XRECORD
  5
4424
102
{ACAD_REACTORS
330
4422
102
}
330
4422
100
AcDbXrecord
280
     1
  1
AcDb3DSolid_ASM_Data
102
{ATTRRECORD
341
4425
  2
AcDbDs::TreatedAsObjectData
280
     1
291
     1
102
ATTRRECORD}
102
{ATTRRECORD
341
4426
  2
AcDbDs::Legacy
280
     1
291
     1
102
ATTRRECORD}
  2
AcDbDs::ID
280
    10
 91
        8
102
{ATTRRECORD
341
4427
  2
AcDs:Indexable
280
     1
291
     1
102
ATTRRECORD}
102
{ATTRRECORD
341
4428
  2
AcDbDs::HandleAttribute
280
     7
282
     1
102
ATTRRECORD}
  2
ASM_Data
280
    15
 91
        0
  0
XRECORD
  5
4425
102
{ACAD_REACTORS
330
4422
102
}
330
4422
100
AcDbXrecord
280
     1
  1
AcDbDs::TreatedAsObjectDataSchema
  2
AcDbDs::TreatedAsObjectData
280
     1
 91
        0
  0
XRECORD
  5
4426
102
{ACAD_REACTORS
330
4422
102
}
330
4422
100
AcDbXrecord
280
     1
  1
AcDbDs::LegacySchema
  2
AcDbDs::Legacy
280
     1
 91
        0
  0
XRECORD
  5
4427
102
{ACAD_REACTORS
330
4422
102
}
330
4422
100
AcDbXrecord
280
     1
  1
AcDbDs::IndexedPropertySchema
  2
AcDs:Indexable
280
     1
 91
        0
  0
XRECORD
  5
4428
102
{ACAD_REACTORS
330
4422
102
}
330
4422
100
AcDbXrecord
280
     1
  1
AcDbDs::HandleAttributeSchema
  2
AcDbDs::HandleAttribute
280
     7
 91
        1
284
     1
  0
XRECORD
  5
43DF
102
{ACAD_REACTORS
330
43DE
102
}
330
43DE
100
AcDbXrecord
280
     1
102
DISPLAYNAME
  1
Imperial24
102
FLAGS
 90
        0
  0
XRECORD
  5
43E1
102
{ACAD_REACTORS
330
43E0
102
}
330
43E0
100
AcDbXrecord
280
     1
310
28000000000100008A0000000100080000000000008A00000000000000000000000000000000000030282100FFFFFF00302821000000000000000000000000000000000000000000000000000000000000000000330000006600000099000000CC000000FF00000000330000333300006633000099330000CC330000FF3300
310
0000660000336600006666000099660000CC660000FF66000000990000339900006699000099990000CC990000FF99000000CC000033CC000066CC000099CC0000CCCC0000FFCC000000FF000033FF000066FF000099FF0000CCFF0000FFFF000000003300330033006600330099003300CC003300FF003300003333003333
310
33006633330099333300CC333300FF33330000663300336633006666330099663300CC663300FF66330000993300339933006699330099993300CC993300FF99330000CC330033CC330066CC330099CC3300CCCC3300FFCC330000FF330033FF330066FF330099FF3300CCFF3300FFFF330000006600330066006600660099
310
006600CC006600FF00660000336600333366006633660099336600CC336600FF33660000666600336666006666660099666600CC666600FF66660000996600339966006699660099996600CC996600FF99660000CC660033CC660066CC660099CC6600CCCC6600FFCC660000FF660033FF660066FF660099FF6600CCFF6600
310
FFFF660000009900330099006600990099009900CC009900FF00990000339900333399006633990099339900CC339900FF33990000669900336699006666990099669900CC669900FF66990000999900339999006699990099999900CC999900FF99990000CC990033CC990066CC990099CC9900CCCC9900FFCC990000FF99
310
0033FF990066FF990099FF9900CCFF9900FFFF99000000CC003300CC006600CC009900CC00CC00CC00FF00CC000033CC003333CC006633CC009933CC00CC33CC00FF33CC000066CC003366CC006666CC009966CC00CC66CC00FF66CC000099CC003399CC006699CC009999CC00CC99CC00FF99CC0000CCCC0033CCCC0066CC
310
CC0099CCCC00CCCCCC00FFCCCC0000FFCC0033FFCC0066FFCC0099FFCC00CCFFCC00FFFFCC000000FF003300FF006600FF009900FF00CC00FF00FF00FF000033FF003333FF006633FF009933FF00CC33FF00FF33FF000066FF003366FF006666FF009966FF00CC66FF00FF66FF000099FF003399FF006699FF009999FF00CC
310
99FF00FF99FF0000CCFF0033CCFF0066CCFF0099CCFF00CCCCFF00FFCCFF0000FFFF0033FFFF0066FFFF0099FFFF00CCFFFF00FFFFFF00000000000D0D0D001A1A1A00282828003535350043434300505050005D5D5D006B6B6B00787878008686860093939300A1A1A100AEAEAE00BBBBBB00C9C9C900D6D6D600E4E4E400
310
F1F1F100FFFFFF000000000000000000000000000000000000000000000000000000000000000000000000000000000000000000000000000000000000000000000000000000000000000000000000000000000000000000000000000000000000000000000000000000000000000000000000000000000000000000000000
310
000000000000000000000000000000000000BE0000000000000000000000000000000000000000000000000000000000000000000000000000000000000000000000000000000000000000000000000000000000000000BE000000000000000000000000000000000000000000000000000000000000000000000000000000
310
00000000000000000000000000000000000000000000DCDCDCDCDCDCDCDCDCDCDCDCDCDCDCDCDCDCDCDCDCDCDCDCDCDCDCDC0000000000000000000000000000000000000000000000000000000000000000000000000000000000000000000000000000000000000000000000000000000000000000000000000000000000
310
0000000000000000000000000000000000000000BE0000000000000000000000000000000000000000000000000000000000000000000000000000000000000000000000000000000000000000000000000000000000000000BE00000000000000000000000000000000000000000000000000000000000000000000000000
310
000000000000000000000000000000000000000000000000DCDCDCDCDCDCDCDCDCDCDCDCDCDCDCDCDCDCDCDCDCDCDCDCDCDCDCDC000000000000000000000000000000000000000000000000000000000000000000000000000000000000000000000000000000000000000000000000000000000000000000000000000000
310
000000000000000000000000000000000000000000BEBEBEBE00F5F5F500F5F5F5F50000000000000000000000000000000000000000000000000000000000000000000000000000000000000000000000000000F50000000000BEBEBEBE0000F500F500F5F500000000000000000000000000000000000000000000000000
310
0000000000000000000000000000000000000000000000000000DCDCDCDCDCDCDCDCDCDCDCDCDCDCDCDCDCDCDCDCDCDCDCDCDCDCDCDC00000000000000000000000000000000000000000000000000000000000000000000000000000000000000000000000000000000000000000000000000000000000000000000000000
310
0000000000000000000000000000000000000000000000BE0000BE0000F5F500F5F500F500000000000000000000000000000000000000000000000000000000000000000000000000000000BEBEBEBEBEBEBEBEBEBEBEF500000000BE0000BE00F5F5F5F500F5F50000000000000000000000000000000000000000000000
310
0000000000000000000000000000000000000000000000000000000000000000DC00000000000000000000000000000000000000000000000000000000000000000000000000000000000000000000000000000000000000000000000000000000000000000000000000000000000000000000000000000000000000000000
310
00000000000000000000000000000000000000000000000000BEBEBEBE00F500F500F5F500F500000000000000000000000000000000000000000000000000000000000000000000000000000000BE00000000000000000000F5F5000000BEBEBEBE0000F500F500F5F5000000000000000000000000000000000000000000
310
00000000000000000000000000000000000000000000000000000000000000000000DC000000000000000000000000000000000000000000000000000000000000BEBEBEBEBEBEBEBEBEBEBEBEBEBEBEBEBEBEBEBEBEBEBEBEBEBEBEBEBEBEBEBEBEBEBEBEBEBEBEBEBEBEBEBEBEBE00000000000000000000000000000000
310
00000000000000000000000000000000000000000000000000000000BE00000000F500F5F500F50000000000000000000000000000000000000000000000000000000000000000000000000000000000BE00000000000000000000000000000000BE00000000F5F5F5F500F500000000000000000000000000000000000000
310
000000000000000000000000000000000000000000000000000000000000000000000000DC000000000000000000000000000000000000000000000000000000000000BE0000000000000000000000000000000000000000000000000000000000000000000000000000000000000000BE0000000000000000000000000000
310
000000000000000000000000000000000000000000000000000000000000BE000000000000000000000000000000000000000000000000000000000000000000000000000000000000000000000000000000BE00000000000000000000000000000000BE000000000000000000000000000000000000000000000000000000
310
0000000000000000000000000000000000000000000000000000000000000000000000000000DC000000000000000000000000000000000000000000000000000000000000BE0000000000000000000000000000000000000000000000000000000000000000000000000000000000000000BE000000000000000000000000
310
0000000000000000000000000000000000000000000000000000000000000000BE000000000000000000000000000000000000000000000000000000000000000000000000000000000000000000000000000000BE00000000000000000000000000000000BE00000000000000000000000000000000000000000000000000
310
00000000000000000000000000000000000000000000000000000000000000000000000000000000DC000000000000000000000000000000000000000000000000000000000000BE0000000000000000000000000000000000000000000000000000000000000000000000000000000000000000BE00000000000000000000
310
00000000000000000000000000000000000000000000000000000000000000000000BE000000000000000000000000000000000000000000000000000000000000000000000000000000000000000000000000000000BE00000000000000000000000000000000BE0000000000000000000000000000000000000000000000
310
000000000000000000000000000000000000000000000000000000000000000000000000000000000000DC000000000000000000000000000000000000000000000000000000000000BE0000000000000000000000000000000000000000000000000000000000000000000000000000000000000000BE0000000000000000
310
000000000000000000000000000000000000000000000000000000000000000000000000BE000000000000000000000000000000000000000000000000000000000000000000000000000000000000000000000000000000BE00000000000000000000000000000000BE000000000000000000000000000000000000000000
310
0000000000000000000000000000000000000000000000000000000000000000000000000000000000000000DC000000000000000000000000000000000000000000000000000000000000BE0000000000000000000000000000000000000000000000000000000000000000000000000000000000000000BE000000000000
310
0000000000000000000000000000000000000000000000000000000000000000000000000000BE0000000000000000000000BEBEBEBEBEBEBEBEBEBEBEBEBEBEBEBEBEBEBEBEBEBEBEBEBEBEBEBEBEBEBEBEBEBEBEBEBEBEBEBEBEBEBEBEBEBEBEBEBEBEBEBEBEBEBEBEBEBE00000000000000000000000000000000000000
310
00000000000000000000000000000000000000000000000000000000000000000000000000000000000000000000DC000000000000000000000000000000000000000000000000000000000000BE0000000000000000000000000000000000000000000000000000000000000000000000000000000000000000BE00000000
310
00000000000000000000000000000000000000000000000000000000000000000000000000000000BE0000000000000000000000BE000000000000000000000000000000000000000000000000000000000000000000000000000000BE00000000000000000000000000000000000000000000000000000000000000000000
310
000000000000000000000000000000000000000000000000000000000000000000000000000000000000000000000000DC000000000000000000000000000000000000000000000000000000000000BE00000000000000000000000000F5F5F5F5F5F5F5F5F500000000000000000000000000000000000000000000BE0000
310
000000000000000000000000000000000000000000000000000000000000000000000000000000000000BE0000000000000000000000BE000000000000000000000000000000000000000000000000000000000000000000000000000000BE0000000000000000000000000000000000000000000000000000000000000000
310
0000000000000000000000000000000000000000000000000000000000000000000000000000000000000000000000000000DC000000000000000000000000000000000000000000000000000000000000BE000000000000000000000000F5F5F5F5F500F5F5F5F500000000000000000000000000000000000000000000BE
310
0000000000000000000000000000000000000000000000000000000000000000000000000000000000000000BE0000000000000000000000BE000000000000000000000000000000000000000000000000000000000000000000000000000000BE000000000000000000000000000000000000000000000000000000000000
310
00000000000000000000000000000000000000000000000000000000000000000000000000000000000000000000000000000000DC000000000000000000000000000000000000000000000000000000000000BE0000000000000000000000000000000000BE00000000000000000000000000000000000000000000000000
310
00BE0000000000000000000000000000000000000000000000000000000000000000000000000000000000000000BE0000000000000000000000BE000000000000000000000000000000000000000000F5F500F5F5F5F5F5F5000000000000000000BE00000000000000000000000000000000000000000000000000000000
310
000000000000000000000000000000000000000000000000000000000000000000000000000000000000000000000000000000000000DC000000000000000000000000000000000000000000000000000000000000BE00000000000000000000000000000000BEBEBE00000000000000000000000000000000000000000000
310
000000BE0000000000000000000000000000000000000000000000000000000000000000000000000000000000000000BE0000000000000000000000BE000000000000000000000000000000000000000000F5F500F500F5F5F5F5000000000000000000BE0000000000000000000000000000000000000000000000000000
310
000000000000000000000000000000000000000000000000000000000000000000000000000000000000000000000000000000000000DCDCDCDC0000F5F5F5F5F500000000000000000000000000000000000000000000BE0000000000000000000000000000000000BE00000000000000000000000000BEBEBEBEBEBEBEBE
310
BEBEBEBEBEBEBEBEBEBEBEBEBEBEBEBEBEBEBEBEBEBEBEBEBEBEBEBEBEBEBEBEBEBEBEBEBEBEBEBEBEBEBEBEBEBEBEBEBEBEBE0000000000000000000000BE0000000000000000000000000000000000000000F5F50000F5F500F5F5F5000000000000000000BE000000000000000000000000000000000000000000000000
310
0000000000000000000000000000000000000000000000000000000000000000000000000000000000000000000000000000000000000000DC0000DC0000F5F5F5000000000000000000000000000000000000000000000000BE0000000000000000000000000000000000BE00000000000000000000000000BE0000000000
310
00000000000000BE0000000000000000000000000000000000000000000000000000000000000000000000000000000000000000000000000000000000000000BE00000000000000000000000000000000000000000000000000BE00000000000000000000000000BE00000000000000000000000000000000000000000000
310
00000000000000000000000000000000000000000000000000000000000000000000000000000000000000000000000000000000000000000000DC0000DC0000F5F5F5F5F500000000000000000000000000000000000000000000BE0000000000000000000000000000000000BE00000000000000000000000000BE000000
310
000000000000000000BE0000000000000000000000000000000000000000000000000000000000000000000000000000000000000000000000000000000000000000BE000000000000000000000000000000000000000000000000BEBEBE000000000000000000000000BE0000000000000000000000000000000000000000
310
000000000000000000000000000000000000000000000000000000000000000000000000000000000000000000000000000000000000000000000000DCDCDCDC0000F5F500F5F500000000000000000000000000000000000000000000BE00000000000000000000000000000000BE00BE000000000000000000000000BE00
310
0000000000000000000000BE0000000000000000000000000000000000000000000000000000000000000000000000000000000000000000000000000000000000000000BE00000000000000000000000000000000000000000000000000BE00000000000000000000000000BE000000000000000000000000000000000000
310
00000000000000000000000000000000000000000000000000000000000000000000000000000000000000000000000000000000000000000000000000000000DC000000000000000000000000000000000000000000000000000000000000BE000000000000000000000000000000BE00BE00BE0000000000000000000000
310
BE000000000000000000000000BE0000000000000000000000000000000000000000000000000000000000000000000000000000000000000000000000000000000000000000BE00000000000000000000000000000000000000000000000000BE00000000000000000000000000BE00000000000000000000000000000000
310
000000000000000000000000000000000000000000000000000000000000000000000000000000000000000000000000000000000000000000000000000000000000DC000000000000000000000000000000000000000000000000000000000000BE00000000000000000000000000000000BE00BE00000000000000000000
310
0000BE000000000000000000000000BE000000000000000000000000000000000000000000000000000000000000000000000000000000000000000000000000000000000000000000BE0000000000000000000000000000000000000000000000BE00BE000000000000000000000000BE0000000000000000000000000000
310
0000000000000000000000000000000000000000000000000000000000000000000000000000000000000000000000000000000000000000000000000000000000000000DC0000000000000000000000000000000000000000000000BEBEBEBEBEBEBEBEBEBEBEBEBEBEBEBEBEBEBEBEBEBEBEBE00BE00BEBEBEBEBEBEBEBE
310
00000000BE000000000000000000000000BE000000000000000000000000000000000000000000000000000000000000000000000000000000000000000000000000000000000000000000BE00000000000000000000000000000000000000000000BE000000BE0000000000000000000000BE000000000000000000000000
310
00000000000000000000000000000000000000000000000000000000000000000000000000000000000000000000000000000000000000000000000000000000000000000000DC00000000000000000000DCDCDCDCDCDCDCDCDCDCDCDCDC00000000000000BE00000000000000000000000000000000BE00BE000000000000
310
0000BE000000BE000000000000000000000000BE000000000000000000000000000000000000000000000000000000000000000000000000000000000000000000000000000000000000000000BE0000000000000000000000000000000000000000000000BEBEBE000000000000000000000000BE00000000000000000000
310
000000000000000000000000000000000000000000000000000000000000000000000000000000000000000000000000000000000000000000000000000000000000000000000000DC00000000000000000000DC00000000000000000000000000000000000000BE0000000000000000000000000000000000BE0000000000
310
00000000BE000000BE000000000000000000000000BE000000000000000000000000000000000000000000000000000000000000000000000000000000000000000000000000000000000000000000BE0000000000000000000000000000000000000000000000BEBEBE000000000000000000000000BE0000000000000000
310
0000000000000000000000000000000000000000000000000000000000000000000000000000000000000000000000000000000000000000000000000000000000000000000000000000DC00000000000000000000DC00000000000000000000000000000000000000BE000000000000000000000000000000000000000000
310
00000000000000BE0000BE000000000000000000000000BEBEBEBEBEBEBEBEBEBEBEBEBEBEBEBEBEBEBEBEBEBEBEBEBEBEBEBEBEBEBEBEBEBEBEBEBEBEBEBEBEBEBEBEBEBEBEBEBEBEBEBEBEBEBEBEBEBEBEBEBEBEBEBEBEBEBEBEBEBEBEBEBEBEBEBEBEBEBEBEBEBE000000BEBEBEBEBEBEBEBEBEBEBE00BE000000000000
310
00000000000000000000000000000000000000000000000000000000000000000000000000000000000000000000000000000000000000000000000000000000000000000000000000000000DC00000000000000000000DC00000000000000000000000000000000000000BE0000000000000000000000F5F5F500F500F5F5
310
00F5F5000000000000BE0000BE00000000000000000000000000000000000000000000000000000000000000000000000000000000000000000000000000000000000000000000000000000000000000000000BE0000000000000000000000000000000000000000000000BE00BE00000000000000000000BE00BE00000000
310
000000000000000000000000000000000000000000000000000000000000000000000000000000000000000000000000000000000000000000000000000000000000000000000000000000000000DC00000000000000000000DC00000000000000000000000000000000000000BE0000000000000000000000F5000000F500
310
F5F5F500F500000000000000BE00BE00000000000000000000000000000000000000000000000000000000000000000000000000000000000000000000000000000000000000000000000000000000000000000000BE000000000000000000000000000000000000000000000000BE000000000000000000000000BEBE0000
310
00000000000000000000000000000000000000000000000000000000000000000000000000000000000000000000000000000000000000000000000000000000000000000000000000000000000000DCDCDC000000000000000000DC00000000000000000000000000000000000000BE0000000000000000000000F5F50000
310
F500F5F5F5F5F500000000000000BE00BE000000000000000000000000000000000000000000000000000000BEBEBEBEBEBEBEBEBEBEBEBEBEBEBEBEBEBEBEBEBEBEBEBEBEBEBEBEBEBEBEBEBEBEBEBEBEBEBEBEBEBE00BE000000000000000000000000000000000000000000000000000000F5F5F500000000000000BEBE
310
0000000000000000000000000000000000000000000000000000000000000000000000000000000000000000000000000000000000000000000000000000000000000000000000000000000000000000DC000000DC0000000000000000DC00000000000000000000000000000000000000BE0000000000000000000000F5F5
310
F5F5F5F5F5F500F5F50000000000000000BEBE000000000000000000000000000000000000000000000000000000BE0000000000000000000000000000000000000000000000000000000000000000000000000000000000BEBE00000000000000000000000000000000F5F5F500F500F500F500F5000000F500F500000000
310
BEBE00000000000000000000000000000000000000000000000000000000000000000000000000000000000000000000000000000000000000000000000000000000000000000000000000000000000000DC0000000000DCDCDCDCDCDCDCDCDC00000000000000000000000000000000000000BE0000000000000000000000
310
00000000000000000000000000000000000000BEBE000000000000000000000000000000000000000000000000000000BE000000000000000000000000000000000000000000000000000000000000000000000000000000000000BE00000000000000000000000000000000F5F50000F50000F5F5F5F5000000F5F5F50000
310
000000BE00000000000000000000000000000000000000000000000000000000000000000000000000000000000000000000000000000000000000000000000000000000000000000000000000000000000000DC000000000000DC0000000000000000000000000000000000000000000000000000BE000000000000000000
310
000000000000000000000000000000000000000000BEBEBE0000000000000000000000000000000000000000000000000000BE00000000000000000000000000000000000000000000000000000000000000000000000000000000BEBEBE00000000000000000000000000000000F5F5F5F5F5F5F500F5F5F5000000F500F5
310
00000000BEBEBE0000000000000000000000000000000000000000000000000000000000000000000000000000000000000000000000000000000000000000000000000000000000000000000000000000000000DC00002828280000DC0000000000000000000000000000000000000000000000000000BE00000000000000
310
00000000000000000000000000000000000000000000BE000000BE00000000000000000000000000000000F50000000000000000BE000000000000000000000000000000000000000000000000000000000000000000000000000000BE000000BE000000000000000000000000000000000000000000000000000000000000
310
0000000000BE000000BE0000000000000000000000000000000000000000000000000000000000000000000000000000000000000000000000000000000000000000000000000000000000000000000000000000000000DC280000002800DC00000000F500F5F5F50000000000000000000000000000000000BE0000000000
310
0000000000000000000000000000000000000000000000BE0000000000BE000000000000000000000000000000F5F500000000000000BE0000000000000000000000000000000000000000000000000000000000000000000000000000BE0000000000BE000000000000000000000000000000000000000000000000000000
310
000000000000BE0000000000BE00000000000000000000000000000000000000000000000000000000000000000000000000000000000000000000000000000000000000000000000000000000000000000000000000000000DC0000000000DC0000000000F500F500000000000000000000000000000000000000BE000000
310
00000000000000000000000000000000000000000000000000BE000000000000BE000000000000000000000000000000F5F5000000000000BE0000000000000000000000000000F50000000000000000000000F5F500000000000000000000BE000000000000BE000000000000000000000000000000000000000000000000
310
0000000000000000BE000000000000BE00000000000000000000000000000000000000000000000000000000000000000000000000000000000000000000000000000000000000000000000000000000000000000000000000000028DC000000DC002800000000F500F5F5F50000000000000000000000000000000000BE00
310
00000000000000000000000000000000000000F500F5F5F50000BE00002828280000BE000000000000000000000000000000BEF5F50000000000BE00000000000000000000000000F5BEF5000000000000000000F5F5BEF50000000000000000BE00002828280000BE00000000000000000000000000000000000000000000
310
000000000000000000BE00002828280000BE0000000000000000000000000000000000000000000000000000000000000000000000000000000000000000000000000000000000000000000000000000000000000000000000000000280000DCDCDC000028000000F5F5F5F5F5F50000000000000000000000000000000000
310
BE0000000000000000000000000000000000000000F50000F5F5000000BE280000002800BE000000000000000000000000000000BE00F50000000000BE0000000000000000000000000000BE000000000000000000000000BE00000000000000000000BE280000002800BE00000000F5000000F50000000000000000000000
310
000000000000000000000000BE280000002800BE0000000000000000000000000000000000000000000000000000000000000000000000000000000000000000000000000000000000000000000000000000000000000000000000000000002800000000000028000000000000000000000000000000000000000000000000
310
0000BE0000000000000000000000000000000000000000F500F500F50000002800000000002800000000000000000000000000000000BE00000000000000BE0000000000000000000000000000BE000000000000000000000000BE00000000000000000000BE0000000000BE0000000000F500F5F5F5000000000000000000
310
00000000000000000000000000002800000000002800000000000000000000000000F5F5F5000000000000000000000000000000000000000000000000000000000000000000000000000000000000000000000000000000000000000000000000280000000000280000000000000000000000000000000000000000000000
310
00000000BE00000000000000000000000000000000000000F5F5F500F5F500000028BE000000BE0028000000000000000000000000000000BE00000000000000BE00000000000000000000000000BEBE000000000000000000000000BE0000000000000000000028BE000000BE002800000000F50000F5F500000000000000
310
0000000000000000000000000000000028BE000000BE002800000000F500F5000000F500000000F500F5F50000000000000000000000000000000000000000000000000000000000000000000000000000000000000000000000000000000000000000002800000028000000000000000000000000000000000000000000F5
310
F5F5F500F500BE0000F50000F5F500F5F5F5F5F5F500F50000000000000000000000280000BEBEBE000028000000000000000000000000000000BE00000000000000BE00000000000000000000000000BEBEBE0000000000000000000000BE000000000000000000280000BEBEBE000028000000F5F5F50000F50000000000
310
0000F500F5F500F5000000000000000000280000BEBEBE000028000000F50000F500F5F5F500000000F5F5F500F5000000000000000000000000000000000000000000000000000000000000000000000000000000000000000000000000000000000000000000282828000000000000000000000000000000000000000000
310
00000000F5F5F5BE00BE00F500F5F5F5F5F5F5F50000F5F5F50000000000000000000000002800000000000028000000000000000000000000000000BE00000000000000BE00000000000000000000000000BEBEBE0000000000000000000000BE000000000000000000002800000000000028000000000000000000000000
310
00000000F500F5F500F5000000000000000000002800000000000028000000F50000F50000F5F500000000F5F5F500F500000000000000000000000000000000000000000000000000000000000000000000000000000000000000000000000000000000000000000000280000000000000000000000000000000000000000
310
000000F50000F500F500BEBEF5F5F500F5F500F5F5F50000F500F50000000000000000000000002800000000002800000000000000000000000000000000BE00000000000000BE00000000000000000000000000BEBEBE0000000000000000000000BE00000000000000000000280000000000280000000000000000000000
310
000000000000F500F5F500F500000000000000000000280000000000280000000000F5F5F5F50000F500000000F500F5F5000000000000000000000000000000000000000000000000000000000000000000000000000000000000000000000000000000000000000000000028000000000000000000000000000000000000
310
000000000000000000000000BE000000000000000000000000000000000000000000000000000000000028000000280000000000000000000000000000000000BE00000000000000BE0000000000000000000000000000BEBE0000000000000000000000BE0000000000000000000000280000002800000000000000000000
310
00000000000000F500F500F500F50000000000000000000000280000002800000000000000000000000000000000000000000000000000000000000000000000000000000000000000000000000000000000000000000000000000000000000000000000000000000000000000002800000000000000000000000000000000
310
0000000000000000000000000000BE000000000000000000000000000000000000000000000000000000000000282828000000000000000000000000000000000000BE00000000000000BE0000000000000000000000000000BE000000000000000000000000BE000000000000000000000000282828000000000000000000
310
00000000000000000000000000000000000000000000000000000000282828000000000000000000000000000000000000000000000000000000000000000000000000000000000000000000000000000000000000000000000000000000000000000000000000000000000000000000280000000000000000000000000000
310
00000000000000000000000000000000BE000000000000000000000000000000000000000000000000000000000000002800000000000000000000000000000000000000BE00000000000000BE0000F50000F5F500F5F5F5000000BE00F5F5F5F5F5F5F5F5F50000BE00F5F5F5F5F5F5F5F5F5000000280000000000000000
310
00000000000000F500F5F500F500F5F5F5F5F500F5F500F500000000000000280000000000000000000000000000000000000000000000000000000000000000000000000000000000000000000000000000000000000000000000000000000000000000000000000000000000000000000028000000000000000000000000
310
000000000000000000F5F5BEBEBEBEBEBEBEBEBEBEBEBEBEBEBEBE000000000000000000000000000000000000000000000028000000000000000000000000000000000000BE00BE0000000000BE00BEBEF500F5F5F5F5F5F5F50000BE00BEF5F500F5F5F5F5F500BEBE00BEF500F500F5F5F5F50000000028000000000000
310
000000000000000000F50000F5F5F5F500F5F5F5F500F5F5F5F50000000000000028000000000000000000000000000000000000000000000000000000000000000000000000000000000000000000000000000000000000000000000000000000000000000000000000000000000000000000002800000000000000000000
310
000000000000000000000000F5BEBEBEBEBEBEBEBEBEBEBEBEBEBEBEBE00000000000000000000000000000000000000000000002800000000000000000000000000000000000000BEBE000000000000BEBEF5F5F500F5F500F5F5F5000000BEBEF5F5F5F5F5F5F5F5F500BE00BEF5F5F500F5F5F5F5F50000002800000000
310
0000000000000000000000F500F5F500F500F5F5F500F5F500F5F500000000000000002800000000000000000000000000000000000000000000000000000000000000000000000000000000000000000000000000000000000000000000000000000000000000000000000000000000000000000000280000000000000000
310
00000000000000000000000000F5F5BEBEBEBEBEBEBEBEBEBEBEBEBEBEBEBE00000000000000000000000000000000000000000000002800000000000000000000000000000000000000BE00000000000000BEBE00000000000000000000000000BE000000000000000000000000BE00000000000000000000000000280000
310
00000000000000000000000000F500000000F500F5F5F500F5F500F5F50000000000000000280000000000000000000000000000000000000000000000000000000000000000000000000000000000000000000000000000000000000000000000000000000000000000000000000000000000000000282828280000F5F5F5
310
F5F5F5000000000000000000000000F5F50000000000000000000000000000000000000000000000000000000000000000000000000000002800000000000000000000000000000000000000BE0000000000000000BE00000000000000000000000000BE000000000000000000000000BE0000000000000000000000000028
310
000000000000000000000000000000000000000000F50000000000000000000000000000000000280000000000000000000000000000000000000000000000000000000000000000000000000000000000000000000000000000000000000000000000000000000000000000000000000000000000000000280000280000F5
310
F500F5F5F500000000000000000000000000000000000000000000000000000000000000000000000000000000000000000000000000000000002800000000000000000000000000000000000000BE0000000000000000BE00000000000000000000000000BE000000000000000000000000BE000000000000000000000000
310
00280000000000000000000000000000F500F5F5F5F5F500F500F5F5F5F5F5F5F500F50000000000002800000000000000000000000000000000000000000000000000000000000000000000000000000000000000000000000000000000000000000000000000000000000000000000000000000000000000002828282800
310
00F5F5F5F5F5F5000000000000000000000000F5F50000000000000000000000000000000000000000000000000000000000000000000000000000002800000000000000000000000000000000BEBEBEBEBEBEBEBEBEBEBEBEBEBEBEBEBEBEBEBEBEBEBEBEBEBEBEBEBEBEBEBEBEBEBEBEBEBEBEBEBEBE0000000000000000
310
000000280000000000000000000000000000F50000F5F5F5F500F50000F500F5F5F5F500F5F50000000000280000000000000000000000000000000000000000000000000000000000000000000000000000000000000000000000000000000000000000000000000000000000000000000000000000000000000000000028
310
000000F5F500F5F5F5000000000000000000000000F5000000000000000000000000000000000000000000000000000000000000000000000000000000282828280000000000000000000000000000BEBEBEBEBEBEBEBEBEBEBEBEBEBEBEBEBEBEBEBEBEBEBEBEBEBEBEBEBEBEBEBEBEBEBEBEBEBEBEBEBEBE000000000000
310
00000000282828280000F500F5F5F5F500000000F500F5F5F5F5F50000F5F5F500F5F5F5F5F500F50000000028282828000000000000000000F5F5F500000000000000000000000000000000000000000000000000000000000000000000000000000000000000000000000000000000000000000000000000000000000000
310
00280000000000000000000000000000000000000000F5F5F50000000000000000000000000000000000000000000000000000000000F5F5F5F5F5F5000000280000280000000000000000000000000000BEBEBEBEBEBEBEBEBEBEBEBEBEBEBEBEBEBEBEBEBEBEBEBEBEBEBEBEBEBEBEBEBEBEBEBEBEBEBEBEBEBE00000000
310
0000000000002800002800F5F5F5F5F500F500000000000000000000000000F500000000000000000000000000002800002800F5F5F5F5F5F5F5F5000000F500F5F500000000000000000000000000000000000000000000000000000000000000000000000000000000000000000000000000000000000000000000000000
310
000000280000000000000000000000000000000000000000000000000000000000000000000000000000000000000000000000000000000000F500F5F5F50000002800002800000000000000000000000000000000000000000000000000000000000000000000000000000000000000000000000000000000000000000000
310
0000000000000000282828280000F500F5F5F5F5000000000000000000000000000000000000000000000000000000002800002800F50000F500F5F5F5000000F5F5F5F50000000000000000000000000000000000000000000000000000000000000000000000000000000000000000000000000000000000000000000000
310
00000000002800000000000000000000000000000000000000000000000000000000000000000000000000000000000000000000000000000000F5F5F5F5F5F5000000282828280000000000000000000000000000000000000000000000000000000000000000000000000000000000000000000000000000000000000000
310
0000000000000000000000280000000000000000000000000000000000000000000000000000000000000000000000000000282828280000F500F5F5F5F5F5000000F500F5F5000000000000000000000000000000000000000000000000000000000000000000000000000000000000000000000000000000000000000000
310
00000000000000280000000000000000000000000000000000000000000000000000000000000000000000000000000000000000000000000000000000000000000000000000280000000000000000000000000000000000000000000000000000000000000000000000000000000000000000000000000000000000000000
310
00000000000000000000000000280000000000000000000000000000000000000000000000000000000000000000000000000000002800000000000000000000000000000000000000000000000000000000000000000000000000000000000000000000000000000000000000000000000000000000000000000000000000
310
00000000000000000028000000000000000000000000000000000000000000000000000000000000000000000000000000000000000000000000000000000000000000000000000028000000000000000000000000000000000000000000000000000000000000000000000000000000000000000000000000000000000000
310
00000000000000000000000000000028000000000000000000000000000000000000000000000000000000000000000000000000000000280000000000000000000000000000000000000000000000000000000000000000000000000000000000000000000000000000000000000000000000000000000000000000000000
310
00000000000000000000002800000000000000000000000000000000000000000000000000000000000000000000000000000000000000000000000000000000000000000000000000002800000000000000000000000000000000000000000000000000000000000000000000000000000000000000000000000000000000
310
00000000000000000000000000000000002800000000000000000000000000000000000000000000000000000000000000000000000000000028000000000000000000000000000000000000000000000000000000000000000000000000000000000000000000000000000000000000000000000000000000000000000000
310
000000000000000000000000002800000000000000000000000000000000000000000000000000000000000000000000000000000000000000000000000000000000000000F500F500000000280000000000000000000000000000000000000000000000000000000000000000000000000000000000000000000000000000
310
00000000000000000000000000000000000000280000000000000000000000000000000000000000000000000000000000000000000000000000002800000000000000000000000000000000000000000000000000000000000000000000000000000000000000000000000000000000000000000000000000000000000000
310
0000000000000000000000000000002800000000000000000000000000000000000000000000000000000000000000000000000000000000000000000000000000000000000000F500F50028282828282828282828282828282828282828282828282828282828282828282828282828282828282828282828282828282828
310
28282828282828282828282828282828282828282828282828282828282828282828282828282828282828282828282828282828282828282828282828282828282828282828282828282828282828282828282828282828282828282828282828282828282828282828282828282828282828282828282828282828282828
310
28282828282828282828282828282828282828282828282828282828282828282828282828282828280000000000000000000000000000000000000000000000000000000000000000F5F5F5002828282828282828282828282828282828282828282828282828282828282828282828282828282828282828282828282828
310
28282828282828282828282828282828282828282828282828282828282828282828282828282828282828282828282828282828282828282828282828282828282828282828282828282828282828282828282828282828282828282828282828282828282828282828282828282828282828282828282828282828282828
310
282828282828282828282828282828282828282828282828282828282828282828282828282828282828280000000000000000000000000000000000000000000000000000000000000000F5F5F500000000280000000000002800000000000000000000000000000000000000000000000000000028000000000000000000
310
00000000000000000000000000000000000000000000000000280000000000002800000000000000000000000000000000000000002800000000000000000000002800000000000028000000000000000000000000000000000000000000000028000000000000000000000000000000000000000028000000000000000000
310
00000000000000000000000000000000000000000028000000000000280000000000000000000000000000000000000000000000000000000000000000000000000000000000000000000000000000000000000028000000000000280000000000000000000000000000000000000000000000000000002800000000000000
310
00000000000000000000000000000000000000000000000000000028000000000000280000000000000000000000000000000000000000280000000000000000000000280000000000002800000000000000000000000000000000000000000000002800000000000000000000000000000000000000002800000000000000
310
00000000000000000000000000000000000000000000002800000000000028000000000000000000000000000000000000000000000000000000000000000000000000000000000000000000000000000000000000002800000000000028000000000000000000000000000000000000000000000000000000280000000000
310
00000000000000000000000000000000000000000000000000000000002800000000000028000000000000000000000000000000000000000028000000000000000000000028000000000000280000000000000000000000000000000000000000000000280000000000000000000000000000000000000000280000000000
310
00000000000000000000000000000000000000000000000000280000000000002800000000000000000000000000000000000000000000000000000000000000000000000000000000000000000000000000000000000000280000000000002800000000000000000000000000000000000000000000000000000028000000
310
0000000000000000000000000000000000000000000000000000000000000028000000000000280000000000000000000000000000000000000000280000000000000000000000280000000000002800000000000000000000000000000000000000000000002800F5F5F5F500F5F500000000000000000000000028000000
310
00000000000000000000000000000000000000000000000000000028000000000000280000000000000000000000000000000000000000000000000000000000000000000000000000000000000000000000000000000000000028000000000000280000000000000000000000000000000000000000000000000000280028
310
0000F5F5F5F5F5F5F5F500000000000000000000000000000000000000000000002800000000002800280000F500F500F5F50000000000000000000028002800F5F5F5F5F5F5F50000280000000000002800000000000000000000F5F500000000000000000000280028F500F500F500F50000000000000000000000280028
310
00F5F5F5F5F5F5F5F5000000000000000000000000000000000000000028000000000028002800F5F5F5F5F5F5000000000000000000000000000000000000000000000000000000000000000000000000000000000000000000000028000000000028002800F5F5F5F5F5F5F5000000000000000000000000000000002800
310
00002800F5F5F5F5F5F5F5F5000000000000000000000000000000000000000000000028000000002800002800F5F5F5F5F500F5000000000000000000280000280000F5F500F5F5F5000028000000000028002800F500F5F5F5F5F5F50000F500F5F5000000000028000028F50000F5F5F5F5000000000000000000002800
310
00002800F5F5F5F5F5F5F5000000000000000000000000000000000000000028000000002800002800F50000F5F500F5000000000000000000000000000000000000000000000000000000000000000000000000000000000000000000002800000000280000280000F5F5F5F5F5F500000000000000000000000000000000
310
002800280000F5F5F5F5F500F50000000000000000000000000000000000000000000000002800000000002800280000F500F5F5F5F50000000000000000000028002800F5F5F5F5F5F5F50000280000000028000028F500F5F500F5F5F5F50000F5F5F500F50000000000280028F500F5F5F5F5F500000000000000000000
310
0028002800F5F5F5F5F500F500000000000000000000000000000000000000000028000000000028002800F5F5F5F5F5F5000000000000000000000000000000000000000000000000000000000000000000000000000000000000000000000028000000000028002800F5F5F5F500F5F50000000000000000000000000000
310
0000000028000000000000000000000000000000000000000000000000000000000000000000002800000000000028000000F500F500F5F5000000000000000000000028000000000000000000000028000000000028002800F500F5F5F500F5000000F500F5F5000000000000002800000000000000000000000000000000
310
000000002800000000000000000000000000000000000000000000000000000000000028000000000000280000F5F500F500F500000000000000000000000000000000000000000000000000000000000000000000000000000000000000000000002800000000000028000000000000000000000000000000000000000000
310
00000000000028000000000000000000000000000000000000000000000000000000000000000000002800000000000028000000000000000000000000000000000000000028000000000000000000000028000000000000280000000000000000000000000000000000000000000000280000000000000000000000000000
310
00000000000028000000000000000000000000000000000000000000000000000000000000280000000000002800000000000000000000000000000000000000000000000000000000000000000000000000000000000000000000000000000000000000280000000000002800000000000000000000000000000000000000
310
00000000000000002800000000000000000000000000000000000000000000000000000000000000000000280000000000002800000000000000000000000000000000000000002800000000000000000000002800000000000028000000000000000000000000000000000000000000000028000000000000000000000000
310
00000000000000002800000000000000000000000000000000000000000000000000000000000028000000000000280000000000000000000000000000000000000000000000000000000000000000000000000000000000000000000000000000000000000028000000000000280000000000000000000000000000000000
310
0000000000000000000028000000000000000000000000000000000000000000000000000000000000000000002800000000000028000000000000000000000000000000000000000028000000000000000000000028000000000000280000000000000000000000000000000000000000002828282800F5F5F5F5F5F5F500
310
00000000000000000000280000000000000000000000000000000000000000000000000000000000002800000000000028000000000000000000000000000000280000000000000000000000000000000000000000000000000000000000000000000000000000002800000000000028000000000000000000000000000000
310
00000000000028282828282828000000000000000000000000000000000000000000000000000000000000000000002828282828282828000000000000000000000000002828282828282828000000000000000000000028000000000000280000000000000000000000000000000000000000002800002800F50000F5F500
310
F5000000002828282828282828000000000000000000000000000000000000000000000000000000000000282828282828282800000000000000000000000000000028000000000000000000000000000000000000000000000000000000000000000000000000000000282828282828282800000000000000000000000000
310
000000000000000028000000000028000000000000000000000000000000000000000000000000000000000000000000000000000000000028000000000000000000000000002800000000000028000000000000000000000028282828282828280000000000000000000000000000000000000000002800002800F500F5F5
310
F500F500000000280000000000002800000000000000000000000000000000000000000000000000000000000000000000000000280000000000000000000000000000002800000000000000000000000000000000000000000000000000000000000000000000000000000000000000000000280000000000000000000000
310
0000000000000000000028000000000028000000000000000000000000000000000000000000000000000000000000000000000000000000000028000000000000000000000000002800000000000028000000000000000000000000000000000000280000000000000000000000000000000000000000002828282800F500
310
F5F500F5000000000028000000000000280000000000000000000000000000000000000000000000000000000000000000000000000028000000000000000000000000000000280000000000000000000000000000000000000000000000000000000000000000000000000000000000000000000028000000000000000000
310
00000000000000000000000028000000000028000000000000000000000000000000000000000000000000000000000000000000000000000000000028000000000000000000000000002800000000000028000000000000000000000000000000000000280000000000000000000000000000000000000000000000280000
310
00000000000000000000002800000000000028000000000000000000000000000000000000000000000000000000000000000000000000002800000000000000000000000000000028000000000000000000000000000000000000000000000000000000000000000000000000000000000000000000002800000000000000
310
00000000000000000000000000002800000000002800000000000000000000000000000000000000000000000000000000000000000000000000000000002800000000000000000000000000280000000000002800000000000000000000000000000000000028000000000000000000000000000000000000000000000028
310
00000000000000000000000000280000000000002800000000000000000000000000000000000000000000000000000000000000000000000000280000000000000000000000000000002800000000000000000000000000000000000000000000000000000000000000000000000000000000000000000000280000F5F5F5
310
F50000F50000000000000000000000002800000000280028000000F5F5F5F5F5F5F50000000000000000000000000000000000000000000000000000000000280028000000F5F5F50000F50000002800000000002800280000F5F5F5F5F5F5F50000000000000000280000F500F5F5F500F500F5F5F500F5F5000000000000
310
280028F5F5F5F5F5F5F5F50000000028000000000028002800F5F5F5F5F5F5F5F500000000000000000000000000000000000000000000000000002800280000F5F5F5F500F50000000000002800000000000000000000000000000000000000000000000000000000000000000000000000000000000000000028002800F5
310
00F5F5F5F5F50000000000000000000000002800000028000000280000F5F5F500F5F5F500000000000000000000000000000000000000000000000000000000280000280000F5F5F5F5F5F5F50000002800000000280000280000F500F5F500F50000000000000000280028F500F5F500F5F5F5F50000F5F5F500F5000000
310
002800002800F500F5F500F500000000002800000000280000002800F5F5F5F500F50000000000000000000000000000000000000000000000000000280000280000F5F500F5F5F5F5000000000028000000000000000000000000000000000000000000000000000000000000000000000000000000000000000028000028
310
00F5F5F5F500F5F50000000000000000000000002800000000280028000000F5F5F5F5F500F50000000000000000000000000000000000000000000000000000000000280028000000F5F5F500F5F50000002800000000002800280000F500F5F500F50000000000000028000028F50000F500F500F5000000F5F5F500F500
310
00000000280028F5F5F5F5F500F5000000000028000000000028002800F5F5F5F5F500F50000000000000000000000000000000000000000000000000000002800280000F5F5F5F500F50000000000002800000000000000000000000000000000000000000000000000000000000000000000000000000000000000000028
310
002800F5F500F50000F50000000000000000000000002800000000002800000000000000000000000000000000000000000000000000000000000000000000000000000000002800000000F500F50000F50000002800000000000028000000000000000000000000000000000028002800F500F5F5F500F5000000F500F5F5
310
00000000000000280000000000000000000000000028000000000000280000000000000000000000000000000000000000000000000000000000000000000000000028000000F5F500F500F5000000000000280000000000000000000000000000000000000000000000000000000000000000000000000000000000000000
310
00002800000000000000000000000000000000000000000028000000000028000000000000000000000000000000000000000000000000000000000000000000000000000000000028000000000000000000000000002800000000000028000000000000000000000000000000000000280000000000000000000000000000
310
00000000000000000028000000000000000000000000002800000000000028000000000000000000000000000000000000000000000000000000000000000000000000002800000000000000000000000000000028000000000000000000000000000000000000000000000000000000000000000000000000000000000000
310
00000000280000000000000000000000000000000000000000002800000000002800000000000000000000000000000000000000000000000000000000000000000000000000000000002800000000000000000000000000280000000000002800000000000000000000000000000000000028000000000000000000000000
310
0000000000000000000000280000000000000000000000000028000000000000280000000000000000000000000000000000000000000000000000000000000000000000000028000000000000000000000000000000280000000000000000000000000000000000000000000000000000000000000000F500F50000000000
310
00000000000028000000000000000000000000000000000000000000280000000000280000000000000000000000000000000000000000000000000000000000000000000000000000000000280000000000000000000000000028000000000000280000000000000000000000000000000000002800000000000000000000
310
00000000000000000000000000280000000000000000000000000028000000000000280000000000000000000000000000000000000000000000000000000000000000000000000028000000000000000000000000000000280000000000000000000000000000000000000000000000000000000000000000F5F5F5002828
310
28282828282828282828282828282828282828282828282828282828282828282828282828282828282828282828282828282828282828282828282828282828282828282828282828282828282828282828282828282828282828282828282828282828282828282828282828282828282828282828282828282828282828
310
282828282828282828282828282828282828282828282828282828282828282828282828282828282828282828282828282828282828282828282828282828282828282828282828282828282828282828282828282828282828280000000000000000000000000000000000000000000000000000000000000000F5F5F500
310
28282828282828282828282828282828282828282828282828282828282828282828282828282828282828282828282828282828282828282828282828282828282828282828282828282828282828282828282828282828282828282828282828282828282828282828282828282828282828282828282828282828282828
310
2828282828282828282828282828282828282828282828282828282828282828282828282828282828282828282828282828282828282828282828282828282828282828282828282828282828282828282828282828282828282828280000000000000000000000000000000000000000000000000000000000000000F500
310
F5000000000000000000000000000000000000000000000000000000000000000000280000000000000000000000000000000000000000000000000000000000000000000000000000000000000000000000000000000000000000000000000028000000000000000000000000000000000000000000000000000000000000
310
00000000000000000000000000000000000000000000000000000000000000000028000000000000000000000000000000000000000000000000000000000000000000000000000000000000000000000000000000000000000000000000280000000000000000000000000000000000000000000000000000000000000000
310
00000000000000000000000000000000000000000000000000000000000000000000000028000000000000000000000000000000000000000000000000000000000000000000000000000000000000000000000000000000000000000000000000002800000000000000000000000000000000000000000000000000000000
310
00000000000000000000000000000000000000000000000000000000000000000000002800000000000000000000000000000000000000000000000000000000000000000000000000000000000000000000000000000000000000000000000028000000000000000000000000000000000000000000000000000000000000
310
00000000000000000000000000000000000000000000000000000000000000000000000000002800000000000000000000000000000000000000000000000000000000000000000000000000000000000000000000000000000000000000000000000000280000000000000000000000000000000000000000000000000000
310
00000000000000000000000000000000000000000000000000000000000000000000000000280000000000000000000000000000000000000000000000000000000000000000000000000000000000000000000000000000000000000000000000002800000000000000000000000000000000000000000000000000000000
310
00000000000000000000000000000000000000000000000000000000000000000000000000000000280000000000000000000000000000000000000000000000000000000000000000000000000000000000000000000000000000000000000000000000000028000000000000000000000000000000000000000000000000
310
00000000000000000000000000000000000000000000000000000000000000000000000000000028000000000000000000000000000000000000000000000000000000000000000000000000000000000000000000000000000000000000000000000000280000000000000000000000000000000000000000000000000000
310
00000000000000000000000000000000000000000000000000000000000000000000000000000000000028000000000000000000000000000000000000000000000000000000000000000000000000000000000000000000000000000000000000000000000000002800000000000000000000000000000000000000000000
310
00000000000000000000000000000000000000000000000000000000000000000000000000000000002800000000000000000000000000000000000000000000000000000000000000000000000000000000000000000000000000000000000000000000000028000000000000000000000000000000000000000000000000
310
00000000000000000000000000000000000000000000000000000000000000000000000000000000000000002800000000000000000000000000000000000000000000000000000000000000000000000000000000000000000000000000000000000000000000000000280000000000000000000000000000000000000000
310
00000000000000000000000000000000000000000000000000000000000000000000000000000000000000280000000000000000000000000000000000000000000000000000000000000000000000000000000000000000000000000000000000000000000000002800000000000000000000000000000000000000000000
310
00000000000000000000000000000000000000000000000000000000000000000000000000000000000000000000280000000000000000000000000000000000000000000000000000000000000000000000000000000000000000000000000000000000000000000000000028000000000000000000000000000000000000
310
00000000000000000000000000000000000000000000000000000000000000000000000000000000000000000028000000000000000000000000000000000000000000000000000000000000000000000000000000000000000000000000000000000000000000000000280000000000000000000000000000000000000000
310
00000000000000000000000000000000000000000000000000000000000000000000000000000000000000000000000028000000000000000000000000000000000000000000000000000000000000000000000000000000000000000000000000000000000000000000000000002800000000000000000000000000000000
310
00000000000000000000000000000000000000000000000000000000000000000000000000000000000000000000002800000000000000000000000000000000000000000000000000000000000000000000000000000000000000000000000000000000000000000000000028000000000000000000000000000000000000
310
00000000000000000000000000000000000000000000000000000000000000000000000000000000000000000000000000002800000000000000000000000000000000000000000000000000000000000000000000000000000000000000000000000000000000000000000000000000280000000000000000000000000000
310
00000000000000000000000000000000000000000000000000000000000000000000000000000000000000000000000000280000000000000000000000000000000000000000000000000000000000000000000000000000000000000000000000000000000000000000000028282800000000000000000000000000000000
310
0000000000000000000000000000000000000000000000000000000000000000000000000000000000000000000000000000282828280000F5F5F5F5F5F5F500000000000000000000000000000000000000000000000000000000000000000000000000000000000000000000000000002828282800F5F5F5F5F5F5F50000
310
00000000000000000000000000000000000000000000000000000000000000000000000000000000000000000000000000002828282800F5F5F5F5F5F5F50000000000000000000000000000000000000000000000000000000000000000000000000000000000000000000000002800000000000000000000000000000000
310
00000000000000000000000000000000000000000000000000000000000000000000000000000000000000000000000000000000280000280000F5F5F500F5F5F500000000000000000000000000000000000000000000000000000000000000000000000000000000000000000000000000002800002800F500F5F5F5F5F5
310
00000000000000000000000000000000000000000000000000000000000000000000000000000000000000000000000000000000280000280000F5F500F5F5F5000000000000000000000000000000000000000000000000000000000000000000000000000000000000000000000000282828000000000000000000000000
310
000000000000000000000000000000000000000000000000000000000000000000000000000000000000000000000000000000000000282828280000F5F5F5F5F5F5F500000000000000000000000000000000000000000000000000000000000000000000000000000000000000000000000000002828282800F500F5F5F5
310
F5F5000000000000000000000000000000000000000000000000000000000000000000000000000000000000000000000000000000002828282800F5F5F5F5F5F5F500000000000000000000000000000000000000000000000000000000000000000000000000000000000000000000000000002800000000000000000000
310
00000000000000000000000000000000000000000000000000000000000000000000000000000000000000000000000000000000000000000000280000000000000000000000000000000000000000000000000000000000000000000000000000000000000000000000000000000000000000000000000028000000000000
310
00000000000000000000000000000000000000000000000000000000000000000000000000000000000000000000000000000000000000000028000000000000000000000000000000000000000000000000000000000000000000000000000000000000000000000000000000000000000000000000280000000000000000
310
00000000000000000000000000000000000000000000000000000000000000000000000000000000000000000000000000000000000000000000000028000000000000000000000000000000000000000000000000000000000000000000000000000000000000000000000000000000000000000000000000002800000000
310
00000000000000000000000000000000000000000000000000000000000000000000000000000000000000000000000000000000000000000000002800000000000000000000000000000000000000000000000000000000000000000000000000000000000000000000000000000000000000000000000028000000000000
310
00000000000000000000000000000000000000000000000000000000000000000000000000000000000000000000000000000000000000000000000000002800000000000000000000000000000000000000000000000000000000000000000000000000000000000000000000000000000000000000000000000000280000
310
00000000000000000000000000000000000000000000000000000000000000000000000000000000000000000000000000000000000000000000000000280000000000000000000000000000000000000000000000000000000000000000000000000000000000000000000000000000000000000000000000002800000000
310
00000000000000000000000000000000000000000000000000000000000000000000000000000000000000000000000000000000000000000000000000000000280000000000000000000000000000000000000000000000000000000000000000000000000000000000000000000000000000000000000000000000000028
310
00000000000000000000000000000000000000000000000000000000000000000000000000000000000000000000000000000000000000000000000000000028000000000000000000000000000000000000000000000000000000000000000000000000000000000000000000000000000000000000000000000000280000
310
00000000000000000000000000000000000000000000000000000000000000000000000000000000000000000000000000000000000000000000000000000000000028000000000000000000000000000000000000000000000000000000000000000000000000000000000000000000000000000000000000000000000000
310
00280000000000000000000000000000000000000000000000000000000000000000000000000000000000000000000000000000000000000000000000000000002800000000000000000000000000000000000000000000000000000000000000000000000000000000000000000000000000000000000000000000000028
310
00000000000000000000000000000000000000000000000000000000000000000000000000000000000000000000000000000000000000000000000000000000000000002800000000000000000000000000000000000000000000000000000000000000000000000000000000000000000000000000000000000000000000
310
00000028000000000000000000000000000000000000000000000000000000000000000000000000000000000000000000000000000000000000000000000000000000280000000000000000000000000000000000000000000000000000000000000000000000000000000000000000000000000000000000000000000000
310
00280000000000000000000000000000000000000000000000000000000000000000000000000000000000000000000000000000000000000000000000000000000000000000280000000000000000000000000000000000000000000000000000000000000000000000000000000000000000000000000000000000000000
310
00000000002800000000000000000000000000000000000000000000000000000000000000000000000000000000000000000000000000000000000000000000000000000028000000000000000000000000000000000000000000000000000000000000000000000000000000000000000000000000000000000000000000
310
00000028000000000000000000000000000000000000000000000000000000000000000000000000000000000000000000000000000000000000000000000000000000000000000028000000000000000000000000000000000000000000000000000000000000000000000000000000000000000000000000000000000000
310
00000000000000280000000000000000000000000000000000000000000000000000000000000000000000000000000000000000000000000000000000000000000000000000002800000000000000000000000000000000000000000000000000000000000000000000000000000000000000000000000000000000000000
310
00000000002800000000000000000000000000000000000000000000000000000000000000000000000000000000000000000000000000000000000000000000000000000000000000002800000000000000000000000000000000000000000000000000000000000000000000000000000000000000000000000000000000
310
00000000000000000028000000000000000000000000000000000000000000000000000000000000000000000000000000000000000000000000000000000000000000000000000000280000000000000000000000000000000000000000000000000000000000000000000000000000000000000000000000000000000000
310
00000000000000280000000000000000000000000000000000000000000000000000000000000000000000000000000000000000000000000000000000000000000000000000000000000000280000000000000000000000000000000000000000000000000000000000000000000000000000000000000000000000000000
310
00000000000000000000002800000000000000000000000000000000000000000000000000000000000000000000000000000000000000000000000000000000000000000000000000000028000000000000000000000000000000000000000000000000000000000000000000000000000000000000000000000000000000
310
00000000000000000028000000000000000000000000000000000000000000000000000000000000000000000000000000000000000000000000000000000000000000000000000000000000000028000000F5F5F5F5F5F5F5F500000000000000000000000000000000000000000000000000000000000000000000000000
310
0000000000000000000000000028000000F5F5F5F5F5F5F5000000000000000000000000000000000000000000000000000000000000000000000000000000000000000000000000000000000028000000F5F5F5F5F5F5F5F50000000000000000000000000000000000000000000000000000000000000000000000000000
310
000000000000000000002800000000000000000000000000000000000000000000000000000000000000000000000000000000000000000000000000000000000000000000000000000000000000002800280000F5F500F5F500F5F50000000000000000000000000000000000000000000000000000000000000000000000
310
0000000000000000000000000000002828000000F5F500F5F5F500000000000000000000000000000000000000000000000000000000000000000000000000000000000000000000000000000000002828000000F5F5F5F500F5F5000000000000000000000000000000000000000000000000000000000000000000000000
310
0000000000000000000000280000000000000000000000000000000000000000000000000000000000000000000000000000000000000000000000000000000000000000000000000000000000000000280000280000F500F5F5F5F500F5000000000000000000000000000000000000000000000000000000000000000000
310
000000000000000000000000000000002800002800F5F5F500F500F5000000000000000000000000000000000000000000000000000000000000000000000000000000000000000000000000000000002800002800F500F5F5F5F500F500000000000000000000000000000000000000000000000000000000000000000000
310
0000000000000000000000000000280000000000000000000000000000000000000000000000000000000000000000000000000000000000000000000000000000000000000000000000000000000000000000280028000000F500F5F5F5F50000000000000000000000000000000000000000000000000000000000000000
310
000000000000000000000000000000000000002828000000F500F500F5F500000000000000000000000000000000000000000000000000000000000000000000000000000000000000000000000000000000002828000000F500F5F5F5F5000000000000000000000000000000000000000000000000000000000000000000
310
00000000000000000000000000000000002800000000000000000000000000000000000000000000000000000000000000000000000000000000000000000000000000000000000000000000000000000000000000002800000000000000000000000000000000000000000000000000000000000000000000000000000000
310
00000000000000000000000000000000000000000028000000000000000000000000000000000000000000000000000000000000000000000000000000000000000000000000000000000000000000000000000000280000000000000000000000000000000000000000000000000000000000000000000000000000000000
310
00000000000000000000000000000000000000280000000000000000000000000000000000000000000000000000000000000000000000000000000000000000000000000000000000000000000000000000000000000000280000000000000000000000000000000000000000000000000000000000000000000000000000
310
00000000000000000000000000000000000000000000002800000000000000000000000000000000000000000000000000000000000000000000000000000000000000000000000000000000000000000000000000000028000000000000000000000000000000000000000000000000000000000000000000000000000000
310
00000000000000000000000000000000000000000028000000000000000000000000000000000000000000000000000000000000000000000000000000000000000000000000000000000000000000000000000000000000000028000000000000000000000000000000000000000000000000000000000000000000000000
310
00000000000000000000000000000000000000000000000000280000000000000000000000000000000000000000000000000000000000000000000000000000000000000000000000000000000000000000000000000000002800000000000000000000000000000000000000000000000000000000000000000000000000
310
00000000000000000000000000000000000000000000002800000000000000000000000000000000000000000000000000000000000000000000000000000000000000000000000000000000000000000000000000000000000000002800000000000000000000000000000000000000000000000000000000000000000000
310
00000000000000000000000000000000000000000000000000000028000000000000000000000000000000000000000000000000000000000000000000000000000000000000000000000000000000000000000000000000000000280000000000000000000000000000000000000000000000000000000000000000000000
310
00000000000000000000000000000000000000000000000000280000000000000000000000000000000000000000000000000000000000000000000000000000000000000000000000000000000000000000000000000000000000000000280000000000000000000000000000000000000000000000000000000000000000
310
00000000000000000000000000000000000000000000000000000000002800000000000000000000000000000000000000000000000000000000000000000000000000000000000000000000000000000000000000000000000000000028000000000000000000000000000000000000000000000000000000000000000000
310
00000000000000000000000000000000000000000000000000000028000000000000000000000000000000000000000000000000000000000000000000000000000000000000000000000000000000000000000000000000000000000000000028000000000000F50000000000000000000000000000000000000000000000
310
0000000000000000000000000000000000000000000000000000000000000028000000000000F5F5000000000000000000000000000000000000000000000000000000000000000000000000000000000000000000000000000000000000002800000000000000F50000000000000000000000000000000000000000000000
310
0000000000000000000000000000000000000000000000000000000000280000000000000000000000000000000000000000000000000000000000000000000000000000000000000000000000000000000000000000000000000000000000000000280000000000F5F5F50000000000000000000000000000000000000000
310
00000000000000000000000000000000000000000000000000000000000000000028000000000000F528F500000000000000000000000000000000000000000000000000000000000000000000000000000000000000000000000000000000000028000000000000F528F50000000000000000000000000000000000000000
310
00000000000000000000000000000000000000000000000000000000000000280000000000000000000000000000000000000000000000000000000000000000000000000000000000000000000000000000000000000000000000000000000000000000280000280000002800000000000000000000000000000000000000
310
00000000000000000000000000000000000000000000000000000000000000000000002800000028000000280000000000000000000000000000000000000000000000000000000000000000000000000000000000000000000000000000000000000028000000280000002800000000000000000000000000000000000000
310
00000000000000000000000000000000000000000000000000000000000000000028000000000000000000000000000000000000000000000000000000000000000000000000000000000000000000000000000000000000000000000000000000000000000028282800282828280000000000000000000000000000000000
310
00000000000000000000000000000000000000000000000000000000000000000000000000282828280028282828000000000000000000000000000000000000000000000000000000000000000000000000000000000000000000000000000000000000002828282800282828280000000000000000000000000000000000
310
00000000000000000000000000000000000000000000000000000000000000000000002800000000000000000000000000000000000000000000000000000000000000000000000000000000000000000000000000000000000000000000000000000000000000002800002828000000000000000000000000000000000000
310
00000000000000000000000000000000000000000000000000000000000000000000000000000028000000282800000000000000000000000000000000000000000000000000000000000000000000000000000000000000000000000000000000000000000000280000002828000000000000000000000000000000000000
310
00000000000000000000000000000000000000000000000000000000000000000000000000280000000000000000000000000000000000000000000000000000000000000000000000000000000000000000000000000000000000000000000000000000000000000000280000280000000000000000000000000000000000
310
00000000000000000000000000000000000000000000000000000000000000000000000000000000002800000028000000000000000000000000000000000000000000000000000000000000000000000000000000000000000000000000000000000000000000000028000000280000000000000000000000000000000000
310
000000000000000000000000000000000000000000000000000000000000000000000000000000280000000000000000000000000000000000000000000000000000000000000000000000000000000000000000000000000000000000000000000000000000000000000000280000F5F5F5F5F5F500000000000000000000
310
00000000000000000000000000000000000000000000000000000000000000000000000000000000000000280000F5F5F500F50000000000000000000000000000000000000000000000000000000000000000000000000000000000000000000000000000000000000000280000F5F5F5F5F5F50000000000000000000000
310
0000000000000000000000000000000000000000000000000000000000000000000000000000000000280000000000000000000000000000000000000000000000000000000000000000000000000000000000000000000000000000000000000000000000000000000000000000280000F5F5F5F500F50000000000000000
310
000000000000000000000000000000000000000000000000000000000000000000000000000000000000000000280000F500F5F5F50000000000000000000000000000000000000000000000000000000000000000000000000000000000000000000000000000000000000000280000F5F5F5F5F500000000000000000000
310
00000000000000000000000000000000000000000000000000000000000000000000000000000000000000280000000000000000000000000000000000000000000000000000000000000000000000000000000000000000000000000000000000000000000000000000000000000000280000F5F5F5F5F5F5000000000000
310
0000000000000000000000000000000000000000000000000000000000000000000000000000000000000000000000280000F500F5F5F50000000000000000000000000000000000000000000000000000000000000000000000000000000000000000000000000000000000000000280000F5F5F5F5F50000000000000000
310
000000000000000000000000000000000000000000000000000000000000000000000000000000000000000000280000000000000000000000000000000000000000000000000000000000000000000000000000000000000000000000000000000000000000000000000000000000000000280000F5F5F5F500F500000000
310
00000000000000000000000000000000000000000000000000000000000000000000000000000000000000000000000000280000F500F500F50000000000000000000000000000000000000000000000000000000000000000000000000000000000000000000000000000000000000000280000F5F5F5F5F5000000000000
310
00000000000000000000000000000000000000000000000000000000000000000000000000000000000000000000002800000000000000000000000000000000000000000000000000000000000000000000000000000000000000000000000000000000000000000000000000000000000000002800000000000000000000
310
00000000000000000000000000000000000000000000000000000000000000000000000000000000000000000000000000000028000000000000000000000000000000000000000000000000000000000000000000000000000000000000000000000000000000000000000000000000000000280000000000000000000000
310
00000000000000000000000000000000000000000000000000000000000000000000000000000000000000000000000000280000000000000000000000000000000000000000000000000000000000000000000000000000000000000000000000000000000000000000000000000000000000000000280000000000000000
310
00000000000000000000000000000000000000000000000000000000000000000000000000000000000000000000000000000000002800000000000000000000000000000000000000000000000000000000000000000000000000000000000000000000000000000000000000000000000000000028000000000000000000
310
00000000000000000000000000000000000000000000000000000000000000000000000000000000000000000000000000000028000000000000000000000000000000000000000000000000000000000000000000000000000000000000000000000000000000000000000000000000000000000000000028000000000000
310
00000000000000000000000000000000000000000000000000000000000000000000000000000000000000000000000000000000000000280000000000000000000000000000000000000000000000000000000000000000000000000000000000000000000000000000000000000000000000000000002800000000000000
310
00000000000000000000000000000000000000000000000000000000000000000000000000000000000000000000000000000000002800000000000000000000000000000000000000000000000000000000000000000000000000000000000000000000000000000000000000000000000000000000000000002800000000
310
00000000000000000000000000000000000000000000000000000000000000000000000000000000000000000000000000000000000000000028000000000000000000000000000000000000000000000000000000000000000000000000000000000000000000000000000000000000000000000000000000280000000000
310
00000000000000000000000000000000000000000000000000000000000000000000000000000000000000000000000000000000000000000000000000000000000000000000000000000000000000000000000000000000000000000000000000000000000000000000000000000000000000000000000000000000000000
310
00000000000000000000000000000000000000000000000000000000000000000000000000000000000000000000000000000000000000000000000000000000000000000000000000000000000000000000000000000000000000000000000000000000000000000000000000000000000000000000000000000000000000
310
0000000000000000000000000000000000000000000000000000000000000000000000000000000000000000000000000000F5F5F5F50000F50000000000000000000000000000000000000000000000000000000000000000000000000000000000000000000000000000000000000000000000F5F5F5F5F500F500F500F5
310
F500F5F5F500000000000000000000000000000000000000000000000000000000000000000000000000000000000000000000000000F5F5F5F5F5F500F500F500F5F500F50000000000000000000000000000000000000000000000000000000000000000000000000000000000000000000000000000F5F5F5F50000F5F5
310
F5F50000F50000000000000000000000000000000000000000000000000000000000000000000000000000000000000000000000F500F5F50000F50000000000000000000000000000000000000000000000000000000000000000000000000000000000000000000000000000000000000000000000F500F5F500F5F5F5F5
310
F5F5F5F500F50000000000000000000000000000000000000000000000000000000000000000000000000000000000000000000000000000F500F5F500F5F5F5F5F5F5F5F500F50000000000000000000000000000000000000000000000000000000000000000000000000000000000000000000000000000F500F5F50000
310
F5F500F50000F50000000000000000000000000000000000000000000000000000000000000000000000000000000000000000000000F5F5F5F5F5F5F50000000000000000000000000000000000000000000000000000000000000000000000000000000000000000000000000000000000000000000000F5F5F5F500F5F5
310
F5F5F500000000F5F500000000000000000000000000000000000000000000000000000000000000000000000000000000000000000000000000F5F5F5F50000F5F5F5F5F5000000F50000000000000000000000000000000000000000000000000000000000000000000000000000000000000000000000000000F5F500F5
310
F5F5F5F500F50000F50000000000000000000000000000000000000000000000000000000000000000000000000000000000000000000000F5F5F5F5F5F5F50000000000000000000000000000000000000000000000000000000000000000000000000000000000000000000000000000000000000000000000F5F5F5F5F5
310
F5F500F500F5F5F5F5F5F500000000000000000000000000000000000000000000000000000000000000000000000000000000000000000000000000F5F5F5F5F5F500F500F5F5F5F500F50000000000000000000000000000000000000000000000000000000000000000000000000000000000000000000000000000F5F5
310
F5F5F5F5F5F5F5F500F5F50000000000000000000000000000000000000000000000000000000000000000000000000000000000000000000000000000000000000000000000000000000000000000000000000000000000000000000000000000000000000000000000000000000000000000000000000000000000000000
310
00000000000000000000000000000000000000000000000000000000000000000000000000000000000000000000000000000000000000000000000000000000000000000000000000000000000000000000000000000000000000000000000000000000000000000000000000000000000000000000000000000000000000
310
00000000000000000000000000000000000000000000000000000000000000000000000000000000000000000000000000000000000000000000000000000000000000000000000000000000000000000000000000000000000000000000000000000000000000000000000000000000000000000000000000000000000000
310
00000000000000000000000000000000000000000000000000000000000000000000000000000000000000000000000000000000000000000000000000000000000000000000000000000000000000000000000000000000000000000000000000000000000000000000000000000000000000000000000000000000000000
310
00000000000000000000000000000000000000000000000000000000000000000000000000000000000000000000000000000000000000000000000000000000000000000000
  0
XRECORD
  5
43E3
102
{ACAD_REACTORS
330
43E2
102
}
330
43E2
100
AcDbXrecord
280
     1
102
MATERIAL
148
0.0
149
0.0
149
0.0
 93
        0
 94
      127
282
     0
 72
     0
 77
     0
171
     0
175
     0
179
     0
273
     0
  0
XRECORD
  5
43E5
102
{ACAD_REACTORS
330
43E4
102
}
330
43E4
100
AcDbXrecord
280
     1
102
MATERIAL
148
0.0
149
0.0
149
0.0
 93
        0
 94
      127
282
     0
 72
     0
 77
     0
171
     0
175
     0
179
     0
273
     0
  0
XRECORD
  5
43E6
102
{ACAD_REACTORS
330
3ABD
102
}
330
3ABD
100
AcDbXrecord
280
     1
102
MATERIAL
148
0.0
149
0.0
149
0.0
 93
        0
 94
      127
282
     0
 72
     0
 77
     0
171
     0
175
     0
179
     0
273
     0
  0
XRECORD
  5
41A1
102
{ACAD_REACTORS
330
3ABD
102
}
330
3ABD
100
AcDbXrecord
280
     1
 70
     1
 90
1959938040
 71
     1
  1
4E5E8FC1-D5BF-4DFD-8416-C35324BA168A
311
504B03041400060808007882485BAE186D7B21010000A80100004F00000039364539373041452D414430452D344242412D423139432D3535423834364345423635422F4173736574446174612F446566696E6974696F6E4974657261746F7250726F706572746965732E62696E6D51C14AC430108D1E14410F821FE0C16B6C
311
DA266D2A88266DEA452F7AF126D96E765BC876974D8B785BF0E26FF86B7E87A013CCEEC9819779CCBCCC3C920F84D04F08A0680FB081F304F29DE9CDBA6B9E9AD62C343AF015BB9C687B018CC4655E7291E0245302539A5658529660410A4E188F499127FBA03B045466A6473BF8910F9D6B8CB5BA37CBD19D4221EC385FE8
311
0176697BE92F1D21E4D30680B60DE727CDFF1C7993AF003D5D5DDD68E7CC701D15992A722214161551984A29B08C8B12332639CD4A253326A347E396E3BA312EA28A295E9731AE98AC31ADEA0A731A67B84C599A5029E28C8B686847FF3467DEC6A4D79D8D48142CBCACFA399477711CD8EDD7E7FB37F8BB0F79270864AB7B
311
0EFDE93FBAD9F0B66A4DD7C0EADDDFFC02504B03041400060808007882485B60BC01BD0A010000300200004500000039364539373041452D414430452D344242412D423139432D3535423834364345423635422F4173736574446174612F496E7374616E636550726F706572746965732E62696E75513B4EC430101D3E1248
311
0B680FB1051496706C87A44A623BE100DB6E13259196822D5648B429E9380F2D67E0001C210D35CC2436B1403BD2E4CDBC37CF93C42F00F0ED024B38C2ECF1798978DFEDBAFD43B36EB6DD63BD424296AA4C2AC39955BA62D256962592C7CC082522A90B1E27C5D96C248BE0D296914A9992523019479CE94A5BC6EFC4AD89
311
8D498B32C5B1712FDC6C5EDFBFAE3F32C463E47A4CDF8F883DC6909138390096392CA99D6295FBEA000E99137E8B0383B80670CF09CAFD3CE25D9FEE988B590A2AFA9FB3E23DC1802BDBB7FC3F1932D33B104347CA500AEA213BC58E6EEE0A73FD5C3F355BA6F7F5AEED5A5228C87FEE3E8526D9C8022C1CFE059A0F39EFFF
311
01504B03041400060808007882485BB5A795FFE3790000DE7900006B00000039364539373041452D414430452D344242412D423139432D3535423834364345423635422F5265736F75726365732F34453545384643312D443542462D344446442D383431362D4333353332344241313638412F7468756D626E61696C2F302F
311
67656E657269635F706E6701DE79218689504E470D0A1A0A0000000D49484452000001000000010008030000006BAC58540000000467414D410000B18F0BFC6105000000017352474200AECE1CE900000192504C5445818181B3B3B35A5A5A4848486060605C5C5C6464648383835E5E5E6262624E4E4EAFAFAF4A4A4AB5B5
311
B54C4C4CB1B1B1858585B7B7B7585858ADADAD7C7C7C464646787878ABABAB747474A7A7A7686868707070B9B9B96E6E6E6A6A6A8B8B8B666666545454565656A5A5A5505050A1A1A1BBBBBB8F8F8F9F9F9F4242425252527676764040403E3E3E9B9B9B7A7A7A8989897E7E7E9393939797974444448787873C3C3C727272
311
BDBDBD3A3A3A6C6C6CA9A9A9A3A3A32020209D9D9DBFBFBF8D8D8D9595959191912626269999992222222424241E1E1EC1C1C1282828C3C3C32C2C2C2A2A2A2E2E2E303030C5C5C53232321C1C1C363636383838343434C7C7C71A1A1A0E0E0E121212484A484C4E4C1616160A0A0A4A4C4A787A781414147C7E7C9193915E
311
605E464846838583878987B1B3B18587856668665A5C5A626462818381A7A7A5A3A3A1B1B1AFADAFAD7072705C5E5C9D9D9BABADAB7E817EB7B9B7585A58BBBDBB4C4C4A8D8F8D747674B5B5B3B7B7B59FA19F606260ABABA9A5A5A39B9B99A9A9A78F8F8D6C6C6AC7C7C5451AD12700002000494441547801DCBD89771BD7
311
B5A70B8EE04C702641712605CE034890E220088028C93245451215B713AF388E7DFD9EEDB8DDCE6ABFF4B57D97137BE50FEFEFDBA74049B6AEED74869B7E87404D2814EBB7F76F0F67A8835CEEBFA0E42B854AA5B2BB5B6BCC951A8D52A93657A914FE0BEEE39FFE2FF395B9B9C6CAD2D4C4606F4B7FFF8D1B37EEDCB97587
311
F7CD9B4343BD134BABE7DB48E3FFA7A228ECD6F6574E4786C0FC8B5FFCE2CD5FFCE297BF7CF3CD5FFC92B52FFE58BFF9E69B776E0EF5F79E55CBBBF9FC3F5D3DFFB07F5898ABAF7CDA3B74E74EC0CE20230561BF096E97E05712BFFCC59BC80539DCE83DDD6E54FE61B7747DE17FB8980BBBFB2BBD4337DF487881AAE6C5AC
311
C6AF25207877B2B527BFF1CB3B77FA47561ABBD7F7FA7FE146A5B6BD74E3164C7F51449AE95DB412200EC539418717E7F2F11B376FF62E95FEAF1442BED0581DBCA1BD2780D23F506AFA16E1A7AD974EF17876F00DD7BCB187A1A97AE51FCED5BF2BC1F2BBE5B3C19BE27B43CF26DE00933658FE129B109C2FFF922CC22C42
311
60FA01BEFB462A77DEBC35F42F600C3F5B0795D2E9E02DAD5E650B4438A92801B65C35CBAB7B1EE5041CE69D3B6F1822DFB873EBD6AD3B6FBC71EBC6C86AE967DFC2DFA4CEBFF1BF54F6276EBC114E2F43FEC60B01A0D440A868B2920E5C4BC10D60931ADCB871F3268B21D3851B08E1D6AD9BFD4BF57F7577909FAB86F29B
311
982571136AF01DF5FE32AC3BD9406CAAF2440A54CF176EDD01FBADA1FEFEFE21FE4C9858DFF4183458A9FD2B6708A5A5A137E0EE1D11A9EC0C7C58B2C73C0AD6B479BD76B7790CF899E287FA5B06FB7B07C9195B7851FA8794031EF1FC5F9406BBFB23375420286399B631E93B08022A785C4DBF9996EC3551874094D71B6F
311
487E80F6837E50F483BDBDBD83232323AC420A18C68DA196EDDADF68A77F938F78FD972BABBDB7B87FB164AC6FC2CB760365821ACB74AED44FFAD7E7431ECD7E08AC421F391D199998989A383D9D98E8E56F84A318C58D9BFD2DAB73FF5222C8EFAEF4DE7AF30D756E5108683DA471E70D0502099A7240F19E4089D3FD203E
311
620F1B47BF43501E85031AE44B4B9F2E4D2D9D4D51D8970983FA861B3706FF950CA170DE82F6B312CC4F42C8966295F7D725ED29882415DC055F36DEA1FE96FEC141493F05FAA9A9A5A595B333DED5B3D5A533F62183323032F46EFF13EA0AAFA5FBF7C8976F8C10F7280A014832593B90004D52341980D907EAEB73411EB2
311
F1EBC9F507F92746C40E7AE0AFAE54292BAB2BAB67CAE0746264A277B06508168C94BF772BE9765F7BF0B548FE1E07F3B5A521340A5CB5297C4B12811B89E82191ECF3E41B3259C529F135E23CF4C7F961FB13537F5A02ECCAEA76B5BA5D3D3FDF3F2FEFEFB3AA22053E5008833428DC6C59FA2F770595F311F235D427F379
311
BB8A121BD901B96076A388DC4C3C61C7933CCCD770FF375A6E0CE9F535FE2534BF5ADD3E3FAFD71BF57AA951B6D4CFEBFB8864758A26154430080B06ABFF557610ECC93726224F155D1471041E0D42F82F4891C926C1355B0831649FF365F46FF05300A7A790BD8ADEEB0D4AA9569A9BDBADCCD56AA55AE377F5F3F3EA2A34
311
983A1DE91D810543138D7F28E57FF4E2B5335A3928B76EA1CB9B00BF158C8F63A2E788826896D0B5E7C461949ECE089144F8EBEFC7FB4D8C9C4E9DAD60F7FBE572B416C2F2423ECF8B86C439E450DA970634ACFDA977629098D0B2FAF313A36B3869E37AF7853378CDA1171FBEBA95DF1E44FD5144A420588641B0055A79ED
311
91CC0DC41E27064512FB33F1F04D09D0D2DF0203A646A6CECE80DF28356A348CED8C4F1EF137B9319E1BCD29867CA556AA97F7B757567006A447FD375A26CAAFDED9CFDCFB2BB0BEEE8AA5911BC2C7F85DF88A3775389990AA72219D582409210F85A4E66F2987D875C30848023088FDF77E87F96FD7CBA5B9DCCEF4F4C9FC
311
7C676777577B7B7B67E7ECCCE4E8DEE85E81A6D55AA3BC7FBEB242589CE8ED4770E785D7DDE23FF2587EBF57F50B9E820527316488E5C32D50F979BCA58207297E2B6D658702FFCD211840FE43FC9F3A5BAD9E97E6F21B9FCF16BBBB3A3A5A175B5B1787875B5B3B86DFEFFC687A72674F19D46A8DFDF3EACA59E405375ACE
311
76FFA922C817CE86A89BDD92F400F2C55B7462F610459837D3A61ACF50C7471C8F2F2A9D38C3DA2F068007F80EFCDBFBE5DCC674B1D83EBCBEB8BCBCBC3ED0D3D333D0B3DE33BCBEB0D8DA35FBF9F8CECE68AE020BCE61C112A4C1138CD47F9AD13F7DC6AB9CF9CFCFAF9D0E01FFE6CD503F5B91C5218E2899CA1509871484
311
8B04FCE5654884ABF0E554F11F6C21D73D5D5AADD64B7B9327DDAD8B0B7D7D6D6D07070763BC0F3E38E8EB4310EBEB8BC3DDB347E3E37B5842B97C4E44A0C630427E5CFDFB71E03F471E12CA9FF70E055AE141042DD81234B879EB4606361D9328149037D7D76A571A7E974FA20AD0323832713AB5BA7ABE3B3E3D3FBC3030
311
7070B0B9B645D93C3CDC3CDCA41CFC6AAC2D64D0D579B4B1B397A7C1BDBEBD7D36657A3CD4B2F44F4909F2B9CA597F4245C59DEC354316F0587020D0C661742BC02869435FD12CF195C422DB3C5A3E2305C000CE6B7B27ED8B7D63079B5B5B878787C787C7C7C757C76C51B60ED60EDAFA06D67B965B3B672677080BB5329E
311
60E9B477847AE2E9EB53E35779FD37EFCD2D0DDD68AA355B6B0D81860502B8B68C801F5C697E9AD62F4B406244CB975560BAC756AAA577675B07C6D03778C17E7C95CAF1B3ABABE3E3ADADE3CDB1B1B6B681014470343EBA979F8B90383545727C63E43549D14FD0F927E5F1FDEFD7263058FE02EBCD1BDCBCA053496BD58E
311
69BC44F9F854D4D979AE9ADB908824382AC1D4014E9756EAF9CE85B6B54DB01F02F8EA5908E0D9D5F1B3E72188C3C3AB67879B07C8A0A767B8B831FE5E7EB754DEAE5261460243FFF07858D8EF0D658BDC563A2C5EF5833C13C90B69248C4DD97842B61DFA7F210A2F6108A0F96B62E2D3B3F3DD939EA47E30ABF5AB2B903F
311
4BE5F9B36757CF65021E616DAC6F60A1FB647274B4B05B2E5341B082D43278F67D8DFDA48AFF9A13F22B34C7586C9992BA6E66CABC190E313E7C811AA57304B421A75B289B9D174CC868C24548823E230B9A5A2DCD2CAFE1F98E61C015CA7E96B083FC59F3ED06EE60F360B3AD6F79787ED278D0A86FAFE00BA9220EAEFE1D
311
5DE1F7855939C3FCC1332426B377F692406E022C010DB437EF009803F0DCFD3B7C94440571D8F2C328F115F47FD324802070BAB43FBA80EFDB92FCA1F7E7CF9FA875CBB327CF9EB08C4DE4815BC4210E2CB7CF1CEDECEDCED5B757490968286899FAF95583BF46F9393CEE6A86D6F618CAAD9BFF0BE22B042412C5CFB50556
311
815CC5BBE33E9F61ECEC26A9BCB8145FD10590078F9C9E953B513FAE1FE387FAC246E14F9E3CE7F5F8194BD6594140876B6B84C5D6799C61A16434201E5237582AFD75C07EEED9863F463284E2E13425A036BD41061259289B6BDC1ED656FC8B8592C9D00701E27CEA749F0D8EF44EAD8C1F80FFF8F8F9D513191F6803384C
311
800097F24069C407CFAE88136B7DCB3D5D4A60B711F19070D83235F77331FD35E715966889038E2E0B346EAB7936C4162043E1A1F144093695443A570144898BC4079CEF1912809A3035A1D3F361235F90FFF1E3E0FB93C7E2750719F88E7D8E68123883ADB5B18185AE99F1D11C1238A792DC4BEDE8EC6FF503DF377E0445
311
F68FAF4E08D43082D02170F30131A154206CC559A8D9CFDD762B31273E4947A581E0D9BB71E33FFA07CD02CE2A6BE1EC80167497F2A81CFA3F7EFE58D0CF5D5D170DE4F89070B0BC4040CC17BEAC6B0586C3D3FF0309BC06F44B04A1E13729929B4DF73C44070692C810B08AC3012E8EE9EAE22067796288C193B2139B970B
311
86F47FAD0F98382B1E035D9C32FD318A4FAFCB274F2E1FA772F94411B0CD42493C23393A685B5FEF3E1ACF554AF5F3552A478383374E6B2FDDFC4F6DFE38F4F4ED7A7FE838F488EA852482F412D3CB07E293D02C9F074F12E84C5AAC423271450572A385449844706475FD38DC3C22486A0639E5F1E38B0CFE93CB4B25910E
311
F309A2224BD8DAD40C682C28341AD69047E8539A6AFC14EC573F7FAD10AE0FE6EB13E87B28E093B513B5803514DE408809BC12A14876DE0A25F643009E9176D9F0C330164285A7444DC8CAF0E9FE41429EE0A2F6A6DE91C0856C501272404A8468822E24C807030B1D33D40D4AFBDBABB411D093D88C86D7205E05FC57EDD1
311
F805FA4CED5920F0CED39157E007CE21757C5DE440ECBCB46CD283E378029B43FB077B4F47E60E9F61E8D01BE017D7E843EB49F50A2028F1E442FCC90C9EE308E4C0C2C94EAE30B75FAD3A0EAFA57FE9EF960F14BE15638840EAF3BA490BB6850EDB38EECAFD21A0C746D0C4234DBD035EFC7EDD121FA585FAB73DB89FE6A0
311
3CF833AB0730E5E2F1A36CE3F202A128934B44E396961121E1F2C9F32BFCC0C140CFE22C1CA8E109B182919696BFB98120234F61B59F7BF46EC30CF067B21A33B0FB3E402448EE266CCD93135A8E823DB31F85E677434E608F53F8100BC0098EA2FD6BC01770E0F2F2D1E5452A711C4BB8486248FAD756D852026B6DC90A2A
311
A5C6B69E9068B8F27AFABFFEE8AB36F1D23985D5960014FD711940800B560250D2272CC54FF1D3A660B275AC3881E349689C1616E1E9044129D032313509DE4700BC867C71F128C400159407C761022BA8A040F40A244788808C60B3AD67A17576279F6F946923191921B0545FC2F12AC0EFEFBD7262B6935679FC7F806291
311
60ABFAEC88E8430E76D82A8DE62ACE50BD4A42FBF03B387B37FD321B37E31C3F063D99703F5160E6C9E5A300CF32A91E0A085A29C0FC507F6C21012303C6104B82C1F1E156DB3229D1A855A32A8352C9077AF733A0AFE0FB3EF81FDF2F0F82C21B0EB06998866878B103305E31EC17F4FD43831E570A2118D1667632D4FFFF
311
B125782F96168A833DBE78C3F11F8383A79D49F58F1E3DBC780417AE6581381E8610604888E2913E12492881274822C221AD04CB0B1D273B8542837460898C686864FF6F801E8269F40AD0481DFAF5E6E9C1F3BE391C325004DF0746A4E4448F7B52C0D5EAD39EC46896B888C4210D68E99DFA2820DF7FF850EC407EB55C3E
311
BC5028611409BFCB8889C90F1C52355AEF98B18100094C9D0EF6F64FD47E5CBF3FF5293DDFB4B50DDD54F351446FA1F14580DC3902C085F593CB24ACC917B213BBC11B3F0A61042FD8B24F4FB9C4556D0CB9E1A880DE89934CE9607F18F81FDD950DD0E1D143F41D56110E227C250621FF098838042BC85B5B6BCBCBC31DD3
311
7B34966E9FFD9936A2FEFEA9EBA4182E5CD3E17AE35501FCE0707E5525A7DBC64DFD077825BE37CE0BBE1BBEC061410C660B6E49912665E2B3749C7C9F93834022F74CDE6CA5EB501D9CBC04B768292C5CCB84478F3CA83074092C6082169015E5800D5839DC6C1B58EFE83ECA513BDE3EFB8EF1242D2D4B3FD55AFE03D42F
311
8492AF8A3F21444FA2FA9ABBF525EAF84C09F0168527B0138A85D1EC0443C467B28BF844EAF76323BE13D7C11F72FED783837B970FEFDE7D7817E077C17EF7E2A1C2C0FE851FE4C008388C15E818958746129E1009D054B67530D6B3D8DA3D59D82D9D57CF70039FF50FFE0DE94089DB269C3655A4F25B38C49D0BD48E59F1
311
526887C18FC5272197F85CA72862A593A4843CD25F920487DDF7AA0441A2C0600D062001F103FCEEA3D8560CEC3EBACB01CAE5A51E420349F602191E5F901893142381351CE17047E764BE50DEAF9E4D8C38B6ECFFACEB141E54A6865A88A60133EE9CBB4C256930B0B168C1C3AB59FE1743FB422C7166082E934AFA5EFA3E
311
4BCE0B69362FA7041818B7FDECE1DDFB4D022007CA23E521F0700AAEB5888BBBF08023E128B4045381542FA256B0D04E28A0C3804E233A1BFB476A2F48FD135BAF9843BEDA3264EB42BA499601F16B566E72C7EA35908ABCB9176BBED43204C696AFD3D7B24B08D3AFA44BE243D88A6D9D0B6562B52F741E1610C0EFBBAF2B
311
0829289A640EC4C8A4FF66A24430786CEBE1E1E61AF9507BFB496EAEB64F8F49B4129EBDEC065EC1F8A3F228A3CD0950883B41BEC6D1944AE06147289600A7726313AC69A3F91197F1438BCB743E76F01F6EF1D1C854071670FFFE43FF1EDED702EE5A14C85D0C42DF90B86068800659AC88981855E3E774A71C0CAC2F7675
311
4EE7CC87C808D1E1E0F6CF47FD4224731337BE1E39C5010823EE997B1491BBD99FC8D8EF77482BEB5EB2CF66499A8E0F7511B19B3EFBDACB6507BC78731B1B383D02FFDD7BE8DD9256F7D0BA7B46015941097B80018F700FFA024CC08078F51806100ADBFA163ABA8A3B95B9D2F92AC30BC908ED31FABE0CBEBFFF0279B675
311
868F9AA24E9530B08C174055B7F48E4F58002F3E82F0BDFA003E8B431EB6C4A91E4D9B5FFB791265BA8827BBE5F1BCFA7F789F72F75EC800F8AE43FFAEC42F13009FB905A9A0132015D0068ED7682AC608BA6771038DEDB3B33082891FAB1ABF5614F93238079726B833958796B845B731FCB86316713C1DC581B1E19B424E
311
E32674093F80776F7E27C6FBFAC85C536CD955B96EDA2A3FBF770FF4BE11845470EB3E42D022000E0FE07D161811020742162444668308801E133A4C163BE68F6826A5523071CA78B2FED51F28F8C70FE4190073A3E5D3259D7A288CD19BDE623F10021BAB0C6E327FD507B2741627727EA00D31856492F9F009D7F152D930
311
704E642795C1C1B336E0DEBB7F0FDCB79318543B25341F36802D64A981A690B94259607DE0B19D466BF8C1C5E1CEF9A3FC5C639FD6117B4BAEAB453F8EFBDA500A67E8BAF76C8A06566E36EE1184E8329419161F83D843D5DE7D8221163E145F56921C3EE383978072129E290A9B7166E63D26BAB1FCDBF710009E40518423
311
90031845F20077CD079407C575F20364C4910ED2A574BC357630B0BCD8DE39335EB175646A698458F6A346F003A93002E846FFE0C459B8006E506D79BF902908A0AA05CB5E73530E33BA1D3C2EF99C712B7C8B41DF4D2A7830BE8707485FCFAEEB85A09AB6D39BBF7B4F23E00509C20DB04E240822A4B810E04D8D53D10D50
311
4C059ED86BB8697F514777717A8F8144D48A4C89077F7EDB00E2D89DC02A7B975640A282C49A4AA84B70B12BFED8EA6584860DFB7EE23FCB00C6BAF7332FF259FA3C9346508813E372F1DDE425065BB61FDF8300F7EEDDBE8D0C6EDF46F7D8823478590AE23759D60DA6B7A9F125EDE8F4A5D2B37470D0B63C30DCDE3D3D59
311
A8D1501EB1B0A5377517BDD6E301F995E3F955F0F58FAC2E81CE172A8344AC03DC6781939D2484B8FFC15E8F3ACCD3954CE19576B942D0A029188EC7013FE59AE90B71292DE774F1F63D60230180B30A2EDC65291B6211B4081128856001A680015CE000708254891851D4B3BED0FA4D7166B466BFF1D2A924885AD12B387F
311
C0FCE6819AC3AE06A7AA4B715F0927B74D119D4A668FB54B8A8C268D8B038A207D10A7B1E95E42195B695BE0240F7408B311257C23F581E987C180140C584A02B1670CB817CEC0A080F259F1360E58452013200E3EC107AC1DF4FD7B0F6D23F33347F9527D9F51E6138E31AF35F1BDAAEEEBA3D71BB402E2FB47CECEE96B4D
311
B85536772B07C82A34F3E66D0BCEC207FEB9E70643761276F7B50D5EE963CFF80C7AF4A2130F5BF8C4EBFB5F07B709840480DBD8007FB7EF3F90104908BA457D43AA2A6A02C91422285E5AAC143F3313A0CB74D9D164933B86C25587134E8D342B453FC982860D09FD13ABE72055ED020E85D3E312F74C25CB0293D978A1C4
311
001927C80B86FD06349126EC219F0C735C8053D8F5F310817EA01F1B7851F406144C211C6362C27DD51F1E310C0102280ADB891E9B085CC528A2B1369A46BA195B9A2B351862CE43174BA73FB7CBB430A5798F4C54B7333B96C3224A9863AD02B9FBD8E63092191924E77C199D92887DA594B6DCF0112857162FD0949FE6A4
311
41F5E62E42FB2105BC405A2301A3424601DC807912CB2C39C604A27908021CDA30C4C8C2019A883B3A8BD393BB3546136EAF561980FB63E9E035FF73B96D09A905ACB2C11D79571C5159026227DDBDB81396EB03F14100BEB66DE1FA9EF82C3ECCBE318119C4269FD014E66361FC8BB0B4EA9A98EF3D8848A0136043028433
311
5004C183CC25BCA82D2302EB03B8419241C64DF4F5ADAF77B533BE786334BFCBB8DA72BDBEFFC36103AFB30608A0B39B58D93F0BF42180841DD26BDC22CF0A770E90240006BAC65197D90920131C7B2EB3CFD3C71C6378A305EE8488FC1FF8D391E2BDDB0F6E3F45E7C8207C419800DB410073A3173942CA8D5242642A7449
311
6FF115832A6314D9FA4257577BF7FCF8F8E8CEE8DEDE5EBE76DD3CF892BA7FB8B90F629431B5525E92A15A3A4A6FEA3FDD73136172060959206591F4C927196CF645AA285CF3014630121754261C0D31E1A7E3DA2DBDB54B04703BDE3A4209F02045C4BB0F529A14BED07098A2A1CD47513DA64B512F409BC01663090796D7
311
87173B5AA141B1B39BB470EEBCF1E30F9D263ACC4D05110797CEF7B923B027F089F74D1D06F0A4D8C0CDA6604023FCA45B76C5CDE0BF3845ECBE13E0C0ED73700A8A753C1AC8AEFFF1B407FC8A20F42F0D94019121DE304077A027D4112283BB8FF0072444D68AAD111D6F591BC0061854BBC048EBBE9E81F6A33A95C21BFD
311
13AF3C7E7DCDFFEB0DE8903F77B41DF178E99C289895B0EA8CD640549D68935BA7C5294E0A1D66DA0CC419BD398E6265789CA1241441AC94532A3C19C95340BEFC68703077EFC1D307B71F3C500859C11494838E902203A2BE90EACC5135B80B078804340C920C2300BCC06F7A1C71B875DC572C9BD1D84BD5FB9363CA6BA7
311
D03E5C40FDFC54FC23C9B4B9DDD028787D89219038523BF64E638BB37CC25335937A00DFD32869C5B390C8C32FF25C8C47A7181B4A599A224A9DADB0E0406FEFF9F183B7448F081E3C55024FB33828784AB61704482CD0160C04174F9E33BA9291D58C2F1F1B1B3B5863B0D9F3E51C35C253D54A23E560E2C0CB3A6F7A8138
311
2601C2079CAE96B7B1560D20A341E85A928A4E01083256420576C2ED477E2E565FD9223BCC691CF394D3D8E281501E0EE5C1C8159E92585D255CF30CC854C75318006EA4A01028EC853F9407C6053910BE105348324002260254886C156260F9189EE0F8C9A3CBAE9D5A992184568A69D5183A7DB97DB089FDC57AEE54F858
311
FE54F577DBA85309640290F2D220952620750C5811FB772A7876D1E4040FBFC6474D51246D8B3FB378283FB514F8AB3C20B8BF7DBE5DE541C9A5D3D38DDB30E00151E02523081BC89C2214103E0BC1B3D0199A08E002681A2613A2616CEDF0F0F9C5DDC75DA395C25C0309C03DEC8091A4AFD3FEB504AAC6633930556DAC86
311
EE3561941E862C4A75DD6B6BB3A0C59BE153DFA73EDFCBC3CE2188D3D378FC976D0EF9A95B7C8532F527CE3CF539581E0FE501291E9139FFB65EFF5DBD8E0C18DE3077170A64E033FD278F18068028802F156C3809FDEB11B1019C208D020C9BA2870457F0F8E1FDC7EDD393E3B9FC9C4308E9315704233F960E554802C147
311
16B0B45DAB5EAB5E25AB7830EBB8D25E6CA94E4AA01794FB1EE164FE9F040FE82C940A4BCEF913075D087E85A7237D3CF29C47E4E676777779528C4781761F0BFBC1D3A77880E40C9A2E5109180D5255317890394229F0F082010354082D574F1E3FBAB7D6553C2113DACB97BEB5526C7C6F69F9310A94C46CD89FF8F379AD
311
1AA035FD00FF3F320180F01417A6F255A3A8D86319FE0C0B0E06A0DCD33F79841339C01E5BBE1911AFCFF7C1E0A540BFBDBFCF2372352686D863F83F59CB6865F43104007EE06F52406F680341102048A01BB048823082CBCB0B6AC48C313F3E7CFEF8F2D1FDC3D6F6F9F9D9E98D9D7CAE5EADE2A6512FAD7AB526E17F600C
311
85550DDE9ACFE9D97E694513103BC69F8A2813176032C890C1E9C49FC09C61670FF8705B1D7386260E7C8E7122C7F8208A55139E8C8D4763F7EBF5728DF9C34677364E3A3F9AEFDEC9CD95470788834F9FBEC512379890B38C94205B2557987C4186DF5C0837608DF0F9F3CB87B7EF6E920475752A01460E556919B2B64296
311
FB9FB70DD5F47232A0F77465BF140CD001F00ADCA175090E2665A14E6329B62660E02A1CB50C6025E3DA252A670B3F0FFAA5EAD94A509FE7036B159E0D1D9F2E76B7AE1FD5A606198D3A747AF450023CBDFD162278B9446688111009B4029B0F2180AE20A542D40610C073B47FEFE1416B2B12200F3C991C2F54EC2491027A
311
816B0A34A9D05C6F437AC23462385DADD75642EDDA738AF1600DBE07EE8437804D2D011A94DF71C2085EDD40266A407FFA1D1C00B0C03927E60338E3B9D8C47D1F8CAED578E06F7CFAA4BB63B175FA7C301B747CB377F45192003CB8FD34B12009224543D8604494011A80C1903CE0518C986208E1C5FDDB8FDA161686873B
311
BABABAE74FA637BEA894A44078C19696F326E057D7F95D061A6B0394A9D5F2DCAAFE4C2388D8A6E9AB7695CB0BDD0A332430F1A9333DA41D1FFB97FA09AE84E738C75C407C260408F8DBD5EDED7DE1570A7BE333C54F16963B46AB0C2B71208EA3D16EF4EEDCD7005241166C005A73C03164792151205C007288AE337B4D71
311
03741BDE7B7AC913350B348B2D767515674EC6F72A0402BBCB41C81305AFCF05F2758D3ECAC8D26AB97606DB9581A4B7A8FFB068CD5C0604E6849046B70C2B60FF0CDDF93C13822B4E82FA0479A68220E66D9FD775FB3C1A9CDBDB9829B6AF2F77EC9E0678FB20ED8D1B1A1A39D10F9812E20D6281F5673121AACAA9C53424
311
000DAC173F7E18C3052EEE3E78E7F1160F5AAEAFB70E0F7775CFCE4EF384DDEEBEB9C0889D5243BDF557559FEDE5F17AB21E118C4C31A3DF6A96B56AC62180293910ECD6B721047664BCFCC6B2DD3C65CA0F0C823DFEF84083C7ECCDF05898EEF158F4FEF97EB9C123F1B9D1D1A3D9F9AEC5F5CEDA84A3C96C14A55584D628
311
93D6A54D8D2028D05C8B1F124884543F3223B29D208B04910D3FC43F5C52196AEB5B5F5E58E8E82610F08C21BD443801233C0CE8BD1E40F84A1CA86001990048031ABBAB11EF83F9283EA89F181F2A0D9A9F62D94B7F625FD727E6A93F63F200F614F7CF100D4511C07DB45FC5F0CB4CA359ABE4774631FDAE85E599EA0878
311
A3C33D5AD6430CF4C055EE5FDB80629000D7855DED3F436F3B61B3DC7FFACEFD2B1BC6FB0696312CFA477CE87A87070C7998E04FBA78AE3F915A065E819FCF35B410321D9ABB308146A11AD5196CDDD7C477A171C8AFC74B45CBC6F641AB53C8D4ADA5870C02379BC0470CF83DB55F073E29CF5CE5F7A3F8FD62EB7AEB1774
311
C2C6780B9523F9287193FD23DDB79FBEA513B45200E2E0C1B51350163AC19043C600F2C1DBF7DEBA7BB9B5457BC0D840CF325EB0BBABBB786D301437000020004944415472B491ABCCEDAFC0591201CAC8EBFACBF367FE7B6E40E69F551BBBE7123E3C00AC560CE20C62436E8C3C54CC225EE08C0D74CE26148877689EDD00
311
4FB2BFBFFFBB984035373A7954EC5EE8591FE531348654514DB1D1C56411DFA2A7C212BE5ED91278F2851A432244C6822C29C85A8B320ADCBDFDD63BF71FD32648E7D098CD018BC35D7FE89E250EF2AC75F96C15271602687965C844B8807C6E7729D93F22E81D39ABD62A0820C1FE9F11CFA7208125D33E96FD69E83AF605
311
2DD32D49FF0802CD9F9DFD39260389A950887A647CCC99BAB17132DFB5DED35138FB3A060F6295AA5E195BF0BB56495A5A4A8FA440026E46A047D40ED2520A441C302D240F201FB8F7E0EDDB0E12A04D8816215A0579E8FE1B1281E9F19C9900DE79842E2A7CCD48E9876EB01C75DBA0E0C8D44AB5512947A00BE7CF5DE9E1
311
A6A6BE43CF1A78783DFD5A404E4477336C1ED8B18908B2A847B2AFE9839E891137A6673BBB96FBBA2A4B8E9373B001F08369BA11BE8ABC4302FD2345FD6014A127068427D007BE28B41D9B0D40FFB7EE531FA673C8870A69135B1CEEE8D009C08042A5B4EDA314920B635BF941E7487E45256439DFE9D276295F87E698389C
311
D49FB394FE19720412DEDDC40E9CE9C6DD605E0B719FADC416CB15AB3A61F9B5B9B9426E54F81D8B03DD950946D432B40CEDAB7BB5AF11213CBA73C9BCCCDAFBCF06127C7980FE6D1DC9B4DF14832D6568FEAEEBA76FBF438300B541064ED33F3AC0B0D10505306FD370AED02859234402F6C3FED006766DDED2034D90D119
311
057225EEE3DAF787EBF30EC51ACB4F551678BD6728E1944730C095F13E4D81A4DFFBF67C5BEE37E62A85FCCEC6CC6C7BC77A5B477E22223ECA4FCC0F87E2A5E3EB782BDB25B8CFC6736A044DE5A7CDA604526361D650484FE283B77EFBD65D52C1C73C4F48E7D0D81ACF572F2E2280F98FB230508FA906B42DE240ED651B30
311
1CEC83DE1790C9FD96B6CBF986BECF3BD332C18EF627A0B6EECD5B152E02088D03D828AFFAD26B05BF671B4F9A09A8CE0CD2707F67F2A4B3BB75B9ADA331C1305BBAC182FB4A79820B7EEAF73199B8404C0B81231CDCBB871B80FC41FF5860E8E108222A1A076C29E6E03B6F3FBD4F1F295DC457573C7ADED636D6B7B8C884
311
13DDF3B327E1046AA51040B40CB50C7E3F1D2E44DAD34CFA604029BFFBE714DF0C069908027EB275F1F366C132E1A7450B04011CF82B2B647CE754F650FF6E25BF37AAF65B7BDA16CAA791F1D09F6CAB989EC5AB7809BE145FA459E8D3E4B0FB47DAEF093B946FED585B80FE1A0305FD5330FEDB4FDF79FBF6BDE81D8300CF
311
6815E5F9896552412A03F31FCDCC7CB5E32365550CD9365FDCCEC8752E943161D78047336F8AF6539840A1F2E764FDA2970999F205CD2BD1F5CF496571F76EAEFA0E1CF8FD2A55FD06391F9EEF8B9DC9994E72BEBEE1FC928E2F223EBA0FBFBFB4F2DF137BC894B8087643D64ADE6EDED67F7680FAC9060239E845FC94AE93
311
D880F994FBF71FBCF5F66F9F32C292EA900F9C1E6F1105E81C5B5F58A067A448143842008D7275EA3BBA3D2516FDF02FF79260020D6B3C714711F3CFB61BFF56A826E627E82256F7400FB387FEF23C1C1E77FD6A21EBB1B2B35F2F95E7760BE1FA3ABB3A981423477517EEE36FF96F122B942F6FB64D9502BD1B9089162532
311
A2FEFED255028FE653C9F46FA321E0B588B7DE79FBED07C44106CC85133CA65190543004D01D02D8181DDDA5A9C91A7110805B7875B689FC3902200FB192E7DFD936B37B57D9C338BD49E99E181F4E5FCAB2ABC1CA7AAB382CBC7D515457CFABE6FBC63D525E5CDF74B16378B9AD6774A58531912D232DF01BAA913DFB7D3A
311
AFF912984302B84D0500077800D26C60A4742101DE420C610C2E92FA93056022EFBCFD5BB6B38651470CD33BD87630C05831BA864C85997B8754B05167F0706499DC442FCD22592AEC2ABF3FF13F950039BF159FA9B36ABDB2778EFF83F70972B83BFD3F4899E64DD8346AA495CB155A7499F2CE39B0AAE755125EB84FD8CF
311
8D8E4F4E9FB4B72E8F1DBCCB98B31BC4607C2CFF21C8145FB48EA0F2159F86A3098415609554DEFA7B27EF1301033DD06D274BAF6821D220DEF96FA4CBB60B3CA241C021D38E1AA76B4406B4767576166766A6C7F77273F5F395291BBA19F64F2E3095C14F3E60371827741CB27E89543857D6D96BF9A47C6A9A2605784033
311
2EB843717AAD171880217B71FCCC0355AED3D4819911F79D0EA8AD6DA31A83E36C5DC2D470295C011302387069158F6C9966022367ECF1D00BA9BB95C389AE7B6105A1FB640689033A7FCCFFEDB762189103A61C3A4FEFE0D6A6B5A19EC5755A443AE78BC5E9235B047890A65919A0D2F96AA3C01CEE913BB3ED239C3E0CD8
311
DDAB99E4348BF3F8B977B6C43DEBEFBD7721A839A63B94C06A10DB87FCBFA3C2932F8C26F88B6D6BB30C3C4E09AFE40FAB52EFAA1EC0316920E031A46D65A0FFE45A673432E907FBCF86717AC04F2CD0EF512D665FF53F05BFCDC43489F150890C60A8E0314E70A06F619D30D841189CA15D3417F3CD50191AE4396543F0C4
311
2BCFD696C58DF163F5B46D708BD5FDDA5E5E5FDF9401BC4F7E00E8A17520833D1CBFF495B5D1CE037C664123EEE74737268B5D1D3DBFDA6AAD8C08DF2C0BC7A737E10AAB2A7B958990CEBF556CDBEE823CB09FB344143463C630CFFF585D330CF0320E921744A7918280FEEF981161008E9FBC78C830217A07B7D6985E83F9
311
A79884ABB5AB383B4D7D788F9FB3D867A2112A43F19042B33A108690CF6F472F8661CFAC971478757F6E6F2F7AEB82FEA85E5715941778B278281F28C268AB24BDB470EF3303E09C359E9DF1CF990D8A096106E6A66C8620DDE7D281DF0B2831F20439A30D68386CE13E002F7EDA8D7806162B205D6A19AA1FABFD6B1B400E
311
C2BFFDD66FDF7E8755B4883C043F43046C1326136680404F1F934EBDDFDD39CB58A98DF1BD7880E0532E671FA1435E9D6EA5E9071000BE8F262E7C4044FD95D5FD526EB40A05A634775F32205C3D779FDC168CD5E56BF982508BF572BDA4F6F57D3304BE9EB18149461B12F760D7485891CA47CFC44909136FBF4931716A2E
311
100123FC6CCAA6A644F25EDF4AC980B14039009BECE8B798BF69A05DC5B6885CD23F8E13A46FF0C0A986D617F001C52241801E87C2974C31411DA3A5D7B6175472763D637D3E57C33B908F867F4A59CFCA7923375E5F027A983E18BD7BD4E6FDDBB2250C1529F4202EFAAF979DFFB1F2612E87EBEFEC58581EDB9AA95AD1D7
311
C1905F7305BF8182D5BBB524D47C4E3B81CD843220DE1E6536497C0962C225F75A2D6A998303B23FC501F0B3F736EE1FF01200FC8C99F5515207C9C40081DF304C0A17D06E26CCBC5B3C47459308178301FA8057C2C0AE9D99B05F038828B08400F2E3251254DD7EB8BC4853B101F99AB48E387457C96951E5DB670648BAB7
311
0A7B04FE93EEC5F5B183F9739C98952C6845C380D401B8FC86E70A20744EC720E09D35955D96A9041720196D183AC2CFE6AEA816652D0234883D788BEC8F5DF2615261DB031C2381092401B48D8D2D870FECEA9C3D99DDB036C8A051058030E32190976718C89F031DFBFF2EEA3D88606A8A19BD0AE305BDFD12BA4FF46F1A
311
0002B07137989C748936E9DB2C91F43B07E4E4D16C3779CF5A4FFE8CC981F07C29E34B7C012AF0054FAEA4A6A3D49D3A16D2B3CF220A029003366663053C89B3FB1827080DEC2780076FBFFD8E39810CB0593CC68B5D9009F2D400418028B0BC6CC74067E7C9CC0C2690FBB084AA5254A12AF63543B35EB40D17B693F7E346
311
4D5094C00AA9E04E0E0524F5C35C5EC6BA94B21AAF2440725E2A9FF94FE7A8F0E769EB83FDEB039B631B18BF396F5C13CF89ACC02C387DA56DC3B1CD84B96CFAAA37B55FE723B611062258257D331F186AC93D8AD600B4FEF4AD777E4BF68F2168FF08C081A37AC13446C859964803961928476D78F68419390D830C1935B5
311
C2A0A22A3AB17D3D6428BF12DC373B8D464E04C0A496BB3B3B75639DCC2500E0F0B15FB6F47B5A7ED0183A87CAE8D535F2EDBD4B3B7FC762DFE65A07C30B2851DB890082ADC07131EEEFA3DB7DD5CD32C0860CA83CD4B7993A175F422A8149B1C1D94C1145059D9C78A8A572A90B7C8B1E3392FF77A80C50220880FF366900
311
4E90F101740D2B808181455A044904674E7482CC3EC85C4BCE339404C0B0BF6A5611E4F9B8157BAB6DE327EC9BFBA1B4557ECB609C1F45326499EFB90EE78F18227F09E563C9E63D847EDB3B68EB9C39E95AC4F7ADCF7D87F6752BB6912040281E4A0D8A8314E80D60470999B8A51FB1488A66A9F3F81FFA61C83F4FA6969E
311
472288FADFD61B005E0EA4284822E018911828E868614DA0C36E11F3A051070BF2F0840E35F200E2C0C80A776CC9E7E6841C0503D0EDF15ED9AFE527E798D23BEE5F0604E58DFB7099D739BF0BA5D332EF29F1535995BDBD0DE681C4F71DFE6A7AC5A13554AE6910963E9ABC9A0DB5B202225545F5CFACC942B5B93C207352
311
B6E5310BF349AF200175D7DFDF78F6D683B7C87E087FA9B35812C4F8F13452CED610A2207541E6D659A739441F3833CD0C9C3C3DC2B0712F62333C4FA9327C9CA1124904B4FDE0FE21C119776CB0C212AAFBA5CAF80EB43772ADFE77CD9FA8A4144C54C2FB2304C65F62FC3678E4F6C68F30FEE1BE8383CE7DB86F58B1AE0C
311
51F0F055E188D02F00911DDB0991832228B3172B3E623E513FF1734FF414A611A603163F401BEA790FC9FF7FC3FD3DB02DC00184145B850D01D120424DC03C00FCEB7880EEEE939399F1F18DBD4AA54C939899304D913CC2D5CFBC55E50C7FBE4C0E14AEEF53D6843DFF56BE2D554637EA047D3C210E2C61077875FB5B40E1
311
9F43AB7470CAFE1C0D3ED3B3B4778D1DF6D4F837C08747180FE8394F2CA1E0A46B6DA62CE2B2DABEDE0B1924098580FC16B369730E9E90541D3730D47FDE16EE1FFAD3419CDA05ED1F2715C607F2E81893AFC5936303F40EB776F1D808BDE393A3FA401E1C706E154C892860AD74A2949C409E28A8FB3349C764D13E4D1D34
311
68952B7B1B35001BF41142CAD58D6011C8B78961EACAB66E9AFBC627673B61FFDA4167950A274145BF11EA17BA9AA60815C2C43AE1F648E3772E53C94E6364AF826019E723069A8AA353A3BF7FB5359281700061FF64C28C10B9AF0B70B0B0D30A31CD1CFD22F68C76DA1E44558869257892363C091D313EFA46B57C3BEB25
311
2E9C6BF5B4799EC58F1910F469E25AA17B343799DB3E33CF410061F96C6D63FA91B1000CEBB7D2971BDD39A2A76361E000F5DBC1688D47CB812DD60F8001AF25B328D173A9E4BAC18CE9F1F628704330741B2649B92E9714447C68559C6CD2F681919367E4811100750058809D0230C087A89FF3C80C23C4C60882E481F48D
311
531764BABD5CCECA308DE2F63D3BB50373D630796126803C2D1FBAC148F7592881B395ED7D26B7DD38D7096AF98841CB37592561D9C6565317AFBE9FC4AF7371E060736C7635E0CBA1809FC80F544DBAA1F2F9393D970D44C0615A0C6930E758B9E63AE690F73045F0C8C0731DE9CD80F718E94652383458799E02C06D3280
311
10011C7090D8C5E5336A83D4059953877EA1E1D66FBE994F04608C4C991917230FB61F9AEE183A40AB9108D032449FD1A7283DD25ED15360EF7EA9303EDDC0043403531EDEAB10DFF87F5E2FD56DF0F1B701A9F614DB17FA0E0EDF6FD0B1622A81FA3D1DE5A33F551930335C353A87F9AB05C60455193448246944A232C5D0
311
7636D864CDD7A50D0B4440CDCC465D1C418321F50E1648D500294065D869559EF3C40C8FCC6C323E989AD0F0C73142480B200842802C061008B480A9954AF282052B3AF67350FD0DD30D1F4075AC303A5D490250F5400ACF479656861E4C77AFF327F3EBECA4B57B6B6C8FF62602BF150744656A87DABD7BC6BED50527B212
311
0C001A0B3718C74F0C65CD34F275164D7968148DDF259AB8AD6CA81CDA4E8819509B996A7F642D987A401A2B04018C01E6C169A8700F9DE3B489DB2BC49C9B7B858A4F50D22AE15428FCA4A1EDB20C83492690CFE361CC7F8C8066FFD0D77AEE797977F468A36E0B0DFC87F90EE6348BC748F7CB73B5B9DD5C6EE7AB19ADBF
311
6DF359F1DC2A0F9E44F213F8041F64274C0859A2AB7C37440FEDDD2F95BE44065F22067E3EA0CC3BD8C0D8194EAB291CCEE20B9CD8E02950AD806080047A279F19024C837C848816719AC4A34DF8F0706CED904E8185753A458A27E4C1E37B5F30A104932BE140E0BF4E400160F320B054A8705042FFC47B4940810173F9C9
311
E97240C7FCC3F3813EA239B745DE9F1B1F3FC2F9330374DBD1A7B475923F9A2ED81716D18D1B577DAAB9D1A0458655AD3CA7E211867AE7C702DCACCD291E0F798013DC01BC326087775C0833E04EA3778FBCB8DA4687A0255CA0AD210C15661E4E92001A4449031D1DD27D327334BE830B64DAD90CBF537A45FBD4E94A7A88
311
888E715B7E74FCD040E818BDC1BF5AC609CCCC015DED23877080FCDC47BD8EF3A7B783A17D33F3ADEB6D6BC7AD75EA7C7852C5B6FDADA6AFEFC2D181C03F8C40DD8A4AB5024F0B72E34B57BC1182472DC80946789AFB711DB7F1193C03C893B0345F420246114D3EA71D04FBA731C0DAB0D3CD311B218F0D5A15ECC105D02F
311
3AC32F13600084731A83220040019B03180634B5923D438300B05BAC80881F061095FED5D572A3323ABD83F1D37A2301A8C930AB3F66ADF7CBEFED30BAAD7D78A06DEB6A87F15491F5AB7E25842B6B34BEFC12C8A159F187C64B3CBD2356DE5FBAB98BBE9583F0E3280C0076DA15BF34C15238145742B07080B1EFB83382F9
311
FEF2239D003541041083C5AF9EF3C8944DC2030BC3ADEDDD9D27475800693049E05413BFB3FEB4308731512F13400D06F813368A0101D8D863EB3E75FCCADED124F532AD3F123F131AB46A93DF1ECE7F96CE9EB6C365C6D6A07EEC461FC919FE288AF7AE1A7D012D291EB073735FF26BBB1C99FB706E972192819B7A34BF22
311
424BEA1CC7958AC2E04BFC8E02DB90A4A1DD04811ACDBC181037864672C78F6C0EC3073A40CC49D5E813593B7002763BC6A909D31AC86F3F6E335C9E1C309BC58F16418642E2AF6B290A34FEDC0CFEE08FCA0F56700699CB73B9C99302AA17BD516D7F1FD755A2B32B3FBE7134D3BEC813195BD355020A7DBB541539CD2C06
311
E45F46FC0EE08293E6C0E1972176D9B678340AA1A4823404EF79B1E2347E47C35D0A2260730E0B513025DC0BD1C07E3366E9B9D17F767405FB531070700035618606F0B40C73C974CFD321B0C174A80C0F3AA54945FFEF348F5488895713E89B5C98DA501E06D8D24FF04FF0CD7ECD7BAA755A854EC6A180AD13BE094E8D5D
311
63BFD6DFA5F5D3E4DB1BA18FD8473DC6E17FFC9832B71A2A94D96E808BB53F9192955D62C82E282B05168AA0927D54AB20A20A74800B7CC9655C8B15F62377CA4C91641F9F4D0478F4FEFDCE273A002CC0A725EC165CE3A149F0333E8E9600B2C05A7D15FD831F0938DBE5D0FF13E3C0F0765965A0961C3FA86DEEB0E28304
311
747BFBA5FCDEE44C23544F7BB7BF7A132DDE34F99E44EC3FEEAE92F667A10F7E90B0E8C6442DF5A5318B0F816311DB2E6DC6F172C363FC800EE09186BB9EC82A24C0117700CD884AA42023B81EA6E0CF8B3056411110D78606EBC5AD5417B45BCC8E61EA01C4006AC233933E35D860BC1B6CB9C9CCCE7840D2E0C1C1FFC11C
311
CE54D59300F2B47D66A10F09D8E24B71B9BDDF98FB62A3B897C53EC88D16D1FFE8C649B17BB8E760EB20B784F52F992544753F2CBF642CD3C9C70D8722C197142C567E74FB431EE248A8F3FC00377F5142144A82FFC28AC2970A780C85A7EE9146FA4B2981F3C93BCB0F3FBCB6DD3DE69C72B6073B99140DE28B8E919D9D9E
311
7C2F5FA99FC1FFD07E9AC0965CDAEA0A945FADE52C791EA989E8E7A21A355FB37E44405D171B98A6E946DB26AE71DBD01FEF07FD378F5B4B518724481820890E7486E3FCE61A60E096D577701890EE07CA5D7F2B086040749FCEF3F81972E510A86359C9BB579883035887542090614E5C4461705D7CA1CF84DB564838606C
311
F1597E8119790D021080C935A908324EDE9F60A04B7830A33F0670CB08605B8D01BF9A3D435693FAB4FD84EF6754930640C1F9D74B052A7ABBA9F502B39DA3BF6BC7514EA4BEC71D752BFDC198EDA8DFE8F32B3EF811E4576B0A2074B99B070A069F60173E7427BDF285024E35A4418B7A412914F2800F1965C4F1120A2D5D
311
2C64400563D5942044807BE7C738EBF3034C4A6F4D70C04ED1F97673C039FABC4CFF18866E08200BB66BDC9CCDCC3FFD1E43BEFC52C317F0F5E64900FBFCDA4DEE68768FFF46350E0EDADB7B34DBBEDE3776BC55599AF84E312229F931E700D04478D66A0D88D09B2276141AF0F8811C5F8067DC04C0F90929F7F1AC9CCD36
311
8488AFB965C97B855A3E2E93AE5B4866502E55991B82D4388614F2C36B8484A5FA06E3EFFA984A6AF17D5C2073299D9F12FD63826F67FC460E54030981684E9FBFC22009A3006962285FDF4FC84B699FB5BEF3736C6072F6844C15EDF25883037DE6BB7AFAD6AE164B367812FA8CFCA6FA25725D99AEC5C6EDEEC64ADDA2BE
311
0056002032E1D7A20A54CF444E360D520A5B69816C0A953CE0434A8A898BF18E2B704588C01BDB2133342F5404FEE698957C200EF54E31BE6DF4E888C9C67F5F3F1B41F922777E7FA6332677C20098C59F762F5DFE4A23F9801A3BB6F8A4F66E0D40EC867E92DEFCE84C714FC7CE8DD3DD3BDBF9C781B1C3B549FAD2C89D71
311
1808CAB100E09700BB85240374A7209212F320CA577222A7020E7824500179FC7096C714884BDFD9499E027ABEB3CB0226CD293CAE6E0C41A6788F396606A073E28CBE5CC67D584D36CA39D37974FE1023253E3FFB007A26F657FFC901D851130DDC2BF54884F20D5D40A0B7E5C7BCC7CC87B84F2ED820192CCE1AABA1FF24
311
ADBE1D03635B5B3B53D4A5F84120125FADC36A0E792D3AD7E255792CD5241A4C84171F1104090017DA493D0A7790A7BDE6DF326180398E4B0DEADA5C2763825E43E05C388E184678C88CE6422606C017F030366981353DF03A753DBF6370879F79889DD0BF75408724DB53C5B0063AB6568D02DC47AE4627B58D7E367A6000
311
267E7840C23A0940B992DB98ED1C4731B4FB4DCFB6D3EAFB6CAC7646F0335C5031888CD74E2103380260AD47176D703960230370FBBF28813524C17FFFBD6288BB28E4F905ADB4A788B40B4A6201C1878BED224DE9906C4C79EF32EE679B9F5D3B5DFA137327320643909A823F62106CB8F9BFE4BFEAFF0FC7A6393EC7F64A
311
698EFF8ACE31BA05ECE6DAB6DF124118D1D13F892F3D3530602E3F3ED3D59DFB821ECFA3D9AE85B1ADAB9E328DE738BF55D5DFD039445AE76D0194180F57B15BEE5F09C07F952F9A10372BC894CF7DA12CF6507E2A8916E0DF430C519485C55D61EFE209912D8C32866214E121611E22A0B1238DB18E86636A3BFAFD5B4EE0
311
2FF1E505F902BDF424D0516907BFC95EF3A76B6B3872769D67E25B548F0DA46E2B93DFDFD5F2B9E9EEE1EE1DCC7FBE6380DFBF38A165CAC73DF912AD76A4690D2B766A3EB4AFA2D05BE543EA20B095FB17AE3F1928D84482049B659E671A4763CFA567C08824913D37F2F92F841FC244085C1681225C04AD6DE1684831682C
311
E0D6096B56101C0D4FB3A1BD3F11FC1105AECF5660BD3FEEDF162B0D9DEC6DB55AF27FC98050BDDEDFF63ED14B01336053A19DE9AEF5F5D9E9D9F9E19ECDADCD497BCC57681922F327EB41FF681E17C1921B04FBAE371AC69E53F98183E91B84897A5DB164158BD1D12FF6F6BEF0E02847727BF2628F9FD48B6FB11DF6928C
311
868B29590A0606F92140D0C08850DAA7DD8A5FE8A50389F61288AEB743E9C801BB67DBE0A7F64F63BC87770FDF57AA73FE1F5A84F8DD3AADDFC32087FBC0A7D645C327B97D65E7A8BBA76DFD9BCEE1B1CDE3F5F7CE4E6DF4013ECD7CB60BD1239E8A4E9A5722AD9C4FAC8F7FF17B214AF8801950430639A08E3ABD05A0D94E
311
253BD5951C885B0CE750309070555FF21F2EF83FF53F4E15038B8D8A244740A5C9CBC120043DA0B323FB1DA0A4EDA268C05A304619505000BE10415DE898809DB6B66896E60AE347ED3D6DC707CB7D5B5BC374A158EDC343D0EA61C217D4878CBBDC1D85686782C3CF4272E7DCFB5E9EF628F5A95AC1AC0C6848F5771329EF
311
8DF2BB79EFEDEC8DBEC72EB7F245287FD4B31008AB38EA4D52F2BF57167159E3004CD8950E217DDD6F699FC763E9D1A0AECC701F7BD4430A3E030374066938F883C01DE40E7DAFD609345E33570F4CE6BE467FBD7F793B5AF2A9D331D86DBA7BF98067918F9FCDD609A0384B523F4413B574B818C6889FAEFC5E7B8F90CEFD
311
62BC2C85B2478D54DD076635BE434FCADE68B3ECF1C8708E27863DBEC352D87BCC7A92A8E135700CDE65BC114026DE5DB68275E656D2C0D4087293D43BB4C9C14EA83C0D806783B40DD7CD4F19EE9F33801F55A3F1FD600017A6CD5DE607783D5F74E34680E7DAB98D99F6E5B5ABC7F7DF19D8278322F6A97FDB2FADE1539B
311
D945DDF868EE2B8B70D9EDAA45D1BB0A5801198CF1DA891540474745BF0317F8A3703E02510AE94B084221F887FE950272D62D4232781054A87C58D015CD45EBF9B70E60820A2056E9D4D619E8494BBFA68B61EBDD8CF52CCBA124BACD4A4077E8420A7F36FCDAF661E577B792A7E1B7E337C7CF1FDEBB3B49F501F3C7366C
311
1730E793F51FA20A9C3D2E9F18E63DC277449054CEADA36DA0807467D45F8A744E1BDED725A033868703F1392BBE221158220588F30574A0B0893D0515B0B7C404AD0E7F40C11D504C49BD7DA39A85A19CD7357DFC966E5D92272FF06D59CA5A6A1C8AE30E52F1247C1F1D78F81887F9F3E387075B170F9F5EEE4A7F5BFC69
311
DF02FD8795FCFFAB472E7C88D563DA514861B85BD41594A75F5E866BE69471110A9F75C8609C7E6BF6C7C727431EE3E9E3773D2378C25226E82C08104A57ED273FE0921D6990E02B006BD038263BA360355E8DC446A380F0BA35FA9945A80CF60DFD54054202F91897C241C147D59F8E0FC67CD0F2BF377A3463F8BBBABCFB
311
D6833C57E214AC3F5AE9C2FDE88852968F20337972C7E04EE5658223008AE82D93BC37D8DDD900BD6B16EF221F0D4149045D740A8A215D4FC186C658E01994B8CCD317465828704BB630DA2243B3B4ADD3EA554A97408454148C04A1A0CAAC2E04033C04073851F54380E0BF2DFFA43FAD3D6B574F2E1E5EF6E5F4FEFBD1CA
311
87C161FCBCF5C7AAE2F726F814027BAE10F79BC3D765D61D1803952210A9AA07F8C6BB2105B61145B324F96014EF223D4A9261080239F03FF6F4DD4975C183B887E081F7A467A25EAA0C94028FEB808637768B07400A8235D4EF33143253198900E079E3FACB0C59B00F827A5785A6FFE2FCF0C0E6F1714F11CDE5140D931D
311
707950631F3DE877F300002000494441540ADFB08704E252AADE1BD4E8DF55796A32B9B6F17737C67702E5C638682737286CB0E0A89B624D5BF28222432848C9AB8C07170C97B814FF492A61072407D638006F7C8400860444C01B1930A522788045633DFA9507267A3A42BA05925BAD705CDD3792FA23C1075C6EE768A673
311
919EB6C3FCFE7629B7310AA794CC9C0D14A1FB88F95C845BF22543F57996E0B26C9E4C2ADF187F979F8A55F11B47BC26594C52588518D25E6C2B1CCED231EA1B748F093E5726A21A54C91EF95789041030C20FD5AD68613432E19A4D0DA2505B6BD843516E10BB00AF9AC315EE9FDB39CC1F9EA59CD88F9CD071D470C86C46
311
47FDEDDBB1CDAB81DA94034747A779F4CED497CFF817348F69F52E55490840E48840BA72DB71F3E84F6DA2F4717AA928F153DA6E4C7E8E00363CEC9A2E1C8E65F298FC4A52F087FCDEE5CBA38A80CBE11FF7BC2AFF249203FFAB77A128A001B1987BD334AD9B901890A8C2005B6B248196AD09C0025ED841325B31845032E3
311
27C531C839E66DBAB39566B631C2FF0A1DA5A3CC47E665AD8751B47CFE33899DF047C9F3C365E3B11278D49DF939298E09002F6430F9958803309827A7C791048CA070061B7E9A64C557D235F83EE24822E5EAB805F9862F20FC58F483DC0EF02181F572930205107E00E523861895A2811309808F2B6C14B2AA579E893753
311
C155D2F54302007E9FF36AC5FEDBCAD47E182D91A73920CFA5C18E01F8FFF4C3F1FF553BCAD0E58DEF85DD63B91BE38ECE1A9FFC4AD4A1FBA30D462C328C5A0340DFD393D3D3D3C0659195C96990F391EFF4175213BC74C020922D4830FE215E76940962BC0713A3B82784C0CB6623DC40D6E1485BAD454F6892200B225096
311
127FBD82D2B12006BAE2E329C771E25FEBC0DAB3B5395289D56D7A8A89081B34EE06F80F819EFE75C67DEEE95D227E283FE98A7B9F1C97D2D05B4D07A469153C3DA3048EA68FA667A6D90E291C7D7E2D063E4D044964D055F2DBF3E31BB851AE9F78A0A7314F0AD24901F581D74A6929142039C65AF5830D1C809536CDC05E
311
4BA51038F79D713DA930CF18BA3010E385351CF47F74D439BCBC793556A1F99814926AF12835E251C59BEA3C083EC2B2760FEBDF4304C9EB87B35769E1EB24B648542CFA4EBA9EF93CD42F03C08F249A2C98897D8E2225E90077823F4A52171A61219998CED6FA050992B6B0A74A2220ED12123004FB977084208F8E2AFC80
311
F456CB110BCA647A3A0F854085D84FE0052BE31FFE7F925610BAFEC06FC33F9931BF063F39DB3D1BB20EE357F594045F4226131578582CB055A59A073AE0413989D215019B6EB8A21CF154D71164E0D8F4E730C2CD382D098DA5261456A425643686BC8301710F2C50665881399156AA2B4C3191BC555728384800CE10040F
311
746A3D8A80A5F0E500A93456FEC52833BBB45203DACCA37FE1D3EE4B9BF0EC27ED47D89B8266F11EA2DB8B5A8BB93EAEDF0C06B7AD0402B9EAC6E787365535AF19F15158308A9D9785C1BC1C01377F8C6B4D07B50DAD25649764A91DC9812C7B34CA98184084F7C01055466B48058CD44085AF26648520C85C41C67805462D
311
8425680425559F4440F3ABBE1F3F81B1EC72708767DDC8FFB6465796C8FE310FEABE0C9B242A74137EC3E0427091967023299BE5D6D4D0C6D15747DC2AEA4ECC57C72856E827D33CBD319D70FF854369EB841282F84B7CA4881447ACFCB257E252E00FBB3272120A75B99119840858486615636E0E0334031AAA8C08A62E08
311
0053A0AAA4158431EC727A084021D41CF5D630C94184F6FE7432E8F5F9A4FCDF3EA7CF136FC2988093F98ED622E38E4976E1BF0CF49D2889E6DF3566719FE1F9B47A2D3BF89C69155DCF24F88C609EE551160F0415900B4C48FB013D8900A9192A700748002924771A3686A0A580FE4009E00ACC090253E280B90AC15048E0
311
47020483A038A60ED232831F2CC90498648690D960C48E439F18F4DDBEB0B6F5AC7B7B89F6230243B4FA160A7B9327F3AD5D937C8BFFE5FF8B3A5E64283BEF8EAB9F71159514CFED62DBC880614AA1F7994CCFAE7D8C87057F451733699B8DF87056E1F0654B5021E38097E4E23221B810DE20559AD183A61C2C88A648DB09
311
6081E9801CA00BC1DA0124E08DAAC15FD2936905CA8DA1C40E42B13F1764E0C4015EAD7F8BFEC99A310B1B7C0BCC7746D3C0702759C89EAD57122092122D1F857067684A578F1DAB7EAC400841F493A468113282FFE42316CC74C756B1C880FE78795C692813CF4644480EE9B02991BCA257A71861F00666D9410288487618
311
D120D0E80D7773E2B7DD180E100EC98B221C94BFC4FF531A09B986230F1CD08378A8E4D0FDD7D9B1BC75F5C12EAD7FF83F3ED19EB018620303C217A6A35D826E72ABF2D8E2BB1B783F6E48D2E3F360806E1D192085D022103473A10375B63853EC54F500B5B064DBC20945B88160DCF7E4F83A0200BF6FAEAC88E9F54D22D8
311
98E43F378D20B51B5D6B1457000922202800DD401A9266483029C0D6D57ED80D42A0E6E08835F0F3AC73D7FAE6D56185F04FC44472B854EB7D9CBF7134DF3DDC35A9F6B38417DD6F508B37C1A718B0D054124176F7222F62DFB327F34D451799D56216880193254FF782D7DDE26C271BF38C6E422E271CE4AB8823C9510F02
311
1126A7A944E00DB4031D013C88EA0746C96D4574069BD5439C4110403B40020C30B07A604F1E41D19C21A93FD9002DFC35F23B1E7B98E95E38387E3603FE7393680410D702FF9ED5A3C5E5CE68B5827D721FA78F3A9A0C08A79722D9C9B418F46C0057BB1640C70AA4A03D29CECF33987596D53CFB27B32C3BE304C540E14B
311
F8464E080918268D254838C91A01F0FFB99154FD8A9C0495EAA6534A6C464440B4A71E16100E7405088122A35F7A511DC003D002E6C8E7E15F6D1D2FD09014139EC11FDC89394621F77B9F88EB5A583C41E2FEDBC8F82334494C0BFA97FF3C3A34ADE60385B60E5A30CF036E5E75370BE3B83AE73B3B7DC0BB337DA0045299
311
ED0C66681E4AE223D01B1BC3BD4C921E2005FEB5114739040758189BA8A320067B62A3995E4720055065AC2B4A8006BF8CFCC907C0063EACE41813C5F017065AD46CFDC6FF1BFEE052932CA3478C8E5A6F25DC8503D40F61FC1B047E4DFFE8E84407C81F1AC7B5C79DA358551CD0D13785A9AEB38D6EB68A0A8087FC6543E7
311
471082873CDCE5CBEA1EFC5CC0579469E225428E9A43D6A6000B4219DE52E8DF00A55F4BF5035960661C2DB88AC1F67C2890A93FC420193C8326409E7B595FBBBA9AE1D1511B3F6D65B09AC10A71C2317201A603E88C56CC68C91279E83F5C147787EFE6C675F00941D23EF092920330982DF38C65EDFCA89DA98E8ADDECCD
311
77CB86D85118F3DD9884820B1128010D02F1060F582871CC8FF42024C02239273A1CC3BF71E770DFB7E96081682803188118B50310BD620234F230B12711B063E0F0490FCDA9248B580D3D3DE944A30CFCF2A1E0F6E59E8FBEA289CCCC943785BB8880ADA9C2FD70F6A13F5418444E3A669273C006C4B4EEEC067827539FFB
311
EA9CFF04D84E7F170480037005AAC8829084329899F90B5E013927F8E646514B4824B01D11F72C012CEACD163B6358A4454A4221D06E68A71062520649BF9E9127D0772D6E5EADED52FF216BC2FC513C7D3C5CC4C8AF009811826AE20203B076A2AA66D8D32E317DEE0EFC000FCE16D9E0BEB17C74AB009256C5D8AD1CBABB
311
DA61402612C675FBD72D07E633B1A42F2421208CE01397560811204306617A5141706105C9F4984C459F2D0F6C392FA05BED808512B0B9A8A9FC6CED89640EA347D31F0DF76D3D9E61E800FE9F7601BE4C9614A1C58E6C839F13A12D0EB426DE6386B82369A9E6A7F1F9146EB578A2EF4289AA109B4F6CEFEC0463E0072A05
311
CC9DEDEDFE08407B173B8AA65399C80B2911252E6290C82CC1B8909140C11B7AE161B42B93905045D017E00CED6D27AAA15F2C2179F1E83D411A7020B9408D202381E7E5DEE5A9E7E5CDE3B186433F488AC81554BEC09BC579018ADD1DCB3D9D70F02B14BF9159A4DA376225FE43DA224FED327941705DA582B2FD1BB5DC05
311
40667B650BECDD1D5DDFB0C7F36DEE2B94F6EE2EE4E426F20A1174C31DF153321A24114C4FFF25E505475F6906D4149B21F1BD9D9DF7B059F8E0FD83323CB97991FE80EE131A9003B81C491B218B1D42C0C0D593D9D548003839DC29A740298B0C23F0CE14BB167BD61989AEF0B985C8FAC8F923A73F31953989F0F6C96CA6
311
C4D0A9A88184BEDBBBDA3BBADE77CD8E2FFEDEEF46184A86671D7DDC51417477BE9F04804F305AC82C2D018A21EA903866A0F959FBD4139916D036635EE03DDB7408BCF0627A03027AD314C09B0A27F0A79490D53839D0DAF1416995CAB24101FA63F75029D57A4CBBA9FB4D120ADB17FB5A999FC9420DFE04FA670430B90F
311
E7F589F7FE8D50A4B5F004CE5F07EB4EA007F8AEAE8E8EF7DB3BE2F81F42166C7246FA9E62D02C8209BA1024414C483498B50229FD923F2414040B2081390AAC353B5283EADA12A30B1080866D746B9ABF5BC107F33C2A015B275480759334B83AB02175EFD0DEC785DFC505E0064F4EBA5A97073A74C5C9FEC97BD25D819E
311
28AEE661FD2732B8BBFB1BF13441B3C1F45E8AC1752BBF80C113DE960E0AC7D9D02C58C80505A19BA0E84B14402601A590A4AE00A825E98C3212342302EE10FC5100681F86834A2804BC409D70270A2091DCE874B16BE0706C974EB3D26EFEDFFCA6C4579AA4DB781708469F055532A7046C6BEB0CF39F3ED2EC4FBCA3D00E
311
A91CA68FD2B87B5C191E0EB2C300F00A1C9881F263571C6CFD83D079D09F176FAD839340CF030F70458F81F09AEE1329505150CA0A00576B56C06D58070B23086F685E44232D9D53DE3FC3731044F286D19F459351863F749F1104198D6E14BBC68E17CAE70D7AFD958E350BEBBC70C9C4DFBA075240DA27D40AD7DB063A09
311
7DD3F041EDB3E4B682A7A12A548F3393DB01945547175879989302521EEB1431B08759B632B174E0F700E774FCA1BB83F95029ED1A084288C8893520E49415E00DA080AE8027C34206D35491D050A4C6B080F6A20889A2FF82379AB6234F6710C05F9080ADF002B9C9F9C583AB220F45D618D7E7F7547FB27CED8A8B7A7D24
311
EDA4988B0C1C2A1AFB53FDC61BF3DE50D63C560F0120B0372F0839DDDAF13E583B868717C1CB8CC71D1D7F440CC82184803144196EFD58BBE00B7EE77DE8C015942357FB06FC906A5E2B8882CCF9FFE184B0035A5CF186A962A63F84B3AAEE3D5A2C830008807568B6A9F424086D2095A3E262DBF124350082C4B5DF4704A9
311
D2C93553DE47BD6766B69349610716999FA25854F759CA9792599D3837ACF6247CE8597B0F960FA3EC45B61715050260C5844FCCFEC9666BC71F875B17E3BCB4CB151405D7D08F846B4CB952248B4603CC402B609E90F0044A007FA800EC46D07A51232B00E5683C55D5096E1374DA4FCBBDE2C25A5B8D26008227CA775803
311
3D7D70DF12CAF7F247939F93F1CC63047D63ADA0B7CC8771B234D8095FCDB577B586D1834062035670E204B245EC093FCBE15626C10D210CB38A13F50E10A0D5C0814B0C4B30AA9858516001669002229618F100767AA3D6D2528595FE7A398C2D2300ED0013A0AE60B91644A057327BD3C36BEBF48C91279B45F8BD145494
311
674AFB211A91977CB838DF35DCB3D6D6AA2FB2784B591ED785DFD7DB77747DAC9D2F7674810EFC2895F9ED8007EC7885101679C06F21E4B1C8A6120956F80518D1DAF1717BEBFB5803E20C6F2A11B2E48AFF4AD2810A70054623E341B3D1ACD92DA91150DE631EEB2C28882D092049C0DD38E262A7BD6F98549930C9D44B7C
311
37028AEA9F8C5628A2BEF5704C0DCB2B428181B1BE766F43014498D2E57791E4C8DA6BD2ABF5003F0C40202E2E32EDFB02852D16C30B7F646B98FDF86C7891690043128B0A0DE6B4EA27F08C30CA34C9D0AA0852A5997F8D11A6EE84E040B20472020256F4AFEBBB74E6705A12083B249089218E6452C8E5A69717E904A3F5
311
EF3D5D08EC1F4D4E85086B238CFFC11AB9AE972CB775616C6D1DE04DDF073B4DE3747C41FBAE6072901CAD0237100670C5A00C2C3CE063610ED824826C1F6650700E88C00B62468903A0D71D3A390255AD7040048348C56C4647413C2C2561216E0C469203EF06A5B101AD40D0E207F78B124747DB5B4BBB4E88B1C373C114
311
E0470B345156EDDBCE1B4DBDF81DBC400746B0B54E05F693707B89A5E430982C2AC7D10DFF11D5B102B9505034B35D07E8E5F585757F088B390F2D4C85CF7218E8418BB4F25B885053D07D5A908326809F31D6CC6B77CC948413B28664484439D118DBAC27DB5AC40C1AD166F25E6A2F0AE82100C0BF220405323E1FF80DFC
311
518CACA8DE1003F3C9FAE9C7B2D60703A0004F8EAEAD2DE0F5485452D15B77B4B67F4C2403B8D8F9C533558ADE058A9E177A1698F75DC0EB4C800F74C0270178C8579C1FACD025F0560844502D2BBC01E620030CB93636C1041636A693949CD80139FD15BE107F905590A292840F8860706D07E2970A2F15E5B13B87C3143C
311
B2930374CC46A6F9B9D7A5CCCC14E11B9E879A49FBE27ADBD6DA82410FBB94FAA8487D61B51F4BE0A03FD08743C31020D6628ED20305A22C2C2FAFA7ED1E7881C438AA5B9035F20759E243C51F34D0D5F02F11403B9E204CC1686C0B6C9000470561519CBE1B0E4FBEAB37A39EE4B84C05F023858779341991F36D9D9F351E
311
7BB3B5ADF00148D9D05784F9AD8B037D48C01BFA83D4247F03BB768BEEF973A14E610090D4B96B1EEC5C5E66928F28EBEB6CF578B067DD83086081579848E60DFC7684044D8174993C39F886043481F6A2B743B18749E52447CD4D230513032D20D20206E536E15BCF7B7D211634F98FF9986287F33F9A94615A5A0A7CACF8
311
DF5DCC1AC6EF9AF1945EB78E0A2FED1DA2ACC00EF983F9A012260BD722EF61C9DBCDD8719703ECF839029010CA0B9F100B1D2842153E01A1A3837AB579516A31982FD2908A09100DAE591016CBCD4B011A2F4DE299E1338CE065DC4841BF9895D8C81714800CD08F5AD39601BC929B55D291F6CDCEF2AB40DD5D98F4E6F107
311
C47AEE4A09A079C05316F479DAF4C2BAB83221BCC0CE23FE3D3D4C7BC9AB673D89A3677D6020F6E182332028012FA0FBE0B2668FB85485902A8E7FA0BA2105C213E20BC2169211A4BABA7D693C3F1DA961F203694853137073AD5CD25F1C017DE0477626D7BA55B88F83B5EE513C41D814639FD1BF759171F4577D3CAB0C3D
311
FF68B2D3B1F8478C18F67BEBB2598FA76A4545E9E961BACF657E0791D2373030E0EC9FAEDD17BEA7703A738185D08236C407448A4CB504CBF01FF43859D3115488EA01B55078000DF085911805790DE1B41B6F8CB2889C3834FE02AFE07D85143C6C008438A944EA63E047023A7EF37E13B0903AFEA7BBAB9579330FAFDAAC
311
D540022980B65A75FBA17D388F1E6576405CCE7032D95BDA420E7DC0EFA320879E5F8B3B04C1D2D9C1114210C19FCC49DC6A855E12010184DB8968109ED016E4683CD552A36B3AFA13BFC2114068935A7E774CD2C7225642B73325938052D8634ABC18DC9442BF9E0402E85B42F9F3273672DA8E8F1070405D1DC324848757
311
4CD98092B8B956E6AFE1566530B78FAE05B4A0DE51FBAF85DD075C7E11939F80E015A58D1F87E400CFFD2306C4D1D3C634380A201545A92BE01F445800BE12302AB477BD6F62600D211232EB061448A0D2B877BB940D63D059C37E0569A83DE93E214F4BD86209FF6F479C640AFF8AF6D1BFD987D029A94DB7C329B4184D4B
311
B013BF912FB88FEEF913071A8D82B651BC10DB067A7EC52FE1B421883144C00F64FA23A11CF708BF16CA59F18D4C04B8085964B2D8DA4A855187000BE440BC816FFB13374640B0EB1D0998AF38A1AEF503F14302E2811081FC12EA6CD38A63B33035125F40F170C0B0AA45E9FCA38FC6D688D48563B5C4B4B7C359D3C7AE0E
311
FB16ACD5E2FAA47EF8307044B4EBE1C71E84E742D81431FB06B90B600B9C239E277A57C94C427EE10E7826980C0136600D916A06058CBE8604DB4D314FBC014EDAACD0820F14BF75449B70339490FE5A0491221BF95F949DF1235380E969AABDBE2D32EB4403D3FDF17F42F9A0A7C28ED75BE86BDB7C7EC80C76F86B8800F7
311
7B305EB88F00A4352E0F8089EF811EA02A3DF08F7DA008F803BE4B4EF5F41E56087099E920708C3D720916444440FDFA013D4E1201414123A09290F5BD7AB729298209C4306D007BB0829FD4EC3A6D7E4F00B67DF38CA0764F832F0448E58439B952CB4F70DF964AFA74CCFDBABBDF273E2FF4F56D3DBFF2A78D42FFF2755D
311
F307066497F44062AADFC0CC546F6DCCFECECFA232E14F408F05477D311B683A35BC245FCF8A5CD2AF20022C21022266905A5BCC8B20235D6FF04019CC04058AC80023662E25F342063165956320BE50370F2A657BACC817DDA3DDD3EFE04028645780A768FE38DBA88BF2EF3ADADFC7FEACA952E5A77568ECF0C971DF32BF
311
1D24F8486B22A649EC81B1B60315CBEFC026091CA45F858D7D04C1B437079431E63E38F880758842E780A9E03791C0FAAFE10012588C3C592FE35461A6047802BA18686887023A422A49599399893103942CF6DA53A8E387825FA0678B261F139F801E2B17C901D0F5217E07AC2401A87D0480F753FBED44FE949C93A1D042
311
B879FCE499B3D861AEB23F9C1F372F0C24D0B7D6E70FE1AAF60F84BAE642D82F0A9F53E22783915518494FDBC0AFAE7DA282E5050B703570E06319A015E00D693A6BEFFAE493941C3B08C13B96BD20D0115A9565701DC58568A3009DA13E965765C03091F0FF339F7309D44F6E61F837F1B1FF920450EB8FC48F9B40158BE8
311
9C81A597CFB0DAF5F5755D3886DC13D4479599B583758CBF35663AA234F133F91D3BCCFCE0A794367F385C59B19431780F1C099131384056616E15A1563B50021D369C593FB292685A68A8B2A50A0A2085CF05434617E05FC24A6B077B990014421A68401AC4D65788EE25F737EB780D08A6E38F060F2ABD889E1B889C4485
311
2C2FF368C1E3E710D73B6589EA83F7417B341ADA1F639A23D15298F087AD0326410E116C3A1B325218433C71AE62C07C1480F1C045629724A076A4BB8D622D24690486727F56108D07046DAB065000678E04C4F8C342DE27F4AC102D854F2D08D59B4ED0E4F697B0FF62F113646BC5B7F3131D4EA8BF8B265EA3F2026E7061
311
B96F6DF3D993276B2180B8E57067587428579460551049049B074CF8B1066C7E14C705F0B39298C0997C17F701097023BAC31081390196801FB0C2A12380042927503D5A01CA127F9841B460310639C674BC8CDF1A320501448E0068905B07F6E5602F8C1F07786253438CEC51AE61FDB25FF71B09893AC026A9EAE3F30F36
311
9F5D5EAEA5801FBAD3C98B38C13EE017B054F81A56F05259DBDA64FE270B1FC4C77200FE276FE814B916E222575ED717A62A92956504605268408CFE13FD61F84252228376060206802B9550F00B9D47E6AF1022538A752CF4FFF1F5931384A9FF8700EDD4FFA2B93FCBFABB3EA6C607FF714B0B8B04EBBE83B52B246092AB
311
018C0D0002FC490849F1E214AE6FC42009D6D86616C835B65DB9862EFC4480C14137603C3089D0A5588FA27E693DD184131BA4E88C35045ACEF1CDE1A82323C20B842F2419604821196EE8185BC834AD44F8E9B7549A32900196E9ECBBE20FFB4706861AACADBBFD9B56A23FFD3AB8BFACC18B1B5AC0ECD7B6AE2E2E9CCD2B
311
E8AF1B1BC3A813B94107E82DE67A42E7CC7D4A6116700B5B2EE3C338A09B840F07C40A64800D7C605AC42B72227C4C7020AB1F20056E26F542717F56534261DE3766AC10A6ED2D006DD03BA9DBA507AE0510A8B385C92363B9154167F1230C40D76AF6F3BE0CA08F8BA2FFBBCEFB09D0986550E0F0EAE2F2780CDF850CB0F8
311
8CFC2815FE87BD83909F474F45DD47F1C821DB2107A8817FD45384F57891B65F2543D0C1E20A89B4A8DF806862AC27C60F6A054627FD344250718AC0FA21CDC4E28DBF2650D1B39D8B8A420C348A4F846E2BE824BF8C45E1DB8EEB52F576F47A75FF95F90FCE0FD3A7A08D48D5B9AFBE3EA658E1676FE3372FB57F0AD8D70E
311
D4AEBA3D4C2BE0AAF1C3AD63A6004D12900CFC481A47430C9EACB390038642C8C41B13303166614210592736B8603AD4FAB17189DBB32F3915F0C380795A089A15228460BDE8E52203527D41B5470901B088D84FF8B3FE2BA7F4FD30ACAB3DE0B7E2FF95807AB0010FFDE3A048F7360F9F3FB9380EE537F16F8673131325D3
311
351A3F664022020811A0FE8C019CA17370725CBFF64132025DA1BE2555102212E80A907FB43ED80A991A8AAC183932C19AE17524B06590B6AD286EB99BAD18FF4BD64BAB519202F992A963648ED30E7521F909F090C0213E367A77D8836BEB6F34D92EDA624183070248351F1A079E5D3E7A9EE81F2CE6678F92E299EE312B
311
6C0572C0A7B5EEE07853612403813152C7125E2022A20C18F855DBAFA399817FC97FB6E1CDCA31D348434ACD0012F0D32A5456B4007E6E92D72B1A4E9971223A42C1042819E4049C0C5801300C0013FA48F8944FBAE71DAFC27F1826FA2304ECDF3F6C10FF47D5C7E49748DDD687DE8E91C09394EE0682A4F84CFD6067EEDF
311
43E67EA46CB2F4070160439245F00343D03BF25D7E2F26FC400A896DBF19FB8D4D0A66DA669C3D608F9CD048A0533621B25690EE19D5D15248E390F042B12C682511B02BFE3E5700E4C9A9B2107A8F45248FA48234FD23005ED1F4EFE80D1320836F04003BF42856D478D1DCA3ABEEE3C68F9F30C3A16E5C238EA5DE3FF37D
311
ACC2F8B7980033F47FAC34421EF0418A045394802CE032D61C70023D788136788613887C0011A4EA316E005718AE191F8D0D841B9C679CD2FC478442D005429166F5A24403B1E6ACF3298F388B6D0BA933D92339D48969A5C11F09B4FF017A9900A4F887010C474717E10F36468032FF33F4AD610517777104CD920C3CD15F
311
C5F3B3A0C75BBCA3B00F2724863C10BCD4A0E00736C7981F2F72E4B001438B99714FCFAF713A2603BC710376A1715FC602022202E06FDEBBC680A3DF1C4C095A12C50B554FE7623B50374FB2129DDEA4C392C9188077658C87F55FF92FFA507FF03FC8DFD3F31BDAB46DD51AEB03F7E1B38B8B87CFF47EA1479C3EBAD5C6B3
311
82C221C0F1B358B39D76D9D3142C4A20935F541E492E0EF081BA41B3620A8E172B584EA1485632E22A8221CEDAC6110AFA4B6D43E2B76A18AB240BB24337721C9321D2C033B2D3E2641A55A400A28403C12D1DADE39AD23FC5FC08C47A64DC3FF6DFF76B5235124022D7E6D6D5F3CB870F9F31C96FE477FAFE54100068A3A8
311
7FA5908A2C08011CF31309C10025B089FEF9C510522B8DC07C30AA469841723A10C08E27F00F7FBC181C083F2809EC3B2B328E294AEAD5A071B3A95C81D2DE3F930372D022C9C793535B92FDAD5426E90490C3C81D000017C6494441544698C416520C1C40C71FC204B22448FD9303782FBA67089A1A7D4CE38E89050FEF5F
311
1E078A4DCCFADA058032C34C1CBC2E1202B1F8962B1A8024F0EB7A11F209E96FB369D4B64202FE7BA230AD24C46413536EAE955B341B726C593B5D4630C0BE822480908522B0D85430230352618DCD4F7BA6D568BF4343801480006658EA3EDCBFFA9702B4FDE9022163C43F9B72B58001A23FCE6F0B3FF0E4E1DDFB9801A6
311
FC42FD0132CC1F2224F89933107AD30B6C9131A53818AE944BE25A70810821C38F098411980E46D108F483DC63F49B91B852351604091D60546702F58A3872A1716411B642C7629C267E64E77719F46B0548FD6BFFFC86A38DBFADFCDF700228C124C8664FAA02BFB1F92B09800876FCE4F2D1C3FB4FD0A44E0106A8DB8079
311
751CBF0BD9340066C3D52BC64706467C05B5A54401BE4A1B0132A55EAC1CCCB10D378A3DFEB9812022327745EF2102886A9142C812A1A2C9708027BB55B7006357459F9C2080E0BC34489FC629510F3017B62D5073E2A2C64048A0A42580E413BA9E08274091A398EA80B5BF31C87BF5ECF8F1C5DDFB4F22AAC181F070AAFD
311
DAE5650C4000516440D8806786D874215149E69ABEC43FF0EFC820FEA112B0522003C84BE03FB76623513B6D840820358B084119B0CEC8C00AE888826339A54091F5FCA513AFE147975BB1A86FC50618D9D74502F0C7C8815AA306602FEE3A5E79E0D7DED1B221001118B73182CD439A092FF801105D1AA14E1918EC282F62
311
60869D55108065988BD67F68E5581720A708051F7C8070F582389C682BE53F2AFD85853F2A013D21564028E06E79B7A71E43212180A81541EBC88F451E02385100491AB0C4A3BC5309A95911E66D04C0B448366988ECD204C2FC930F8CEE8FA410EE4C25B58DD1B6EBAD83F6196670F7DE635282C0A56A851AB035831725F0
311
471A10FE52097089C80495804100318405F0DFC2136004B4C40705EC9154315129205EC357930035688F61AC02188250CFA9A980233925F16A117A48CA54DAB6400221976B75D863330942E20EE3B00B08FBB71AA813B0E502FD2B023DF70114E0D7DF2E2EEEDE7B789504200112075478F2FBD6897835C91F0C20782401E8
311
01A2F9142700B74805703426023A81CC0BE88B537D0003E0C5181D29EB8D83050964DD2580910A1E7A8138F76253DC01DC2F3824391AD748276C0B0CDF12366625D038603D0003E0266CB42704C8CE7FA7F11B4D59C0BF454A78F8FCF1E50513715D469607031272358F04E0003C90107223A581218F10008B10247CD20D86
311
0FF0BF48801040B361808148714764028EAC137E871501EFDD97C89B52107FF1235B0928C562530082573CE137840EFEF82A0BDC602736C595912FBEC69E6A3A26903B3A300C5A098A9E3F1810CDFFBA019D97B4E7A7A075850F2E92569BD960CA7B8304995FD006FC4213BB1448A6F4BFBB3A9F9FC4962D0A1369129B1007
311
3771FEDA38B1737B663A71C088D8848027FC3008DAC4E4397A6F76271DFFFCF77D6BD7F1F67DA51E0E08875A6BAFBD6BD7AE52CC04A0B4A2206F650EC412841A48258258E8662C3838FBE21E25172C2A15A4F78D82DCF68A005DCF07047C183E1CE47731BBCCB5469D9169E0D588945BEB637E87802A03D88FB82486210D28
311
FB3B858D13DC7CE75F5E6F3B03C1744D30CC58C7C7A256146853A05243060B850072A7010CA47CFBF9A1E24F414037B8781E8E9F219A774B36481CB43E48A79819D638C8760D672FAC19FB9D3FC5EA9158DBD0159C27860409682E8FF2595652FE189D2CC2D7C023E944158355806FC320087CC74116030CC376C559C098B9
311
3A041C5DDA48AF33827D2327DC761D19C17CC62780D82A170E6CE7415A5E7FE825E053048F88D2AC2A561CA4D4C60098DA28EF1A01382772484698F60C8DD24BF396EA76260542810A625978C03580A9CAB91D10249BE579B0377A3DD15749A45F24C4D81FF3D7D7996F6A1690288008C0FF6CC186DA9D5FC95BB09B130100
311
4B016E707FDFED306A1BE8FA208828F00BF342186839839F1F6FA338DC5A0200FF383DE92614C03A4508DA18F4D85F9354F7E867AA77A42FF49BBE6757A1A7454448D0BFC3C220714FE43A3D8F1547BE10F0BC5A05985AC3C28829A06FE24CD062700601F4AF12AF99099B08E7071DC4626A97C920C3FF96E190C9D1FD7CB6
311
163E800D79E5F3F10A9306C02B799E80F1AB380E0571A584C0370A220C3125000B500900D96FEA40409F980E2083E4EDF4D8D2480AE5667222E020BCDAD4EF19682120818FE18EC7FD6AAD67C03F7DF1955E697456F517AC4F24700C30171C67E9168B109A4F60AFA60F98BE30941BF776DBC7C70792A2FBE98AAA97224F8B
311
EA39B47BFD14A8CD03320DA2B676E3AA397E652E30A42CE2987B7DA1EF7F75242413800A04C0270C62A13372400B435ACD84B8B5009208F5AC73EB149FFF3508E21C2201E0338BE07E50EB47E7FF6D97724A601028C5519073E7978EC88834410450E074DD58AD13A4900103A6444A9CB99103229F0EF8C0C78161EBC68137
311
240734CDCFC349807851E0EB46CE864D2E405ED341B71A390CF2DE20CF5193189E1901E866D0230409684B193D17E2928534D04240937D3C84477494FC5E0FE0B448E35AFC19007926C1C6A6E622FDB8A12E30993C6710E070397C4B26304C0AE38218D19F01FFB15BAE1C0E7E74DF75F2406E373C414E848FF8E500EFAF3C
311
1029C9C0ADAB2313A7426CA9B2C1B9E30032C84EF31A09A88A386F136E8C2F1D582EA0459207015F10F1F001F0B1B7DF7222011EA2001F00BFD36BAEE0850928B08C077030FE3806C880EAA74BCE0863A952812E6008B3A89199C1EE918AF96AF583F1A073B0A355B9D861AF1460DCFB3BFC6B7EFDC834B09700CBED3510E4
311
8DC7129041C991F06BA5006CA6B5B34EE21501374E8DFC910042036111EC9C7CFA1C05D48A7270F7F835BF04A4194DA4CF76CEC66718C84CD020D04C412AC848F03E3C61A1C8D50D0EA6838A00376054D3DF61A0E393E1F8B058A6C994093476D601A4A06F0CFD3C0A6BFA910E75CC10400A80FDA93AC9B5EA4303F6C0D188
311
B559086091CC5910137772E14F2376D03181B5CFE74C0EA38440D0AC256D6C4D104CE05302FCC00B60B9CD4D71E08BD40C144A025E60D4C1F45FE846A2105D717EEA84808A5DD90A168E133640311CF05DD870768683F5D2F1800F485AEBE5CABD8FFA3C0BEB33702493AEB551B1EB035EF5C8E5757FA7832141F88E8578A3
311
63802B560007AF93D7D470B478C4D00B412D634C9140C4F9275C00DCE8DFE3C7F8C0AFBC5B2CE82E3C3BDF393D4375D50C43CD1C17E3777CD2C170725B7B42B41DF15BFC344DAD089C1E9118522B4A2C60B794E4E8F33081BB7C8CFCEEA0B2015E49D586429C6C78646180B7710E06018A3082243C275F077FBE412C17DE80
311
D3E6B9462C5204C5D980D1DF84A864401C483CD01B143F4A4868087A0F780F37230200A4FBF6AED325114C367C22512750A5C7C3E32D545CE20A0904183BA10015DCAD89864B3E1EE97EBAE8B204266A48E010511838E2FE413FB116E60880C2D8440AC3880DDA6DF6618C138CF1CB2A09637E18D00F80CB0DC05322E31EAD
311
B8081C29410903F06BFCDF5AB46024E4A75828056440503C707856EF0C037623DD4922A400E8A6BD75E4D2800905F18450A00CEE88860C8964C7B3F90F56528BA18F71CFBBBCD2D05797E168FC37DB26DBE0DD2EAEF39686C18440820013C1444055402A541400DD362A0A402F1FE51246404E098249FEE30708C10CA0B546
311
01053159480C00BAA9B1223A773234FE72FD5C3BD81804D8D196FE3D5315A0C981D88D04FA01DFC185CA93F9120E1F480B08063364A0A318F08DF95056E4C91F1150D31B011200383502E079EE43CC18603AE2F88FD139C802A739F208E88D06DC78267C448C27C4113C19B0F51B0E9C1C021CF8F9167C6B1F2E10E4610029
311
10105D1042792D1CA303F469714C018C23D72179E165049C40E801CB96CF334562E5807291D1E0C70FE6CAD91656715F0E5C5E70F8D7F83290549B1BAA6F781D25180EBCA93EC84E72A74081CE3020789B3790E1A9E478E658C099BECFF01E530E80EC5FE31204ACFF70AF8177A03059240CD074978A002A878BF883FEEC81
311
DD684E406CA630ACFDE87292822A11953710F000885D6F68A67ED40CD772B0828359B753F7CE23D9479AB9845771B389D6A77130F8C134EFC83947392029B10E4425440A84AF0E54825228FC1634D369874739C837A9DDC83C20D320C36042610ECDFA750303710224D01202488012CA847424F8D53F78AB6BECE9B3B35A7F
311
32396AC6B7444566327DBB4DF06FD9616744F4D3A397EB3B0A3FBA8D763702883ED742FE5CD24146D8E353ACCF811C806AE09914D8446E93840FF4D6C963FF32BFB6AB015D1D3B0C9A0968776F021F21404B6260CF84A14F35180CE20B5E85BDA2EC91FD5A7DBA7E5705F4F0F97AF26CE18E3BA078138202400A62930FA6CC
311
7882F911A92F33E547E64990B0F27323D73B6222863F86425153FA8009361C675554C25382CE148420C8DCC47A20122806CA178A0918C14CBD33440289078A00EC6070184CA9907FD0A1270478E0B325B67C2193694EDB7DD0F3C238447C8A11485562FB4902134E6AC952FD5320A4F7C780882DA9684285CD81D278C0E8FF
311
8DEC9F45D22DC3C2CA99C2728110888799575B6834BF22B0F01EDE72D7F21B672C40F0A972999E2200B7C91403F9BB3D09C01990819238CBAE5E7510D7D57450507E3DB04AAA0A3C280064E0775380C8C16EEA4834346A04BF0CE847B4B3AF760D06D24BBB267C32E2C9257DE5EB748AD101AF1FD33265E2B674EED8C01A0A
311
C901392211011AC810560F77778E85B13BAFE3E25C95B70919A4862C15928BD8989664AD8638101D009A80F00BDC41AF27602A4BDA0C077E550048E7F1011410F01405045E1C140B4D0E70E0F6E034171C3D6FD12004FCC1FA304312518910356628A4A326EC9ADF5DFFD1B2C0399503F14B4F8E3E0E4E39A06ABCB56A8014
311
687E86E462BDDE5124615ECDB412B7314F62E6E0C76ADEC0F717B360E741960104CF1706CFA18E0605004B01AE007869B095ED92144A807841EFF2811C047889A04901C809062057192688C92346F97F279449F89B113500BAD282D1DA80A55C27EFFE02C8D4F395003F285B617BBF0831F49B055342DDDD414378E8888E92
311
C16789F269A27C9A221FAA4A0DFDDB9F935B2ECC04DC51481558A69301E0460B02665AC4DD30C03D480866C3409400051811876014C0F294C542821AB045011A3E3F09001FF304E3A0BED05CC11A811B865001769507FC01ADC611F400CF68C7B093606E30F3C7E0F00C1D10C31951C1E2D7252181DA00345842A19130715C
311
736EC9ECE686A712FDB31E4D3E50AB336E5666D7B212C0113C4A4406029709B43D0228F3FBAF49921B19CA0C82A2D5BC4A2079809240F37D3E10F9637607C3983F0458508A98B8B4EFC92AC13530180CF55359500080061DF59B98BB3FEACEE881DC8127F182A885A86FB12B43C590A4380504E32305E3148BBEEB2D278202
311
9765428092545BA5C2C681FC5F8E869C0EE1034A822FF09A12C94084505AA868080303473F8161F7AA0A6610745E280BE4427FB770106F8800EADABA19F453210435BDB2348471B13B65F2FCB554827632C4C44467333E4127095D22092ED492009930413251B5408345065065E415266E20279A40B3F520370BE2050C8360
311
E6BB4601C1673B9BFE007EF5200B6483CD195400A783E6DEA0653515B0FCE8E86D1618FC1EFC15C2E727F24F2A2DAB57326D8D0877D4E298894E7A0C3C7D9CE8A0E2D17AA2020FA1097D6372F2A9F955060FDD467AD0426368C24A8340FD0D6687A76316DEF5179ED9042005A2BF02A5DD810A4DEFA4A8F700EFC50FF4FB8C
311
06410F0303C106ADF8852ACC6A2CA9046E9ED070739339857222CC009E206479886EA26227BF7A341A15C351A8404A6C10080A2140FA4B4E8D9B9A11645899332363FD69887F436A660566964250FD752E787B64BCF8E6C8190DF8EA0C854C062D8A5A1346F810414313E606ECA0AC3A01D6928544029D5F42E202C0CB386F
311
880F7842A31287061F32F3CBE09F2950783394F2F2B23D85386C6F51943E99DD10C8A0000BA9569A14805693274BD0E4F4DC3F28E331EEA91C4F33ABE057889BFB92819187840A08E57A276A8BFCB75B0342668C70C565C8059996D209C2800941A21FB82B2F520BC2E6FE6F1A8827043DE17000DACC8193E78BBB8DF14679
311
78C06F6AFE986123E3A95272CAC122046F4C65C4B88FED2F1CD1D918F7CDBF8903BF1A90057D42F4DC133AF804ACBB58446A0DB78806FC053FA1E45D0AF1112613CC0DD976C5E70AD3282F42725C0D02AC8588DE451B1C01ABF063E7748A3882F0DD484BB78D037F9812240EB88B6034C0AD53E5116D4C6D920C6A89F084E6
311
D0598AD7EB6930CC7B293E27A666E5CDFE9A3FA52FEB3C97976FDAAE9A60008FCA6B33099CF9880D35D419FC687D424378E3099441E110C5B3C6DC311E6653514A67A530D863326C4D8430E0C28024803B5B069B0E60C10EDB6DF087034171DF01F1F3404B27B1056D8C0E56E7CA6056E7798147BE4C2F01CED5987E413AC6
311
A724876DE3F599E0601CE7B9CEF3BEB3671E12DCE8AF9631B8031D3F360B6955DC2342B2A0E4632A00264C0DA002220CFEC3E10D9BADC8904D88DC51928593AA16C91DF6FFF82B3234404C7214D0F8608E0052283EFB2B0563F1D072936C4017706010BCF1B16CDE0C1FA9C777E44E1F5259B0C9BBC8794A82A6C182A3AF56
311
B16921405351FDDC91B5BAAA617860E8D76C97C377FE701A4EB4378FA97C2C8E3CC8950886C6FD93AF70A1F5F676B7ED16CBC56AF5D09110EEB8607CC08A795882358280DDB98AFFE7087C6EB593D62F041CDB4018935238E73F1098100D0C8769818F777057F64C703C6530E142FDF5C837AE1CF66C94C4887D3A3726AB99
311
0DEA248F73B5D32C8E04F6714B1E67C53FC52040252E605B322407CBF8C7F05453462A295ABF4D95592DDD76AC23512E9A2DF964715C80DD752CA8E263AC36F02C3C28A133EB22AC8D099BDEFDE28C3E8FFEE3815D5D00C17C00511058354D62443C1A546280E43572A9C661A34FA5891F8E7570608C8DF21DF51DF9D2A84D
311
4501F41B8CD4F4C9DEB2F901E810C0E4CEB6EC08DFB06341C864CF8D0EEE779A606545E1E64AAF30A4324C20FDD3BD558BD966BA994FA915CD162B1978642AD01694E533EC190368A68234657085B5F88E27A0805E04B8BB6A00A51646EE3C10A50FF007FF410F1963CA69BE2002F0F902E701AEC995FD41F83A3F0C3809A3
311
288A083003A6CC2A20E6D703EE48E3777AC07ADD51EB6101603A9FCF17B3D5928F6D742EE7E4CF38AE2B03C5FB39C81D7B2978FAFE85AF3D2710B0582C970F0FEB0E4D1103B8BE2B4D560CA10002FC8F334C891C07B44FE06B2E3ACE5E1E2D1FC32203110ABF9CA0E8381F68EC3C06701328E5A38278A5FCD944CEA5283DA9
311
33DF2A2448BD23F1C5D8BE04CC2DC3B43B3EEC29F8B5FF926D11D3E97EBF7FA1BD1E5E5F5FE6D3D972F548547783146ECD84873F377C5820F7F9FCE5E07378D6CBCB7E036DF7F7104079A05B77C6942D1BA95D47424BFC3DB6411009A42E207871B7EE9B06614BBD20F22F7523FB985F3F7068E37600273A3ED0C1CCC380F6
311
EC4AF01CC1CF95E4848B7BF950AD14C44F10460221E02D21D01DAE800F323704C00035DFE97CB37F797D3D1C0E4FBF35EE1E5E9E0E879FBF3DF6F474780A01FB3DAF01FE0C0798218007C2090A3008BA7682A338F4A8804A06CBFE6A80CEC766F49853F15B2F45FCEA3F8250012841315016E75E797EFEEC4ACA6C79F515CF
311
1738F7C36E2406071051043817C9E8C5888D49D0332E800062FF54FA562BF7446CC0BFDFBF8603D1FEFCC9F7FFB5A7F000430755C2D3F72F2D02A022820897ABDD44594475BDCCA4A10AF34C06B08B4AB58BBFAE30999DC66C7CE903A83CF8EB006EEEAA063430F84B05F0ECF644825F5E95073870E72A0771AB89B080022A
311
0C5A9FAF34C89286257FB7BEA000EC65B59750C68E0815B0D9834B15606328F80709DE09018AC2A7817F83F96DB3D562C10A0A31300230CD4200B87F85808BAF64D04600254047F9C14DE93464009E7F5AABB4FDD6D55142A2C0BF1541FCE19C20C899BF4F76AB54B84CB97F88F48ECC029FD253F0C70DF4816B9AC94BCBD6
311
53B1A283C4001A0337955E4AFED3FB790B6B1F5EA0B5514074103A38D84280EE0F5F9BE974EAB2D16AB1EA969684B6E4166CA28264B300474C7308D20013B204A65F82970718D05678B3315D442E1C0A327E2F56556040C005D2FAB1326A68A07507C9E46A3648555A7080F5F50219A00E6222E3E0862CE95B568093053074
311
2F1D041805E69B788161F015944D041182B861A2C17F3AF01CF5BFDF6C343F9171F5B004BF59C016719164B888EA206A02AD05E8464D06B48E4381A0E9345FD171625AC22198F57C003BEA5510F81FF78D31C9B033D0030000000049454E44AE426082504B03041400060808007882485B28BB58AF800100009E0500003D00
311
000039364539373041452D414430452D344242412D423139432D3535423834364345423635422F536368656D61732F436F6D6D6F6E536368656D612E786D6CBD544D4FC23018BEFB2B96DE15493C78601010A34B880709DEDFB52FD0D8B54BD70DF6EFED3AC0B12E6442E2716BFB3CEFF3D18E26FB440405EA8C2B1992E1C3
311
23095052C5B8DC842437EBFB673219DF8DA659866649B798C078B48AE6410122242F2A4994AC7F93815DF85C049C8564CA0A901499DD886B2EB9B1E02448F358701A9235880C49A0119892A20C89D1B9FD768815CAD268CB5E0355B40B1E47F3E37A2020464BED06AA57CE8FCC20C3C3446D46761A2632A8C1283D07031EFF
311
2AE7CCB1BFEEE916E406DFAC8E36FFD99A9D60A6944090EEDC3B670C7DC13DE86B6B2C5C240D6E503BB85ACD579D513F1B9F9A69DC9CC22AFA80C426D40AF0B21EA168559156B6276F0F726A6BFF04DCD513A87A62CAD41FB24FCB2858B3952E3D852084DA25B9303C15687973CC8E8AAE11DF2836C38C6A9E765E8C1BA1BF
311
B1DC29CDFE518C8B5A7655A4ED7E77291ABEB80DBD82EC866ADE1B8D05AF9E35CF09D7A061F38A986D9EC412B8F0F65E5D81534D9B231D1E5A8FE577A241F3A5FD01504B03041400060808007882485B1004A04F380500005C1700003E00000039364539373041452D414430452D344242412D423139432D35354238343643
311
45423635422F536368656D61732F47656E65726963536368656D612E786D6CED585B6FDB36147EDFAF20F41EC7F69A2005E214768278069665709ABE0A3445D9DCA80B44CA89F7EB7B0E2FBAC4B2A32643D10E33505411A9C373BEF39D1B2F3F3D27926C79A144964E82D16018109EB22C12E97A12943A3EB9083E5DFD7239
311
558AEB07B6E109BDBA7C5CDC902D959360CE535E0866DF07A7579733AAB85D5AF234E2C51DD5B081CA7A87DEE56E47E2D6689E735AD0947194500A22A249308DB6F82682A3782C52A141BD80E4E54A0A3609622A150F48C16994A57237097451C2DF462738529D3AC5FCFFB5B401988BC78824973CE1A9A628D91CB968BDBA
311
C335B9A4BB379C6ABF5D2474CD7B9F773F7F78C349F055EF13FE2CF856F0A7379CE2BEBCCE6456F8E316A9E66B5E18E4AC77BF5812F5937FDEF0F5BFE3E3C785576D96659253EB54863A87AB5D98ADFEE24C3B8E38FE48BAE2C062631799EDC8BDDD833C6E88585B9287340B23AEA990CA49B1A473421E81F856D06D9125E4
311
5E6F001C4F7F85D6DECA8C6A835753A250DA50DF92F743409CBC3BFA4C6EFCE2618D302A0CEDDB264D93950002937BC66489A18D0A345DD650415124BE376A745EA9F0E016108E328D14C979C1302CD6BC0A4191B2C2C49112FFC0DB51401288D6A44C26C1B87A160AB6A11E5BD862514BE8B3DB750607BABFF6F781D6A74E
311
ED6EA7AC28FB3BA68C87AC94B2138A99DB41AE7147A71F56659287340123812054CAEC8965690A74E111C5BCA7260158B0963EC50C07E38FEDDFC5C5C70AB6A915F446D44E46C321E46087E23E221E2BC0DA6EB440EE6F44E80CE5AE2E2D2F31AD7AB71B8B139AF730773909401FE0D8DC3FCCFCC3D438DC1176062076C3CB
311
4A9D953ACC72CA84867CDA0361E0910F4EF3B109A07D332211C72556825745A215835F47678059E337068E3ACB0E2EA2B507175B0818FD1082EB4D26186F85BAD33464988F1420E1B9E43D522F8452A450106B04F01362BFF1B2BF5059B60F687C9F663A54396722163C7231012E7480FE916910E6572B6D8F4A54CBF92C5C
311
D324A163C8508058D3F16A399B13B348C6830FB5FD47257A1B8D2CF08253EE776B3A72D782D895363D96020B6C18D3C86359B3C6D45E728B4B9D716893D091E4D533045F495D2EFEF633FF5A660A520A5790765FE52E12F0AC82685E7FFA0398D65528850A132894DDE9F837B1DE48F8A74D487795A482C7122A6DAE377BDC
311
5DC212A465ECD8B03E7E2E208EC88DD9DA89456CFBC477FB798C74389668AB1A75C820AB7568FCBE0B5F94DC9AFF0D038D9F77E49D45B8278FC7177D0DDCE732FA0BCDDB42720FA90E87115FF76375C5696F368AF83103F6A5911FFF03561EE06AD10ABE933AA9DEC398588888137017449E09C377051FCAEED1E8BC3BFA9C
311
B27DA2CFDBF533459F374FC0C4FDECCBF3E06CDC6874E0710421EEAA6CEDBFEE60EB913607436C3F5BBF713F6F42253B9A4A0FD64C08416FA986EB02254B1846D82E7CE2584EBE31E340E9A8247483F07D5B84AE3A5AE0D4C5B202EE585468BA84105B1F5EC00C16FADB133FB7399F390FCF245CBF9027A137FD26D1D65105
311
8D44D9B331A93985CAC2046CB4ED9E0314977128A42C13DB06879A273052525D16BE833B8706BD1269FA69F2B9B109BB55D30D37679986D85848B86F026CF21E74809100180B0D280C36F6015A7DFBD06AEB6F8D503BDCD7DD6DABBBEF54E1FF5EDF0E3AD53C03509B5B816FE9F51BC8026F44DAB82BA989F200C4220B2416
311
6C3037854094FD46C5648D9C42F8B07E53687D824917FED3CE56F3FBA68BE3C6853FCD64F4A00BB85831B1243346654A134805AF5CF39A9DFE22C9906A6EAFE8303A5F4AC4FBE637489CB62EA59B9D529255F326CCC28ECB77F812A7D6E63DF957504B03041400060808007882485BF702076DC3010000E604000045000000
311
39364539373041452D414430452D344242412D423139432D3535423834364345423635422F536368656D61732F52656E6465724D6174657269616C536368656D612E786D6CA554CB4EC33010BCF31596EFF405481C9AA2A64851255E4A816BB438DBD4926347B15BE0EFF1236982021512B925E39D9D9D59677EF3510A72C0
311
5A7325233A1D4D2841C954CE6511D1BDD99E5FD39BC5D97CA9359A0DDB61098BF9CBFA961C4044344599637D0F066B0E22C074BC98C7A0319C58A9B254B2435ED23BC2F388AECB4A6089D280B18D139496815152EDDF046711DD82D048498D902B293E236AEABD7DF74D5D839F69EE1D9F48E1F3BF448FC9E6BF144F351E38
311
BEFF9D662D0D16587B77825FAF2195BF515C395B563BC5197A0AE68DCF363BA831CF7C7C8D7F0DA23D42898037B451BA833673DA92BC82D87F636ACFFB0CEC96F4EA30EF9A0FEAB85D91CAED89348D80E9B178DDC3ACFC71D06F2528A182138DD8672E4DC6DC57CF91467432BA985E4DBE3DB399079353607C0A5CDA0B70D4
311
E65A122FA41BAEEF6C272908D315B076451BD55EB0FF9E092E11ACF8C6B5306028F9D5F15EB95426D31532BEE5D6EC700FBA0C1E94211D7ADC8341143D429D2671564059C2EC72108B4EE3847890CC4697DDF8A708DB01FD7AD8209A41EFC2DCFD7063A504821C7869545188D6C16DF801342CCE6B276363DC8EFA4AFD0E86
311
ED0677C3B77747C7FD3FD617504B03041400060808007882485BE163470551000000570000004700000039364539373041452D414430452D344242412D423139432D3535423834364345423635422F4173736574446174612F41737365745461626C654F66436F6E74656E74732E62696E5361606030713575B5707336D475
311
317572D335717173D1B5303134D375363635363271723434B3701402AACB4D2C492DCA4CCC492C28484D2C4ACC4B4E050A82012F90744FCD03CA26072767A4E6260200504B03041400060808007882485BC55C663656000000680000004500000039364539373041452D414430452D344242412D423139432D353542383436
311
4345423635422F4173736574446174612F53747265616D56657273696F6E5461626C652E696E665D8CBD0A80300C06F73E4B29FE6CDD8A2E82A083B8B7F209014925C9FBA3AEAEC7DD2555D896CB85E51C2A1BD834F6A1F56EC4494C4695278364ABB24ABD2146F88CCEBB89D5321FF8F3F43D672A3B44DF3CB6A1710F504B
311
03041400060808007882485BAB2C283E38010000A20400003600000039364539373041452D414430452D344242412D423139432D3535423834364345423635422F4173736574446174612F636E782E786D6CCD94314FC3301085FF4A6489317652016A2BC71582A51348540C6C57E7D25A75ECC8BE20F8F7D86D0650115387
311
AEA7EFEE9E9FFC4EAE3E7B5B7C6088C6BB86D5BC62053AED5BE3760D1BA92BE7AC582919BCA71F182B1CF4D8B05C664AEE821F87A9D46207A3CD556BDC612A3EC488B481ADC5E7EED13B42479115DA428C0D8B7A8F3D7018C9B7180FBC05025EF380D18F41639A44A6C769920E08842D53B36A7657D65559CD37F5FDB25E2C
311
6F17EF526452C9ADF776E24D5A16FC7033ABF4692F5395141950720C66A2F26B98FA4B25DF1A274522958C14922B53077D0DA90386C11A0D94CC135E13529920845E8A13ACA4C82EFCF2E2093BE34C6E592769403EBC248118C8E0157AF29FDACB7BB37691C069BC6647CE355EDE87D7E32F7A3BC5F2989BEB4BCBB9466E5C
311
7781AC88E33949D1C9D7457D03504B03041400060808007882485BDDF44895E7000000600100006700000039364539373041452D414430452D344242412D423139432D3535423834364345423635422F5265736F75726365732F34453545384643312D443542462D344446442D383431362D4333353332344241313638412F
311
7468756D626E61696C2F302F636E782E786D6C4D90C16E03210C447F6585D4E32E6CD45649E4253F91532F15659D2D0A8B1198AAFDFB42CB21A7B1C64F9667E0F2BDFBE10B53761416314F4A0C182CAD2E6C8B287C1B8F62B8684844FC808921981D17D16CA1614B5462B756BC99E29BEB5DB87773C380C9D9F7183631586F
311
725E44B69FB89BC914A615F37D5A0D9B699E12662AC9623DC06EC77EC026348CABD0077578196735AAE3757E3DCFA7F3F3E90D6423357C10F9CEBBC098283E1D94A53A86FA8F02D9000D25B94EB510423F3C07B22E35644E357F87F82756C8C4E89D355C6B92641979AC109A1DE43FAC41B6BC55FECAA8DABAD1BF504B0304
311
1400060808007882485BA233C2345D000000800000006500000039364539373041452D414430452D344242412D423139432D3535423834364345423635422F5265736F75726365732F34453545384643312D443542462D344446442D383431362D4333353332344241313638412F7468756D626E61696C2F636E782E786D6C
311
4D8B490E80201004BF42E6EE76F3C0F216234B883063108CCF170C074F95AE5473F5C4C06E932E4F28601967600677D21E9D8092EDB002539227A2FCCB80E1168D80A6417297A89C5D6963B7129A0D1E8F2EE73AA7B62BBEB8B27DE50B504B03041400060808007882485BBE89762363000000880000005B00000039364539
311
373041452D414430452D344242412D423139432D3535423834364345423635422F5265736F75726365732F34453545384643312D443542462D344446442D383431362D4333353332344241313638412F636E782E786D6C4DCC3B0E80201004D0AB90EDFD75167CCE820A4A845D83603CBE602CAC26799919AEEEE0D965E2E9
311
08050C6D0FCCE04C8BC355404EB6198129C92351FAD580A10E464065907C8D948F8F166375F655BDC3FDC3B4E530A176BE7057BDC43B2A593FE403504B03041400060808007882485BB4F2EB877E000000A30000003600000039364539373041452D414430452D344242412D423139432D3535423834364345423635422F52
311
65736F75726365732F636E782E786D6C4D8C410E83201405AF42FE9EB62818168851917B988A8614A1A1D2F4F885C645572F99BC19D17D7687DE26BE6CF02D90CB0D90F1F7B058BFB5908E1573409D143184E3EF06C8CFBB69A16090628B213D4FB498754EAE5067FDE384746213D723C18A0D1A53A515E6943478AC595DD1
311
A1270DEFB3712D4A9E5F2F6FC9CB2F504B03041400060808007882485B982B2AB60C010000550300003400000039364539373041452D414430452D344242412D423139432D3535423834364345423635422F536368656D61732F636E782E786D6CCD93CD4E032114855F6542E2728099A8691B862E5CB872A3AEDC2173DB92
311
0277C28FD1B7172A8B3671A78BEEE0E4CBCD3907AED87E3ADB7D408806FD4406CA49075EE36CFC7E2239EDFA15E9B65204C4748691CE2B0713A93291621F302F4D9A61A7B2ADAA35FED8C407740EFD8B3E8053A4D356C5389178BA529513CE108F745649D1810688988386322119076D820EA012CC448E7CBCEB07DEF3D5EB
311
70BF19D69BDBF59B609594E21DD136DEF80401979B916B2C475F0C71C12A20450EA651350591E7EE68E943B042481153282D34327D2D8554CB628D56A994C54EE00F2305AB612F223F828760F4B566BEB0F76FA19FC1CF109ECA4B05A3ECB566FFCDE5DF2A60A70D28DFA02E84FC06504B03041400060808007882485BE360
311
3EBE7A000000C20000002C00000039364539373041452D414430452D344242412D423139432D3535423834364345423635422F636E782E786D6C6DCD410EC2201085E1AB90D9DBEACE05D09878023D01A1D34A8419C380F1F82DA68B9AB8FDFEC93C3D7C52546FCC12980C9CBA232824CF63A0D9402DD3E10C6AB03A3397DD
311
192872090D3406ABE7CCF5B5D18893ABB1690CF4DCF02282E5EA8A5BB96FFE536F285CB347F95BEFFE81C9ED5AFF9D5B1FB575BB00504B03041400060808007882485B89FCBD877D000000A300000007000000636E782E786D6C4D8CD10A832018465F45FE7B378374095A68F3416259C84CC3E5D8E34F4717BBFAE0F09D23
311
86CFE6D1DBA6978B41427321806C78C4D98555423E16DC011A7A91623CFE6E80C2B4590915432FD614F37EA2D92E53F6957A179E27E4CCF01B5106AB3B31B8D55A61DDF01153AABB968D4633AA8B71AD4A995FAF6CCDF75F504B03041400060808007882485BCA1DF9C9A900000073010000130000005B436F6E74656E745F
311
54797065735D2E786D6CA590410EC2300C04BF12E5DEBA70400835E500FC800F84E0B411AD13252E2ABF27A55740421CEDDDD9B55CEFA7A117778CC979527255565220197F75D42A39B22DB652EC9BFAFC089844F65252B2630E3B80643A1C742A7D40CA8AF571D09CC7D842D0E6A65B8475556DC07862242E78CE904D7D44
311
ABC79EC569CAEBA537E3521C16DF5CA5A40EA17746733E0B6615DE7217475F386F18B9481C510F1F021CD9FF027EA0E1F5C4E609504B03041400060808007882485B3DEE336E64000000790000001B0000006175746F6465736B2D64657369676E2D7061636B6167652E786D6C35CBC10E83200C00D05F21DCA56CA76D41FC
311
96062B120735B69A7DBE268BB7777961F8D5AF396893C2ADB70FE7ADA196782C2DF776D7A97B5933C430F15651E5469C55D70F80A4992A3ADC954792C525AE70A1E4D6AD9816CC044FEFDF01FE3FDE907802504B03041400060808007882485B789B0AA8F7000000960100003700000039364539373041452D414430452D34
311
4242412D423139432D3535423834364345423635422F4173736574446174612F636F72652E786D6C8550CB6EC32010FC156BEFD8C68FC8449828ADE52FE8A93704C44589C1E251F5F30BB12BB5A79E76353B33BB3BF4F2B53E8A4FE5BCB666045CD6502823ACD4661921861B1AA0B830EAAC0DBF685018BEAA11320C8C2ECE
311
C6ED80843541998C1A2BD50172EF5580423C523382171F6AE5258F2131FCBDDCB8B8F34595B8DC798CC6A8E521D532B9E99B560E1899A67E989B17848757823A326074C57D87FA7A6EE7D3D493B6C1B4CA6246835E7FB60BA77850125853373DC235AA87377C3A6372EEC83BAD3293511F5CFAF9589ABF0376CD574F3C705A
311
EDD33FAE7193FFBB466D42DB1CAEBBC203CB473E078C5639A5549E11A69A1365DF504B03041400060808007882485B69D4CEC8F30000008E0100006800000039364539373041452D414430452D344242412D423139432D3535423834364345423635422F5265736F75726365732F34453545384643312D443542462D344446
311
442D383431362D4333353332344241313638412F7468756D626E61696C2F302F636F72652E786D6C8550CB6EC32010FC156BEFD8C68FC84498A8ADE52FE8A93704C44189C1E251F5F30BB12BB5A79E76353B33BB3BF4F2B53E8A4FE5BCB666045CD6502823ACD4661921862B1AA0B830EAAC0DBF685018BEAA11320C8C2ECE
311
C6ED80843541998C1A2BD50172EF5580423C5233821737B5F292C79018FE5E6E5CDCF9A24A5CEE3C4663D4F2906A99DCF4552B078C4C533FCCCD2BC2C31B411D19307AC17D87FA7A6EE7D3D493B6C1B4CA6246835E7FB60BA77850125853373DC235AA87777C3A6372EEC807AD3293511F5CFAF9589ABF0356D36A47FFB8C5
311
4DFEEF16B5096D73B8ED0A0F2C1FF71C305AE574527946976A4E927D03504B03041400060808007882485B18553BAAF9000000960100006600000039364539373041452D414430452D344242412D423139432D3535423834364345423635422F5265736F75726365732F34453545384643312D443542462D344446442D3834
311
31362D4333353332344241313638412F7468756D626E61696C2F636F72652E786D6C8550CB6E833010FC15B47703E611E1C8384A8BF8829E7A738D43AC808DFCA8FAF9B50395DA534FBB9A9D99DD1D7AF95A97EC535AA78CEE01E72564520B33293DF710FC0D75905D18B5C6F85F34C8345F650F090646676BC27640C2682F
311
7542B599E40172E7A4874C2CB1E9C189BB5C79CE838F0CF7C8372E1E7C9639CE771EA321A8E990AA29BAA99B9216181986B61BAB1784BB57821AD26174C56D83DA72ACC7D3D092BAC2B4486246BD5A7FB60B2BB99713B0AAAC5A844B54766FF874C6E4DC90775A2426A3CEDBF8F3B1347D07CCDFC3FAA1B95A68B14FFFB886
311
6DFADF3528EDEBEA70DD150E583AF23960B44829C5F28C30D69428FB06504B03041400060808007882485B3BC6DCDD0D010000B10100005C00000039364539373041452D414430452D344242412D423139432D3535423834364345423635422F5265736F75726365732F34453545384643312D443542462D344446442D3834
311
31362D4333353332344241313638412F636F72652E786D6C8590516F83201485FF8AB9EFA820186C90A6ADF517EC696F44A923AD600496FDFC49EB92ED694F971CCEE1E31E71FC9A1FD9A75EBD71B6059C9790693BB8D1D8A985186E8843769462752EFCB24166D5AC5B48324831AD2E2EBB34381BB44DAA75A3DE45E5BD0E
311
900D8FEDD0821F3EF4AC7215C3E6F0F77C51C35D4D3AC7F9CB27458C66DCA366DC5E3337A357904DD731DE9333C2FCD220DA708C4E9851C4CABEEAEB8E3515C1A248612982997FE8C3AA55D0234852128670894AFE86EB036E0EB4791745724AE1C3BAEDBC43D37620E9955D797FC1A863E71ED1AEEF10A7B846978A55849E
311
4FB8E62751BC827F807119FF074663434576E02BE141A6FF3F2FA4285281DB78B6BBCD54B6FC06504B03041400060808007882485BECC76DF5F9000000960100003700000039364539373041452D414430452D344242412D423139432D3535423834364345423635422F5265736F75726365732F636F72652E786D6C8550CB
311
6E84300CFC15E47B80F058C12A64D516F101554FBD45C14BA35D129447D5CF6FB250A93DF5646B3C33B6875DBED67BF689D629A307A07909196A6966A5970182BF920EB20B67D618FF8B0699162B0E9060E06CB1266C07248DF6A813AACD8C07289C430F99BCC76600273F7015B9083E32DC2DDF84BC8905739AEF3CCE4250
311
F32155737453578516783F8E6D3755CF84762F3D69FA8E9227DA36A42DA77A3A8D6D5F57941549CC9957EBCF766951789C815765D5125A92B27BA3A733EDCF4DFFCE8AC4E4CC791B7F3E96A6EF80BFA233C14A74ACD8A77F5CC336FFEF1A94F67575B8EE0A073C1DF9187056A494627944186B4A947F03504B030414000608
311
08007882485BCFEE733CF6000000940100003500000039364539373041452D414430452D344242412D423139432D3535423834364345423635422F536368656D61732F636F72652E786D6C8550CB6EC32010FC156BEFD8C68FC84498A8ADE51F684FBD21202E4A0C168FAA9F5F705CA93DF5B4ABD999D9DDA197AFF55E7C2A
311
E7B53523E0B286421961A536CB08315CD100C58551676DF84583C2F0558D9061607471366E0724AC09CA64D458A90E907BAF0214E29E9A11BCF8502B2F790C89E16FE5C6C58D2FAAC4E583C7688C5A1E522D939BBE6AE5809169EA87B97946787821A82303464FB8EF505FCFED7C9A7AD236985659CC68D0EBCF76E1140F4A
311
026BEAA647B846F5F0864F674CCE1D79A7556632EA834B3F1F4BF377C05EF73B3DAD1EB33F9E7193FF7B466D42DB1C9E0F8507964FDC078C5639A354F60053CD79B26F504B03041400060808007882485B8AFE441E02010000D80100002D00000039364539373041452D414430452D344242412D423139432D353542383436
311
4345423635422F636F72652E786D6C9591C16E842010865F85CC1D1557EDBA4136B2F50D7AEA8DCAAC25BB82116CFAF8C56AD3F6D69E203FDF3FC33FC3CFEFE39DBCE1EC8DB30DB0240382B677DAD8A181255CE911C859F0D9B9F0030362D5880DAC32083ECC6E9976A97736A05D55EB34EEA2F21E0390FE1E2F0DF8FE1547
311
95A82544C2DF9249F5373560C2928D133C98F1CBDACFA8026A107996979465343B3EB1EAC4EA53513FF37425055F8C0D877C6F86E30B6AE2A6102381280F3CDD9E23B618BD4346C74F9AABC119445D75F543D676B47DCC3A5A48D952C9EA0B2D4B792CAA4B27AB52C622D12CB80F731CCD5E641DC25FED9BF157B465D2FF8C
311
B6393C08F61D2A5DE72C78FAB98478AE3B111F504B03041400060808007882485BC5BEE1C006010000B201000008000000636F72652E786D6C8D504D6F842014FC2BE4DD51F063A31B64D3D6F80B7AEA8D0A6BC92A18C04DFBEF0BAB4DDA5B4F8FCCCC7B330CBB7C2E33BA2BE7B5351DD08C005266B4529BA9832D5C7103E8
311
C299B336FC92013262511D2418389B9CDDD6031AAD09CA24D458A90E5078AF02A0718E8F0EFCF8A11691892D4485BF65AB186F625219CD761D67412F3FABA353222809BC20458D29C1A479A5A7336DCF55FBC6F2A4E46CDBB43CACB48CEEFAAA9503DEF67DDD0CC533A6CD4B8BABB6A1F889D615AEC9500EA7BE6ECB82B23C
311
2D73E6838B7F3E8EC49C0179714FBE2CDF29CEDEAD9D0F410C259135F31770C2F244FC09BDADF21FA1B50965711CDC373CF014E84144E3D4601C8F7AE34C6DF36F504B010214001400060808007882485BAE186D7B21010000A80100004F000000000000000000000000000000000039364539373041452D414430452D3442
311
42412D423139432D3535423834364345423635422F4173736574446174612F446566696E6974696F6E4974657261746F7250726F706572746965732E62696E504B010214001400060808007882485B60BC01BD0A0100003002000045000000000000000000000000008E01000039364539373041452D414430452D34424241
311
2D423139432D3535423834364345423635422F4173736574446174612F496E7374616E636550726F706572746965732E62696E504B010214001400060808007882485BB5A795FFE3790000DE7900006B00000000000000000000000000FB02000039364539373041452D414430452D344242412D423139432D353542383436
311
4345423635422F5265736F75726365732F34453545384643312D443542462D344446442D383431362D4333353332344241313638412F7468756D626E61696C2F302F67656E657269635F706E67504B010214001400060808007882485B28BB58AF800100009E0500003D00000000000000000000000000677D000039364539
311
373041452D414430452D344242412D423139432D3535423834364345423635422F536368656D61732F436F6D6D6F6E536368656D612E786D6C504B010214001400060808007882485B1004A04F380500005C1700003E00000000000000000000000000427F000039364539373041452D414430452D344242412D423139432D
311
3535423834364345423635422F536368656D61732F47656E65726963536368656D612E786D6C504B010214001400060808007882485BF702076DC3010000E60400004500000000000000000000000000D684000039364539373041452D414430452D344242412D423139432D3535423834364345423635422F536368656D61
311
732F52656E6465724D6174657269616C536368656D612E786D6C504B010214001400060808007882485BE163470551000000570000004700000000000000000000000000FC86000039364539373041452D414430452D344242412D423139432D3535423834364345423635422F4173736574446174612F4173736574546162
311
6C654F66436F6E74656E74732E62696E504B010214001400060808007882485BC55C663656000000680000004500000000000000000000000000B287000039364539373041452D414430452D344242412D423139432D3535423834364345423635422F4173736574446174612F53747265616D56657273696F6E5461626C65
311
2E696E66504B010214001400060808007882485BAB2C283E38010000A204000036000000000000000000000000006B88000039364539373041452D414430452D344242412D423139432D3535423834364345423635422F4173736574446174612F636E782E786D6C504B010214001400060808007882485BDDF44895E70000
311
00600100006700000000000000000000000000F789000039364539373041452D414430452D344242412D423139432D3535423834364345423635422F5265736F75726365732F34453545384643312D443542462D344446442D383431362D4333353332344241313638412F7468756D626E61696C2F302F636E782E786D6C50
311
4B010214001400060808007882485BA233C2345D000000800000006500000000000000000000000000638B000039364539373041452D414430452D344242412D423139432D3535423834364345423635422F5265736F75726365732F34453545384643312D443542462D344446442D383431362D4333353332344241313638
311
412F7468756D626E61696C2F636E782E786D6C504B010214001400060808007882485BBE89762363000000880000005B00000000000000000000000000438C000039364539373041452D414430452D344242412D423139432D3535423834364345423635422F5265736F75726365732F34453545384643312D443542462D34
311
4446442D383431362D4333353332344241313638412F636E782E786D6C504B010214001400060808007882485BB4F2EB877E000000A300000036000000000000000000000000001F8D000039364539373041452D414430452D344242412D423139432D3535423834364345423635422F5265736F75726365732F636E782E78
311
6D6C504B010214001400060808007882485B982B2AB60C010000550300003400000000000000000000000000F18D000039364539373041452D414430452D344242412D423139432D3535423834364345423635422F536368656D61732F636E782E786D6C504B010214001400060808007882485BE3603EBE7A000000C20000
311
002C000000000000000000000000004F8F000039364539373041452D414430452D344242412D423139432D3535423834364345423635422F636E782E786D6C504B010214001400060808007882485B89FCBD877D000000A3000000070000000000000000000000000013900000636E782E786D6C504B010214001400060808
311
007882485BCA1DF9C9A9000000730100001300000000000000000000000000B59000005B436F6E74656E745F54797065735D2E786D6C504B010214001400060808007882485B3DEE336E64000000790000001B000000000000000000000000008F9100006175746F6465736B2D64657369676E2D7061636B6167652E786D6C
311
504B010214001400060808007882485B789B0AA8F70000009601000037000000000000000000000000002C92000039364539373041452D414430452D344242412D423139432D3535423834364345423635422F4173736574446174612F636F72652E786D6C504B010214001400060808007882485B69D4CEC8F30000008E01
311
000068000000000000000000000000007893000039364539373041452D414430452D344242412D423139432D3535423834364345423635422F5265736F75726365732F34453545384643312D443542462D344446442D383431362D4333353332344241313638412F7468756D626E61696C2F302F636F72652E786D6C504B01
311
0214001400060808007882485B18553BAAF9000000960100006600000000000000000000000000F194000039364539373041452D414430452D344242412D423139432D3535423834364345423635422F5265736F75726365732F34453545384643312D443542462D344446442D383431362D4333353332344241313638412F
311
7468756D626E61696C2F636F72652E786D6C504B010214001400060808007882485B3BC6DCDD0D010000B10100005C000000000000000000000000006E96000039364539373041452D414430452D344242412D423139432D3535423834364345423635422F5265736F75726365732F34453545384643312D443542462D3444
311
46442D383431362D4333353332344241313638412F636F72652E786D6C504B010214001400060808007882485BECC76DF5F9000000960100003700000000000000000000000000F597000039364539373041452D414430452D344242412D423139432D3535423834364345423635422F5265736F75726365732F636F72652E
311
786D6C504B010214001400060808007882485BCFEE733CF60000009401000035000000000000000000000000004399000039364539373041452D414430452D344242412D423139432D3535423834364345423635422F536368656D61732F636F72652E786D6C504B010214001400060808007882485B8AFE441E02010000D8
311
0100002D000000000000000000000000008C9A000039364539373041452D414430452D344242412D423139432D3535423834364345423635422F636F72652E786D6C504B010214001400060808007882485BC5BEE1C006010000B20100000800000000000000000000000000D99B0000636F72652E786D6C504B0506000000
311
001A001A00210B0000059D00000000
310
504B03041400060808007882485B000000000000000000000000370000006662782F36434234433331322D333830312D343344362D383732332D4246433736343137303338462F617474726962757465732E62696E504B03041400060808007882485B000000000000000000000000350000006662782F3643423443333132
310
2D333830312D343344362D383732332D4246433736343137303338462F76657274696365732E62696E504B03041400060808007882485BF270F1330600000004000000360000006662782F36434234433331322D333830312D343344362D383732332D4246433736343137303338462F747269616E676C65732E62696E6366
310
60600000504B03041400060808007882485BB5A795FFE3790000DE790000420000006662782F36434234433331322D333830312D343344362D383732332D4246433736343137303338462F7265736F75726365732F322F305F67656E657269632E706E6701DE79218689504E470D0A1A0A0000000D49484452000001000000
310
010008030000006BAC58540000000467414D410000B18F0BFC6105000000017352474200AECE1CE900000192504C5445818181B3B3B35A5A5A4848486060605C5C5C6464648383835E5E5E6262624E4E4EAFAFAF4A4A4AB5B5B54C4C4CB1B1B1858585B7B7B7585858ADADAD7C7C7C464646787878ABABAB747474A7A7A768
310
6868707070B9B9B96E6E6E6A6A6A8B8B8B666666545454565656A5A5A5505050A1A1A1BBBBBB8F8F8F9F9F9F4242425252527676764040403E3E3E9B9B9B7A7A7A8989897E7E7E9393939797974444448787873C3C3C727272BDBDBD3A3A3A6C6C6CA9A9A9A3A3A32020209D9D9DBFBFBF8D8D8D9595959191912626269999
310
992222222424241E1E1EC1C1C1282828C3C3C32C2C2C2A2A2A2E2E2E303030C5C5C53232321C1C1C363636383838343434C7C7C71A1A1A0E0E0E121212484A484C4E4C1616160A0A0A4A4C4A787A781414147C7E7C9193915E605E464846838583878987B1B3B18587856668665A5C5A626462818381A7A7A5A3A3A1B1B1AF
310
ADAFAD7072705C5E5C9D9D9BABADAB7E817EB7B9B7585A58BBBDBB4C4C4A8D8F8D747674B5B5B3B7B7B59FA19F606260ABABA9A5A5A39B9B99A9A9A78F8F8D6C6C6AC7C7C5451AD12700002000494441547801DCBD89771BD7B5A70B8EE04C702641712605CE034890E220088028C93245451215B713AF388E7DFD9EEDB8DD
310
CE6ABFF4B57D97137BE50FEFEFDBA74049B6AEED74869B7E87404D2814EBB7F76F0F67A8835CEEBFA0E42B854AA5B2BB5B6BCC951A8D52A93657A914FE0BEEE39FFE2FF395B9B9C6CAD2D4C4606F4B7FFF8D1B37EEDCB97587F7CD9B4343BD134BABE7DB48E3FFA7A228ECD6F6574E4786C0FC8B5FFCE2CD5FFCE297BF7CF3
310
CD5FFC92B52FFE58BFF9E69B776E0EF5F79E55CBBBF9FC3F5D3DFFB07F5898ABAF7CDA3B74E74EC0CE20230561BF096E97E05712BFFCC59BC80539DCE83DDD6E54FE61B7747DE17FB8980BBBFB2BBD4337DF487881AAE6C5ACC6AF25207877B2B527BFF1CB3B77FA47561ABBD7F7FA7FE146A5B6BD74E3164C7F51449AE95D
310
B412200EC539418717E7F2F11B376FF62E95FEAF1442BED0581DBCA1BD2780D23F506AFA16E1A7AD974EF17876F00DD7BCB187A1A97AE51FCED5BF2BC1F2BBE5B3C19BE27B43CF26DE00933658FE129B109C2FFF922CC22C4260FA01BEFB462A77DEBC35F42F600C3F5B0795D2E9E02DAD5E650B4438A92801B65C35CBAB7B
310
1EE5041CE69D3B6F1822DFB873EBD6AD3B6FBC71EBC6C86AE967DFC2DFA4CEBFF1BF54F6276EBC114E2F43FEC60B01A0D440A868B2920E5C4BC10D60931ADCB871F3268B21D3851B08E1D6AD9BFD4BF57F7577909FAB86F29B982571136AF01DF5FE32AC3BD9406CAAF2440A54CF176EDD01FBADA1FEFEFE21FE4C9858DFF4
310
183458A9FD2B6708A5A5A137E0EE1D11A9EC0C7C58B2C73C0AD6B479BD76B7790CF899E287FA5B06FB7B07C9195B7851FA8794031EF1FC5F9406BBFB23375420286399B631E93B08022A785C4DBF9996EC3551874094D71B6F487E80F6837E50F483BDBDBD83232323AC420A18C68DA196EDDADF68A77F938F78FD972BABBD
310
B7B87FB164AC6FC2CB760365821ACB74AED44FFAD7E7431ECD7E08AC421F391D199998989A383D9D98E8E56F84A318C58D9BFD2DAB73FF5222C8EFAEF4DE7AF30D756E5108683DA471E70D0502099A7240F19E4089D3FD203E620F1B47BF43501E85031AE44B4B9F2E4D2D9D4D51D8970983FA861B3706FF950CA170DE82F6
310
B312CC4F42C8966295F7D725ED29882415DC055F36DEA1FE96FEC141493F05FAA9A9A5A595B333DED5B3D5A533F62183323032F46EFF13EA0AAFA5FBF7C8976F8C10F7280A014832593B90004D52341980D907EAEB73411EB2F1EBC9F507F92746C40E7AE0AFAE54292BAB2BAB67CAE0746264A277B06508168C94BF772BE9
310
765F7BF0B548FE1E07F3B5A521340A5CB5297C4B12811B89E82191ECF3E41B3259C529F135E23CF4C7F961FB13537F5A02ECCAEA76B5BA5D3D3FDF3F2FEFEFB3AA22053E5008833428DC6C59FA2F770595F311F235D427F379BB8A121BD901B96076A388DC4C3C61C7933CCCD770FF375A6E0CE9F535FE2534BF5ADD3E3FAF
310
D71BF57AA951B6D4CFEBFB8864758A26154430080B06ABFF557610ECC93726224F155D1471041E0D42F82F4891C926C1355B0831649FF365F46FF05300A7A790BD8ADEEB0D4AA9569A9BDBADCCD56AA55AE377F5F3F3EA2A34983A1DE91D810543138D7F28E57FF4E2B5335A3928B76EA1CB9B00BF158C8F63A2E788826896
310
D0B5E7C461949ECE089144F8EBEFC7FB4D8C9C4E9DAD60F7FBE572B416C2F2423ECF8B86C439E450DA970634ACFDA977629098D0B2FAF313A36B3869E37AF7853378CDA1171FBEBA95DF1E44FD5144A420588641B0055A79ED91CC0DC41E27064512FB33F1F04D09D0D2DF0203A646A6CECE80DF28356A348CED8C4F1EF137
310
B9319E1BCD29867CA556AA97F7B757567006A447FD375A26CAAFDED9CFDCFB2BB0BEEE8AA5911BC2C7F85DF88A3775389990AA72219D582409210F85A4E66F2987D875C30848023088FDF77E87F96FD7CBA5B9DCCEF4F4C9FC7C676777577B7B7B67E7ECCCE4E8DEE85E81A6D55AA3BC7FBEB242589CE8ED4770E785D7DDE2
310
3FF2587EBF57F50B9E820527316488E5C32D50F979BCA58207297E2B6D658702FFCD211840FE43FC9F3A5BAD9E97E6F21B9FCF16BBBB3A3A5A175B5B1787875B5B3B86DFEFFC687A72674F19D46A8DFDF3EACA59E405375ACE76FFA922C817CE86A89BDD92F400F2C55B7462F610459837D3A61ACF50C7471C8F2F2A9D38C3
310
DA2F068007F80EFCDBFBE5DCC674B1D83EBCBEB8BCBCBC3ED0D3D333D0B3DE33BCBEB0D8DA35FBF9F8CECE68AE020BCE61C112A4C1138CD47F9AD13F7DC6AB9CF9CFCFAF9D0E01FFE6CD503F5B91C5218E2899CA15098714848B04FCE5654884ABF0E554F11F6C21D73D5D5AADD64B7B9327DDAD8B0B7D7D6D6D07070763BC
310
0F3E38E8EB4310EBEB8BC3DDB347E3E37B5842B97C4E44A0C630427E5CFDFB71E03F471E12CA9FF70E055AE141042DD81234B879EB4606361D9328149037D7D76A571A7E974FA20AD0323832713AB5BA7ABE3B3E3D3FBC30307070B0B9B645D93C3CDC3CDCA41CFC6AAC2D64D0D579B4B1B397A7C1BDBEBD7D36657A3CD4B2
310
F44F4909F2B9CA597F4245C59DEC354316F0587020D0C661742BC02869435FD12CF195C422DB3C5A3E2305C000CE6B7B27ED8B7D63079B5B5B878787C787C7C7C757C76C51B60ED60EDAFA06D67B965B3B672677080BB5329E60E9B477847AE2E9EB53E35779FD37EFCD2D0DDD68AA355B6B0D81860502B8B68C801F5C697E
310
9AD62F4B406244CB975560BAC756AAA577675B07C6D03778C17E7C95CAF1B3ABABE3E3ADADE3CDB1B1B6B681014470343EBA979F8B90383545727C63E43549D14FD0F927E5F1FDEFD7263058FE02EBCD1BDCBCA053496BD58E69BC44F9F854D4D979AE9ADB908824382AC1D4014E9756EAF9CE85B6B54DB01F02F8EA5908E0
310
D9D5F1B3E72188C3C3AB67879B07C8A0A767B8B831FE5E7EB754DEAE5261460243FFF07858D8EF0D658BDC563A2C5EF5833C13C90B69248C4DD97842B61DFA7F210A2F6108A0F96B62E2D3B3F3DD939EA47E30ABF5AB2B903F4BE5F9B36757CF65021E616DAC6F60A1FB647274B4B05B2E5341B082D43278F67D8DFDA48AFF
310
9A13F22B34C7586C9992BA6E66CABC190E313E7C811AA57304B421A75B289B9D174CC868C24548823E230B9A5A2DCD2CAFE1F98E61C015CA7E96B083FC59F3ED06EE60F360B3AD6F79787ED278D0A86FAFE00BA9220EAEFE1D5DE1F7855939C3FCC1332426B377F692406E022C010DB437EF009803F0DCFD3B7C94440571D8
310
F2C328F115F47FD324802070BAB43FBA80EFDB92FCA1F7E7CF9FA875CBB327CF9EB08C4DE4815BC4210E2CB7CF1CEDECEDCED5B757490968286899FAF95583BF46F9393CEE6A86D6F618CAAD9BFF0BE22B042412C5CFB50556815CC5BBE33E9F61ECEC26A9BCB8145FD10590078F9C9E953B513FAE1FE387FAC246E14F9E3C
310
E7F5F8194BD6594140876B6B84C5D6799C61A16434201E5237582AFD75C07EEED9863F463284E2E13425A036BD41061259289B6BDC1ED656FC8B8592C9D00701E27CEA749F0D8EF44EAD8C1F80FFF8F8F9D513191F6803384C800097F24069C407CFAE88136B7DCB3D5D4A60B711F19070D83235F77331FD35E71596688903
310
8E2E0B346EAB7936C4162043E1A1F144093695443A570144898BC4079CEF1912809A3035A1D3F361235F90FFF1E3E0FB93C7E2750719F88E7D8E68123883ADB5B18185AE99F1D11C1238A792DC4BEDE8EC6FF503DF377E0445F68FAF4E08D43082D02170F30131A154206CC559A8D9CFDD762B31273E4947A581E0D9BB71E3
310
3FFA07CD02CE2A6BE1EC80167497F2A81CFA3F7EFE58D0CF5D5D170DE4F89070B0BC4040CC17BEAC6B0586C3D3FF0309BC06F44B04A1E13729929B4DF73C44070692C810B08AC3012E8EE9EAE22067796288C193B2139B970B86F47FAD0F98382B1E035D9C32FD318A4FAFCB274F2E1FA772F94411B0CD42493C23393A685B
310
5FEF3E1ACF554AF5F3552A478383374E6B2FDDFC4F6DFE38F4F4ED7A7FE838F488EA852482F412D3CB07E293D02C9F074F12E84C5AAC423271450572A385449844706475FD38DC3C22486A0639E5F1E38B0CFE93CB4B25910EF309A2224BD8DAD40C682C28341AD69047E8539A6AFC14EC573F7FAD10AE0FE6EB13E87B28E0
310
93B513B5803514DE408809BC12A14876DE0A25F643009E9176D9F0C330164285A7444DC8CAF0E9FE41429EE0A2F6A6DE91C0856C501272404A8468822E24C807030B1D33D40D4AFBDBABB411D093D88C86D7205E05FC57EDD1F805FA4CED5920F0CED39157E007CE21757C5DE440ECBCB46CD283E378029B43FB077B4F47E6
310
0E9F61E8D01BE017D7E843EB49F50A2028F1E442FCC90C9EE308E4C0C2C94EAE30B75FAD3A0EAFA57FE9EF960F14BE15638840EAF3BA490BB6850EDB38EECAFD21A0C746D0C4234DBD035EFC7EDD121FA585FAB73DB89FE6A03CF833AB0730E5E2F1A36CE3F202A128934B44E396961121E1F2C9F32BFCC0C140CFE22C1CA8
310
E109B182919696BFB98120234F61B59F7BF46EC30CF067B21A33B0FB3E402448EE266CCD93135A8E823DB31F85E677434E608F53F8100BC0098EA2FD6BC01770E0F2F2D1E5452A711C4BB8486248FAD756D852026B6DC90A2AA5C6B69E9068B8F27AFABFFEE8AB36F1D23985D5960014FD711940800B560250D2272CC54FF1
310
D3A660B275AC3881E349689C1616E1E9044129D032313509DE4700BC867C71F128C400159407C761022BA8A040F40A244788808C60B3AD67A17576279F6F946923191921B0545FC2F12AC0EFEFBD7262B6935679FC7F80629160ABFAEC88E8430E76D82A8DE62ACE50BD4A42FBF03B387B37FD321B37E31C3F063D99703F51
310
60E6C9E5A300CF32A91E0A085A29C0FC507F6C21012303C6104B82C1F1E156DB3229D1A855A32A8352C9077AF733A0AFE0FB3EF81FDF2F0F82C21B0EB06998866878B103305E31EC17F4FD43831E570A2118D1667632D4FFFFB125782F96168A833DBE78C3F11F8383A79D49F58F1E3DBC780417AE6581381E8610604888E2
310
913E12492881274822C221AD04CB0B1D273B8542837460898C686864FF6F801E8269F40AD0481DFAF5E6E9C1F3BE391C325004DF0746A4E4448F7B52C0D5EAD39EC46896B888C4210D68E99DFA2820DF7FF850EC407EB55C3EBC5028611409BFCB8889C90F1C52355AEF98B18100094C9D0EF6F64FD47E5CBF3FF5293DDFB4
310
B50DDD54F351446FA1F14580DC3902C085F593CB24ACC917B213BBC11B3F0A61042FD8B24F4FB9C4556D0CB9E1A880DE89934CE9607F18F81FDD950DD0E1D143F41D56110E227C250621FF098838042BC85B5B6BCBCBC31DD37B34966E9FFD9936A2FEFEA9EBA4182E5CD3E17AE35501FCE0707E5525A7DBC64DFD077825BE
310
37CE0BBE1BBEC061410C660B6E49912665E2B3749C7C9F93834022F74CDE6CA5EB501D9CBC04B768292C5CCB84478F3CA83074092C6082169015E5800D5839DC6C1B58EFE83ECA513BDE3EFB8EF1242D2D4B3FD55AFE03D42F8492AF8A3F21444FA2FA9ABBF525EAF84C09F0168527B0138A85D1EC0443C467B28BF844EAF7
310
6323BE13D7C11F72FED783837B970FEFDE7D7817E077C17EF7E2A1C2C0FE851FE4C008388C15E818958746129E1009D054B67530D6B3D8DA3D59D82D9D57CF70039FF50FFE0DE94089DB269C3655A4F25B38C49D0BD48E59F1526887C18FC5272197F85CA72862A593A4843CD25F920487DDF7AA0441A2C0600D062001F103
310
FCEEA3D8560CEC3EBACB01CAE5A51E420349F602191E5F901893142381351CE17047E764BE50DEAF9E4D8C38B6ECFFACEB141E54A6865A88A60133EE9CBB4C256930B0B168C1C3AB59FE1743FB422C7166082E934AFA5EFA3E4BCE0B69362FA7041818B7FDECE1DDFB4D022007CA23E521F0700AAEB5888BBBF08023E128B4
310
045381542FA256B0D04E28A0C3804E233A1BFB476A2F48FD135BAF9843BEDA3264EB42BA499601F16B566E72C7EA35908ABCB9176BBED43204C696AFD3D7B24B08D3AFA44BE243D88A6D9D0B6562B52F741E1610C0EFBBAF2B0829289A640EC4C8A4FF66A24430786CEBE1E1E61AF9507BFB496EAEB64F8F49B4129EBDEC06
310
5EC1F8A3F228A3CD0950883B41BEC6D1944AE06147289600A7726313AC69A3F91197F1438BCB743E76F01F6EF1D1C854071670FFFE43FF1EDED702EE5A14C85D0C42DF90B86068800659AC88981855E3E774A71C0CAC2F76754EE7CC87C808D1E1E0F6CF47FD4224731337BE1E39C5010823EE997B1491BBD99FC8D8EF7748
310
2BEB5EB2CF66499A8E0F7511B19B3EFBDACB6507BC78731B1B383D02FFDD7BE8DD9256F7D0BA7B46015941097B80018F700FFA024CC08078F51806100ADBFA163ABA8A3B95B9D2F92AC30BC908ED31FABE0CBEBFFF0279B675868F9AA24E9530B08C174055B7F48E4F58002F3E82F0BDFA003E8B431EB6C4A91E4D9B5FFB79
310
1265BA8827BBE5F1BCFA7F789F72F75EC800F8AE43FFAEC42F13009FB905A9A0132015D0068ED7682AC608BA6771038DEDB3B33082891FAB1ABF5614F93238079726B833958796B845B731FCB86316713C1DC581B1E19B424EE32674093F80776F7E27C6FBFAC85C536CD955B96EDA2A3FBF770FF4BE11845470EB3E42D022
310
000E0FE07D161811020742162444668308801E133A4C163BE68F6826A5523071CA78B2FED51F28F8C70FE4190073A3E5D3259D7A288CD19BDE623F10021BAB0C6E327FD507B2741627727EA00D31856492F9F009D7F152D930704E642795C1C1B336E0DEBB7F0FDCB79318543B25341F36802D64A981A690B94259607DE0B1
310
9D466BF8C1C5E1CEF9A3FC5C639FD6117B4BAEAB453F8EFBDA500A67E8BAF76C8A06566E36EE1184E8329419161F83D843D5DE7D8221163E145F56921C3EE383978072129E290A9B7166E63D26BAB1FCDBF710009E4051842390031845F20077CD079407C575F20364C4910ED2A574BC357630B0BCD8DE39335EB175646A69
310
8458F6A346F003A93002E846FFE0C459B8006E506D79BF902908A0AA05CB5E73530E33BA1D3C2EF99C712B7C8B41DF4D2A7830BE8707485FCFAEEB85A09AB6D39BBF7B4F23E00509C20DB04E240822A4B810E04D8D53D10D504C059ED86BB8697F514777717A8F8144D48A4C89077F7EDB00E2D89DC02A7B975640A282C49A
310
4AA84B70B12BFED8EA6584860DFB7EE23FCB00C6BAF7332FF259FA3C9346508813E372F1DDE425065BB61FDF8300F7EEDDBE8D0C6EDF46F7D8823478590AE23759D60DA6B7A9F125EDE8F4A5D2B37470D0B63C30DCDE3D3D59A8D1501EB1B0A5377517BDD6E301F995E3F955F0F58FAC2E81CE172A8344AC03DC6781939D24
310
84B8FFC15E8F3ACCD3954CE19576B942D0A029188EC7013FE59AE90B71292DE774F1F63D60230180B30A2EDC65291B6211B4081128856001A680015CE000708254891851D4B3BED0FA4D7166B466BFF1D2A924885AD12B387FC0FCE6819AC3AE06A7AA4B715F0927B74D119D4A668FB54B8A8C268D8B038A207D10A7B1E95E
310
42195B695BE0240F7408B311257C23F581E987C180140C584A02B1670CB817CEC0A080F259F1360E58452013200E3EC107AC1DF4FD7B0F6D23F33347F9527D9F51E6138E31AF35F1BDAAEEEBA3D71BB402E2FB47CECEE96B4DB85536772B07C82A34F3E66D0BCEC207FEB9E70643761276F7B50D5EE963CFF80C7AF4A2130F
310
5BF8C4EBFB5F07B709840480DBD8007FB7EF3F90104908BA457D43AA2A6A02C91422285E5AAC143F3313A0CB74D9D164933B86C25587134E8D342B453FC982860D09FD13ABE72055ED020E85D3E312F74C25CB0293D978A1C4001927C80B86FD06349126EC219F0C735C8053D8F5F310817EA01F1B7851F406144C211C6362
310
C27DD51F1E310C0102280ADB891E9B085CC528A2B1369A46BA195B9A2B351862CE43174BA73FB7CBB430A5798F4C54B7333B96C3224A9863AD02B9FBD8E63092191924E77C199D92887DA594B6DCF0112857162FD0949FE6A441F5E62E42FB2105BC405A2301A3424601DC807912CB2C39C604A27908021CDA30C4C8C2019A
310
883B3A8BD393BB3546136EAF561980FB63E9E035FF73B96D09A905ACB2C11D79571C5159026227DDBDB81396EB03F14100BEB66DE1FA9EF82C3ECCBE318119C4269FD014E66361FC8BB0B4EA9A98EF3D8848A01360430284335004C183CC25BCA82D2302EB03B8419241C64DF4F5ADAF77B533BE786334BFCBB8DA72BDBEFF
310
C36103AFB30608A0B39B58D93F0BF42180841DD26BDC22CF0A770E90240006BAC65197D90920131C7B2EB3CFD3C71C6378A305EE8488FC1FF8D391E2BDDB0F6E3F45E7C8207C419800DB410073A3173942CA8D5242642A74496FF115832A6314D9FA4257577BF7FCF8F8E8CEE8DEDE5EBE76DD3CF892BA7FB8B90F629431B5
310
525E92A15A3A4A6FEA3FDD73136172060959206591F4C927196CF645AA285CF3014630121754261C0D31E1A7E3DA2DBDB54B04703BDE3A4209F02045C4BB0F529A14BED07098A2A1CD47513DA64B512F409BC01663090796D787173B5AA141B1B39BB470EEBCF1E30F9D263ACC4D05110797CEF7B923B027F089F74D1D06F0
310
A4D8C0CDA6604023FCA45B76C5CDE0BF3845ECBE13E0C0ED73700A8A753C1AC8AEFFF1B407FC8A20F42F0D94019121DE304077A027D4112283BB8FF0072444D68AAD111D6F591BC0061854BBC048EBBE9E81F6A33A95C21BFD13AF3C7E7DCDFFEB0DE8903F77B41DF178E99C289895B0EA8CD640549D68935BA7C5294E0A1D
310
66DA0CC419BD398E6265789CA1241441AC94532A3C19C95340BEFC68703077EFC1D307B71F3C500859C11494838E902203A2BE90EACC5135B80B078804340C920C2300BCC06F7A1C71B875DC572C9BD1D84BD5FB9363CA6BA7D03E5C40FDFC54FC23C9B4B9DDD028787D89219038523BF64E638BB37CC25335937A00DFD328
310
69C5B390C8C32FF25C8C47A7181B4A599A224A9DADB0E0406FEFF9F183B7448F081E3C55024FB33828784AB61704482CD0160C04174F9E33BA9291D58C2F1F1B1B3B5863B0D9F3E51C35C253D54A23E560E2C0CB3A6F7A81382601C2079CAE96B7B1560D20A341E85A928A4E01083256420576C2ED477E2E565FD9223BCC69
310
1CF394D3D8E281501E0EE5C1C8159E92585D255CF30CC854C75318006EA4A01028EC853F9407C6053910BE105348324002260254886C156260F9189EE0F8C9A3CBAE9D5A992184568A69D5183A7DB97DB089FDC57AEE54F858FE54F577DBA85309640290F2D220952620750C5811FB772A7876D1E4040FBFC6474D51246D8B
310
3FB378283FB514F8AB3C20B8BF7DBE5DE541C9A5D3D38DDB30E00151E02523081BC89C2214103E0BC1B3D0199A08E002681A2613A2616CEDF0F0F9C5DDC75DA395C25C0309C03DEC8091A4AFD3FEB504AAC6633930556DAC86EE3561941E862C4A75DD6B6BB3A0C59BE153DFA73EDFCBC3CE2188D3D378FC976D0EF9A95B7C
310
8532F527CE3CF539581E0FE501291E9139FFB65EFF5DBD8E0C18DE3077170A64E033FD278F18068028802F156C3809FDEB11B1019C208D020C9BA2870457F0F8E1FDC7EDD393E3B9FC9C4308E9315704233F960E554802C14716B0B45DAB5EAB5E25AB7830EBB8D25E6CA94E4AA01794FB1EE164FE9F040FE82C940A4BCEF9
310
13075D087E85A7237D3CF29C47E4E676777779528C4781761F0BFBC1D3A77880E40C9A2E5109180D5255317890394229F0F082010354082D574F1E3FBAB7D6553C2113DACB97BEB5526C7C6F69F9310A94C46CD89FF8F379AD1AA035FD00FF3F320180F01417A6F255A3A8D86319FE0C0B0E06A0DCD33F79841339C01E5BBE
310
1911AFCFF7C1E0A540BFBDBFCF2372352686D863F83F59CB6865F43104007EE06F52406F680341102048A01BB048823082CBCB0B6AC48C313F3E7CFEF8F2D1FDC3D6F6F9F9D9E98D9D7CAE5EADE2A6512FAD7AB526E17F600C85550DDE9ACFE9D97E694513103BC69F8A2813176032C890C1E9C49FC09C61670FF8705B1D73
310
86260E7C8E7122C7F8208A55139E8C8D4763F7EBF5728DF9C34677364E3A3F9AEFDEC9CD95470788834F9FBEC512379890B38C94205B2557987C4186DF5C0837608DF0F9F3CB87B7EF6E920475752A01460E556919B2B64296FB9FB70DD5F47232A0F77465BF140CD001F00ADCA175090E2665A14E6329B62660E02A1CB50C
310
6025E3DA252A670B3F0FFAA5EAD94A509FE7036B159E0D1D9F2E76B7AE1FD5A606198D3A747AF450023CBDFD162278B9446688111009B4029B0F2180AE20A542D40610C073B47FEFE1416B2B12200F3C991C2F54EC2491027A816B0A34A9D05C6F437AC23462385DADD75642EDDA738AF1600DBE07EE8437804D2D011A94DF
310
71C2085EDD40266A407FFA1D1C00B0C03927E60338E3B9D8C47D1F8CAED578E06F7CFAA4BB63B175FA7C301B747CB377F45192003CB8FD34B12009224543D8604494011A80C1903CE0518C986208E1C5FDDB8FDA161686873BBABABAE74FA637BEA894A44078C19696F326E057D7F95D061A6B0394A9D5F2DCAAFE4C2388D8
310
A6E9AB7695CB0BDD0A332430F1A9333DA41D1FFB97FA09AE84E738C75C407C260408F8DBD5EDED7DE1570A7BE333C54F16963B46AB0C2B71208EA3D16EF4EEDCD7005241166C005A73C03164792151205C007288AE337B4D7103741BDE7B7AC913350B348B2D767515674EC6F72A0402BBCB41C81305AFCF05F2758D3ECAC8
310
D26AB97606DB9581A4B7A8FFB068CD5C0604E6849046B70C2B60FF0CDDF93C13822B4E82FA0479A68220E66D9FD775FB3C1A9CDBDB9829B6AF2F77EC9E0678FB20ED8D1B1A1A39D10F9812E20D6281F5673121AACAA9C53424000DAC173F7E18C3052EEE3E78E7F1160F5AAEAFB70E0F7775CFCE4EF384DDEEBEB9C0889D52
310
43BDF557559FEDE5F17AB21E118C4C31A3DF6A96B56AC62180293910ECD6B721047664BCFCC6B2DD3C65CA0F0C823DFEF84083C7ECCDF05898EEF158F4FEF97EB9C123F1B9D1D1A3D9F9AEC5F5CEDA84A3C96C14A55584D62893D6A54D8D2028D05C8B1F124884543F3223B29D208B04910D3FC43F5C52196AEB5B5F5E58E8
310
E82610F08C21BD443801233C0CE8BD1E40F84A1CA86001990048031ABBAB11EF83F9283EA89F181F2A0D9A9F62D94B7F625FD727E6A93F63F200F614F7CF100D4511C07DB45FC5F0CB4CA359ABE4774631FDAE85E599EA0878A3C33D5AD6430CF4C055EE5FDB80629000D7855DED3F436F3B61B3DC7FFACEFD2B1BC6FB0696
310
312CFA477CE87A87070C7998E04FBA78AE3F915A065E819FCF35B410321D9ABB308146A11AD5196CDDD7C477A171C8AFC74B45CBC6F641AB53C8D4ADA5870C02379BC0470CF83DB55F073E29CF5CE5F7A3F8FD62EB7AEB1774C2C6780B9523F9287193FD23DDB79FBEA513B45200E2E0C1B51350163AC19043C600F2C1DBF7
310
DEBA7BB9B5457BC0D840CF325EB0BBABBB786D301437000020004944415472B491ABCCEDAFC0591201CAC8EBFACBF367FE7B6E40E69F551BBBE7123E3C00AC560CE20C62436E8C3C54CC225EE08C0D74CE26148877689EDD004FB2BFBFFFBB984035373A7954EC5EE8591FE531348654514DB1D1C56411DFA2A7C212BE5ED9
310
1278F2851A432244C6822C29C85A8B320ADCBDFDD63BF71FD32648E7D098CD018BC35D7FE89E250EF2AC75F96C15271602687965C844B8807C6E7729D93F22E81D39ABD62A0820C1FE9F11CFA7208125D33E96FD69E83AF6052DD32D49FF0802CD9F9DFD39260389A950887A647CCC99BAB17132DFB5DED35138FB3A060F62
310
95AA5E195BF0BB56495A5A4A8FA440026E46A047D40ED2520A441C302D240F201FB8F7E0EDDB0E12A04D8816215A0579E8FE1B1281E9F19C9900DE79842E2A7CCD48E9876EB01C75DBA0E0C8D44AB5512947A00BE7CF5DE9E1A6A6BE43CF1A78783DFD5A404E4477336C1ED8B18908B2A847B2AFE9839E891137A6673BBB96
310
FBBA2A4B8E9373B001F08369BA11BE8ABC4302FD2345FD6014A127068427D007BE28B41D9B0D40FFB7EE531FA673C8870A69135B1CEEE8D009C08042A5B4EDA314920B635BF941E7487E45256439DFE9D276295F87E698389CD49FB394FE19720412DEDDC40E9CE9C6DD605E0B719FADC416CB15AB3A61F9B5B9B9426E54F8
310
1D8B03DD950946D432B40CEDAB7BB5AF11213CBA73C9BCCCDAFBCF06127C7980FE6D1DC9B4DF14832D6568FEAEEBA76FBF438300B541064ED33F3AC0B0D10505306FD370AED02859234402F6C3FED006766DDED2034D90D119057225EEE3DAF787EBF30EC51ACB4F551678BD6728E1944730C095F13E4D81A4DFFBF67C5BEE
310
37E62A85FCCEC6CC6C7BC77A5B477E22223ECA4FCC0F87E2A5E3EB782BDB25B8CFC6736A044DE5A7CDA604526361D650484FE283B77EFBD65D52C1C73C4F48E7D0D81ACF572F2E2280F98FB230508FA906B42DE240ED651B301CEC83DE1790C9FD96B6CBF986BECF3BD332C18EF627A0B6EECD5B152E02088D03D828AFFAD2
310
6B05BF671B4F9A09A8CE0CD2707F67F2A4B3BB75B9ADA331C1305BBAC182FB4A79820B7EEAF73199B8404C0B81231CDCBB871B80FC41FF5860E8E108222A1A076C29E6E03B6F3FBD4F1F295DC457573C7ADED636D6B7B8C88413DDF3B327E1046AA51040B40CB50C7E3F1D2E44DAD34CFA604029BFFBE714DF0C069908027E
310
B275F1F366C132E1A7450B04011CF82B2B647CE754F650FF6E25BF37AAF65B7BDA16CAA791F1D09F6CAB989EC5AB7809BE145FA459E8D3E4B0FB47DAEF093B946FED585B80FE1A0305FD5330FEDB4FDF79FBF6BDE81D8300CF6815E5F9896552412A03F31FCDCC7CB5E32365550CD9365FDCCEC8752E943161D78047336F8A
310
F6539840A1F2E764FDA2970999F205CD2BD1F5CF496571F76EAEFA0E1CF8FD2A55FD06391F9EEF8B9DC9994E72BEBEE1FC928E2F223EBA0FBFBFB4F2DF137BC894B8087643D64ADE6EDED67F7680FAC9060239E845FC94AE93D880F994FBF71FBCF5F66F9F32C292EA900F9C1E6F1105E81C5B5F58A067A448143842008D72
310
75EA3BBA3D2516FDF02FF79260020D6B3C714711F3CFB61BFF56A826E627E82256F7400FB387FEF23C1C1E77FD6A21EBB1B2B35F2F95E7760BE1FA3ABB3A981423477517EEE36FF96F122B942F6FB64D9502BD1B9089162532A2FEFED255028FE653C9F46FA321E0B588B7DE79FBED07C44106CC85133CA65190543004D01D
310
02D8181DDDA5A9C91A7110805B7875B689FC3902200FB192E7DFD936B37B57D9C338BD49E99E181F4E5FCAB2ABC1CA7AAB382CBC7D515457CFABE6FBC63D525E5CDF74B16378B9AD6774A58531912D232DF01BAA913DFB7D3AAFF912984302B84D0500077800D26C60A4742101DE420C610C2E92FA93056022EFBCFD5BB6B3
310
8651470CD33BD87630C05831BA864C85997B8754B05167F0706499DC442FCD22592AEC2ABF3FF13F950039BF159FA9B36ABDB2778EFF83F70972B83BFD3F4899E64DD8346AA495CB155A7499F2CE39B0AAE755125EB84FD8CF8D8E4F4E9FB4B72E8F1DBCCB98B31BC4607C2CFF21C8145FB48EA0F2159F86A3098415609554
310
DEFA7B27EF1301033DD06D274BAF6821D220DEF96FA4CBB60B3CA241C021D38E1AA76B4406B4767576166766A6C7F77273F5F395291BBA19F64F2E3095C14F3E60371827741CB27E89543857D6D96BF9A47C6A9A26057840332EB843717AAD171880217B71FCCC0355AED3D4819911F79D0EA8AD6DA31A83E36C5DC2D47029
310
5C011302387069158F6C9966022367ECF1D00BA9BB95C389AE7B6105A1FB640689033A7FCCFFEDB762189103A61C3A4FEFE0D6A6B5A19EC5755A443AE78BC5E9235B047890A65919A0D2F96AA3C01CEE913BB3ED239C3E0CD8DDAB99E4348BF3F8B977B6C43DEBEFBD7721A839A63B94C06A10DB87FCBFA3C2932F8C26F88B
310
6D6BB30C3C4E09AFE40FAB52EFAA1EC0316920E031A46D65A0FFE45A673432E907FBCF86717AC04F2CD0EF512D665FF53F05BFCDC43489F150890C60A8E0314E70A06F619D30D841189CA15D3417F3CD50191AE4396543F0C42BCFD696C58DF163F5B46D708BD5FDDA5E5E5FDF9401BC4F7E00E8A17520833D1CBFF495B5D1
310
CE037C664123EEE74737268B5D1D3DBFDA6AAD8C08DF2C0BC7A737E10AAB2A7B958990CEBF556CDBEE823CB09FB344143463C630CFFF585D330CF0320E921744A7918280FEEF981161008E9FBC78C830217A07B7D6985E83F9A79884ABB5AB383B4D7D788F9FB3D867A2112A43F19042B33A108690CF6F472F8661CFAC9714
310
78757F6E6F2F7AEB82FEA85E5715941778B278281F28C268AB24BDB470EF3303E09C359E9DF1CF990D8A096106E6A66C8620DDE7D281DF0B2831F20439A30D68386CE13E002F7EDA8D7806162B205D6A19AA1FABFD6B1B400EC2BFFDD66FDF7E8755B4883C043F43046C1326136680404F1F934EBDDFDD39CB58A98DF1BD78
310
80E0532E671FA1435E9D6EA5E9071000BE8F262E7C4044FD95D5FD526EB40A05A634775F32205C3D779FDC168CD5E56BF982508BF572BDA4F6F57D3304BE9EB18149461B12F760D7485891CA47CFC44909136FBF4931716A2E100123FC6CCAA6A644F25EDF4AC980B14039009BECE8B798BF69A05DC5B6885CD23F8E13A46F
310
F0C0A986D617F001C52241801E87C2974C31411DA3A5D7B6175472763D637D3E57C33B908F867F4A59CFCA7923375E5F027A983E18BD7BD4E6FDDBB2250C1529F4202EFAAF979DFFB1F2612E87EBEFEC58581EDB9AA95AD1D7C1905F7305BF8182D5BBB524D47C4E3B81CD843220DE1E6536497C0962C225F75A2D6A998303
310
B23FC501F0B3F736EE1FF01200FC8C99F5515207C9C40081DF304C0A17D06E26CCBC5B3C47459308178301FA8057C2C0AE9D99B05F038828B08400F2E3251254DD7EB8BC4853B101F99AB48E387457C96951E5DB670648BAB70A7B04FE93EEC5F5B183F9739C98952C6845C380D401B8FC86E70A20744EC720E09D35955D96
310
A9041720196D183AC2CFE6AEA816652D0234883D788BEC8F5DF2615261DB031C2381092401B48D8D2D870FECEA9C3D99DDB036C8A051058030E32190976718C89F031DFBFF2EEA3D88606A8A19BD0AE305BDFD12BA4FF46F1A0002B07137989C748936E9DB2C91F43B07E4E4D16C3779CF5A4FFE8CC981F07C29E34B7C012A
310
F0054FAEA4A6A3D49D3A16D2B3CF220A029003366663053C89B3FB1827080DEC2780076FBFFD8E39810CB0593CC68B5D9009F2D400418028B0BC6CC74067E7C9CC0C2690FBB084AA5254A12AF63543B35EB40D17B693F7E3464D5094C00AA9E04E0E0524F5C35C5EC6BA94B21AAF2440725E2A9FF94FE7A8F0E769EB83FDEB
310
039B631B18BF396F5C13CF89ACC02C387DA56DC3B1CD84B96CFAAA37B55FE723B611062258257D331F186AC93D8AD600B4FEF4AD777E4BF68F2168FF08C081A37AC13446C859964803961928476D78F68419390D830C1935B5C2A0A22A3AB17D3D6428BF12DC373B8D464E04C0A496BB3B3B75639DCC2500E0F0B15FB6F47B
310
5A7ED0183A87CAE8D535F2EDBD4B3B7FC762DFE65A07C30B2851DB890082ADC07131EEEFA3DB7DD5CD32C0860CA83CD4B7993A175F422A8149B1C1D94C1145059D9C78A8A572A90B7C8B1E3392FF77A80C50220880FF3669004E90F101740D2B808181455A044904674E7482CC3EC85C4BCE339404C0B0BF6A5611E4F9B815
310
7BAB6DE327EC9BFBA1B4557ECB609C1F45326499EFB90EE78F18227F09E563C9E63D847EDB3B68EB9C39E95AC4F7ADCF7D87F6752BB6912040281E4A0D8A8314E80D60470999B8A51FB1488A66A9F3F81FFA61C83F4FA6969E472288FADFD61B005E0EA4284822E018911828E868614DA0C36E11F3A051070BF2F0840E35F2
310
00E2C0C80A776CC9E7E6841C0503D0EDF15ED9AFE527E798D23BEE5F0604E58DFB7099D739BF0BA5D332EF29F1535995BDBD0DE681C4F71DFE6A7AC5A13554AE6910963E9ABC9A0DB5B202225545F5CFACC942B5B93C207352B6E5310BF349AF200175D7DFDF78F6D683B7C87E087FA9B35812C4F8F13452CED610A2207541
310
E6D659A739441F3833CD0C9C3C3DC2B0712F62333C4FA9327C9CA1124904B4FDE0FE21C119776CB0C212AAFBA5CAF80EB43772ADFE77CD9FA8A4144C54C2FB2304C65F62FC3678E4F6C68F30FEE1BE8383CE7DB86F58B1AE0C51F0F055E188D02F00911DDB0991832228B3172B3E623E513FF1734FF414A611A603163F401B
310
EA790FC9FF7FC3FD3DB02DC00184145B850D01D120424DC03C00FCEB7880EEEE939399F1F18DBD4AA54C939899304D913CC2D5CFBC55E50C7FBE4C0E14AEEF53D6843DFF56BE2D554637EA047D3C210E2C61077875FB5B40E19F43AB7470CAFE1C0D3ED3B3B4778D1DF6D4F837C08747180FE8394F2CA1E0A46B6DA62CE2B2
310
DABEDE0B1924098580FC16B369730E9E90541D3730D47FDE16EE1FFAD3419CDA05ED1F2715C607F2E81893AFC5936303F40EB776F1D808BDE393A3FA401E1C706E154C892860AD74A2949C409E28A8FB3349C764D13E4D1D3468952B7B1B35001BF41142CAD58D6011C8B78961EACAB66E9AFBC627673B61FFDA4167950A27
310
4145BF11EA17BA9AA60815C2C43AE1F648E3772E53C94E6364AF826019E723069A8AA353A3BF7FB5359281700061FF64C28C10B9AF0B70B0B0D30A31CD1CFD22F68C76DA1E44558869257892363C091D313EFA46B57C3BEB252E9C6BF5B4799EC58F1910F469E25AA17B343799DB3E33CF410061F96C6D63FA91B1000CEBB7
310
D2971BDD39A2A76361E000F5DBC1688D47CB812DD60F8001AF25B328D173A9E4BAC18CE9F1F628704330741B2649B92E9714447C68559C6CD2F681919367E4811100750058809D0230C087A89FF3C80C23C4C60882E481F48D531764BABD5CCECA308DE2F63D3BB50373D630796126803C2D1FBAC148F7592881B395ED7D26
310
B7DD38D7096AF98841CB37592561D9C6565317AFBE9FC4AF7371E060736C7635E0CBA1809FC80F544DBAA1F2F9393D970D44C0615A0C6930E758B9E63AE690F73045F0C8C0731DE9CD80F718E94652383458799E02C06D328010011C7090D8C5E5336A83D4059953877EA1E1D66FBE994F04608C4C991917230FB61F9AEE18
310
3A40AB9108D032449FD1A7283DD25ED15360EF7EA9303EDDC0043403531EDEAB10DFF87F5E2FD56DF0F1B701A9F614DB17FA0E0EDF6FD0B1622A81FA3D1DE5A33F551930335C353A87F9AB05C60455193448246944A232C5D07636D864CDD7A50D0B4440CDCC465D1C418321F50E1648D500294065D869559EF3C40C8FCC6C
310
323E989AD0F0C73142480B200842802C061008B480A9954AF282052B3AF67350FD0DD30D1F4075AC303A5D490250F5400ACF479656861E4C77AFF327F3EBECA4B57B6B6C8FF62602BF150744656A87DABD7BC6BED50527B2120C001A0B3718C74F0C65CD34F275164D7968148DDF259AB8AD6CA81CDA4E8819509B996A7F64
310
2D987A401A2B04018C01E6C169A8700F9DE3B489DB2BC49C9B7B858A4F50D22AE15428FCA4A1EDB20C83492690CFE361CC7F8C8066FFD0D77AEE797977F468A36E0B0DFC87F90EE6348BC748F7CB73B5B9DD5C6EE7AB19ADBF6DF359F1DC2A0F9E44F213F8041F64274C0859A2AB7C37440FEDDD2F95BE44065F22067E3EA0
310
CC3BD8C0D8194EAB291CCEE20B9CD8E02950AD806080047A279F19024C837C848816719AC4A34DF8F0706CED904E8185753A458A27E4C1E37B5F30A104932BE140E0BF4E400160F320B054A8705042FFC47B4940810173F9C9E97240C7FCC3F3813EA239B745DE9F1B1F3FC2F9330374DBD1A7B475923F9A2ED81716D18D1B
310
577DAAB9D1A0458655AD3CA7E211867AE7C702DCACCD291E0F798013DC01BC326087775C0833E04EA3778FBCB8DA4687A0255CA0AD210C15661E4E92001A4449031D1DD27D327334BE830B64DAD90CBF537A45FBD4E94A7A88888E715B7E74FCD040E818BDC1BF5AC609CCCC015DED23877080FCDC47BD8EF3A7B783A17D33
310
F3ADEB6D6BC7AD75EA7C7852C5B6FDADA6AFEFC2D181C03F8C40DD8A4AB5024F0B72E34B57BC1182472DC80946789AFB711DB7F1193C03C893B0345F420246114D3EA71D04FBA731C0DAB0D3CD311B218F0D5A15ECC105D02F3AC32F13600084731A83220040019B03180634B5923D438300B05BAC80881F061095FED5D572
310
A3323ABD83F1D37A2301A8C930AB3F66ADF7CBEFED30BAAD7D78A06DEB6A87F15491F5AB7E25842B6B34BEFC12C8A159F187C64B3CBD2356DE5FBAB98BBE9583F0E3280C0076DA15BF34C15238145742B07080B1EFB83382F9FEF2239D003541041083C5AF9EF3C8944DC2030BC3ADEDDD9D27475800693049E05413BFB3FE
310
B4308731512F13400D06F813368A0101D8D863EB3E75FCCADED124F532AD3F123F131AB46A93DF1ECE7F96CE9EB6C365C6D6A07EEC461FC919FE288AF7AE1A7D012D291EB073735FF26BBB1C99FB706E972192819B7A34BF22424BEA1CC7958AC2E04BFC8E02DB90A4A1DD04811ACDBC181037864672C78F6C0EC3073A40CC
310
49D5E813593B7002763BC6A909D31AC86F3F6E335C9E1C309BC58F16418642E2AF6B290A34FEDC0CFEE08FCA0F56700699CB73B9C99302AA17BD516D7F1FD755A2B32B3FBE7134D3BEC813195BD355020A7DBB541539CD2C06E45F46FC0EE08293E6C0E1972176D9B678340AA1A4823404EF79B1E2347E47C35D0A2260730E
310
0B513025DC0BD1C07E3366E9B9D17F767405FB531070700035618606F0B40C73C974CFD321B0C174A80C0F3AA54945FFEF348F5488895713E89B5C98DA501E06D8D24FF04FF0CD7ECD7BAA755A854EC6A180AD13BE094E8D5D63BFD6DFA5F5D3E4DB1BA18FD8473DC6E17FFC9832B71A2A94D96E808BB53F9192955D62C82E
310
282B05168AA0927D54AB20A20A74800B7CC9655C8B15F62377CA4C91641F9F4D0478F4FEFDCE273A002CC0A725EC165CE3A149F0333E8E9600B2C05A7D15FD831F0938DBE5D0FF13E3C0F0765965A0961C3FA86DEEB0E28304747BFBA5FCDEE44C23544F7BB7BF7A132DDE34F99E44EC3FEEAE92F667A10F7E90B0E8C6442D
310
F5A5318B0F816311DB2E6DC6F172C363FC800EE09186BB9EC82A24C0117700CD884AA42023B81EA6E0CF8B3056411110D78606EBC5AD5417B45BCC8E61EA01C4006AC233933E35D860BC1B6CB9C9CCCE7840D2E0C1C1FFC11CCE54D59300F2B47D66A10F09D8E24B71B9BDDF98FB62A3B897C53EC88D16D1FFE8C649B17BB8
310
E760EB20B784F52F992544753F2CBF642CD3C9C70D8722C197142C567E74FB431EE248A8F3FC00377F5142144A82FFC28AC2970A780C85A7EE9146FA4B2981F3C93BCB0F3FBCB6DD3DE69C72B6073B99140DE28B8E919D9D9E7C2F5FA99FC1FFD07E9AC0965CDAEA0A945FADE52C791EA989E8E7A21A355FB37E44405D171B
310
98A6E946DB26AE71DBD01FEF07FD378F5B4B518724481820890E7486E3FCE61A60E096D577701890EE07CA5D7F2B086040749FCEF3F81972E510A86359C9BB579883035887542090614E5C4461705D7CA1CF84DB564838606CF1597E8119790D021080C935A908324EDE9F60A04B7830A33F0670CB08605B8D01BF9A3D4356
310
93FAB4FD84EF6754930640C1F9D74B052A7ABBA9F502B39DA3BF6BC7514EA4BEC71D752BFDC198EDA8DFE8F32B3EF811E4576B0A2074B99B070A069F60173E7427BDF285024E35A4418B7A412914F2800F1965C4F1120A2D5D2C64400563D5942044807BE7C738EBF3034C4A6F4D70C04ED1F97673C039FABC4CFF18866E08
310
200BB66BDC9CCDCC3FFD1E43BEFC52C317F0F5E64900FBFCDA4DEE68768FFF46350E0EDADB7B34DBBEDE3776BC55599AF84E312229F931E700D04478D66A0D88D09B2276141AF0F8811C5F8067DC04C0F90929F7F1AC9CCD368488AFB965C97B855A3E2E93AE5B4866502E55991B82D4388614F2C36B8484A5FA06E3EFFA98
310
4A6AF17D5C2073299D9F12FD63826F67FC460E54030981684E9FBFC22009A3006962285FDF4FC84B699FB5BEF3736C6072F6844C15EDF25883037DE6BB7AFAD6AE164B367812FA8CFCA6FA25725D99AEC5C6EDEEC64ADDA2BE0056002032E1D7A20A54CF444E360D520A5B69816C0A953CE0434A8A898BF18E2B704588C01B
310
DB2133342F5404FEE698957C200EF54E31BE6DF4E888C9C67F5F3F1B41F922777E7FA6332677C20098C59F762F5DFE4A23F9801A3BB6F8A4F66E0D40EC867E92DEFCE84C714FC7CE8DD3DD3BDBF9C781B1C3B549FAD2C89D711808CAB100E09700BB85240374A7209212F320CA577222A7020E7824500179FC7096C714884B
310
DFD9499E027ABEB3CB0226CD293CAE6E0C41A6788F396606A073E28CBE5CC67D584D36CA39D37974FE1023253E3FFB007A26F657FFC901D851130DDC2BF54884F20D5D40A0B7E5C7BCC7CC87B84F2ED820192CCE1AABA1FF24ADBE1D03635B5B3B53D4A5F84120125FADC36A0E792D3AD7E255792CD5241A4C84171F110409
310
0017DA493D0A7790A7BDE6DF326180398E4B0DEADA5C2763825E43E05C388E184678C88CE6422606C017F030366981353DF03A753DBF6370879F79889DD0BF75408724DB53C5B0063AB6568D02DC47AE4627B58D7E367A6000267E7840C23A0940B992DB98ED1C4731B4FB4DCFB6D3EAFB6CAC7646F0335C5031888CD74E21
310
03380260AD47176D703960230370FBBF28813524C17FFFBD6288BB28E4F905ADB4A788B40B4A6201C1878BED224DE9906C4C79EF32EE679B9F5D3B5DFA137327320643909A823F62106CB8F9BFE4BFEAFF0FC7A6393EC7F64A698EFF8ACE31BA05ECE6DAB6DF124118D1D13F892F3D3530602E3F3ED3D59DFB821ECFA3D9AE
310
85B1ADAB9E328DE738BF55D5DFD039445AE76D0194180F57B15BEE5F09C07F952F9A10372BC894CF7DA12CF6507E2A8916E0DF430C519485C55D61EFE209912D8C32866214E121611E22A0B1238DB18E86636A3BFAFD5B4EE02FF1E505F902BDF424D0516907BFC95EF3A76B6B3872769D67E25B548F0DA46E2B93DFDFD5F2
310
B9E9EEE1EE1DCC7FBE6380DFBF38A165CAC73DF912AD76A4690D2B766A3EB4AFA2D05BE543EA20B095FB17AE3F1928D84482049B659E671A4763CFA567C08824913D37F2F92F841FC244085C1681225C04AD6DE1684831682CE0D6096B56101C0D4FB3A1BD3F11FC1105AECF5660BD3FEEDF162B0D9DEC6DB55AF27FC98050
310
BDDEDFF63ED14B01336053A19DE9AEF5F5D9E9D9F9E19ECDADCD497BCC57681922F327EB41FF681E17C1921B04FBAE371AC69E53F98183E91B84897A5DB164158BD1D12FF6F6BEF0E02847727BF2628F9FD48B6FB11DF6928C868B29590A0606F92140D0C08850DAA7DD8A5FE8A50389F61288AEB743E9C801BB67DBE0A7F6
310
4F63BC87770FDF57AA73FE1F5A84F8DD3AADDFC32087FBC0A7D645C327B97D65E7A8BBA76DFD9BCEE1B1CDE3F5F7CE4E6DF4013ECD7CB60BD1239E8A4E9A5722AD9C4FAC8F7FF17B214AF8801950430639A08E3ABD05A0D94E253BD5951C885B0CE750309070555FF21F2EF83FF53F4E15038B8D8A244740A5C9CBC120043D
310
A0B323FB1DA0A4EDA268C05A304619505000BE10415DE898809DB6B66896E60AE347ED3D6DC707CB7D5B5BC374A158EDC343D0EA61C217D4878CBBDC1D85686782C3CF4272E7DCFB5E9EF628F5A95AC1AC0C6848F5771329EF8DF2BB79EFEDEC8DBEC72EB7F245287FD4B31008AB38EA4D52F2BF57167159E3004CD8950E21
310
7DDD6F699FC763E9D1A0AECC701F7BD4430A3E030374066938F883C01DE40E7DAFD609345E33570F4CE6BE467FBD7F793B5AF2A9D331D86DBA7BF98067918F9FCDD609A0384B523F4413B574B818C6889FAEFC5E7B8F90CEFD62BC2C85B2478D54DD076635BE434FCADE68B3ECF1C8708E27863DBEC352D87BCC7A92A8E135
310
700CDE65BC114026DE5DB68275E656D2C0D4087293D43BB4C9C14EA83C0D806783B40DD7CD4F19EE9F33801F55A3F1FD600017A6CD5DE607783D5F74E34680E7DAB98D99F6E5B5ABC7F7DF19D8278322F6A97FDB2FADE1539BD945DDF868EE2B8B70D9EDAA45D1BB0A5801198CF1DA891540474745BF0317F8A3703E02510A
310
E94B084221F887FE950272D62D4232781054A87C58D015CD45EBF9B70E60820A2056E9D4D619E8494BBFA68B61EBDD8CF52CCBA124BACD4A4077E8420A7F36FCDAF661E577B792A7E1B7E337C7CF1FDEBB3B49F501F3C7366C1730E793F51FA20A9C3D2E9F18E63DC277449054CEADA36DA0807467D45F8A744E1BDED725A0
310
33868703F1392BBE221158220588F30574A0B0893D0515B0B7C404AD0E7F40C11D504C49BD7DA39A85A19CD7357DFC966E5D92272FF06D59CA5A6A1C8AE30E52F1247C1F1D78F81887F9F3E387075B170F9F5EEE4A7F5BFC69DF02FD8795FCFFAB472E7C88D563DA514861B85BD41594A75F5E866BE69471110A9F75C8609C
310
7E6BF6C7C727431EE3E9E3773D2378C25226E82C08104A57ED273FE0921D6990E02B006BD038263BA360355E8DC446A380F0BA35FA9945A80CF60DFD54054202F91897C241C147D59F8E0FC67CD0F2BF377A3463F8BBBABCFBD6833C57E214AC3F5AE9C2FDE88852968F20337972C7E04EE5658223008AE82D93BC37D8DDD9
310
00BD6B16EF221F0D4149045D740A8A215D4FC186C658E01994B8CCD317465828704BB630DA2243B3B4ADD3EA554A97408454148C04A1A0CAAC2E04033C04073851F54380E0BF2DFFA43FAD3D6B574F2E1E5EF6E5F4FEFBD1CA87C161FCBCF5C7AAE2F726F814027BAE10F79BC3D765D61D1803952210A9AA07F8C6BB2105B6
310
1145B324F96014EF223D4A9261080239F03FF6F4DD4975C183B887E081F7A467A25EAA0C94028FEB808637768B07400A8235D4EF33143253198900E079E3FACB0C59B00F827A5785A6FFE2FCF0C0E6F1714F11CDE5140D931D707950631F3DE877F300002000494441540ADFB08704E252AADE1BD4E8DF55796A32B9B6F177
310
37C67702E5C638682737286CB0E0A89B624D5BF28222432848C9AB8C07170C97B814FF492A61072407D638006F7C8400860444C01B1930A522788045633DFA9507267A3A42BA05925BAD705CDD3792FA23C1075C6EE768A673919EB6C3FCFE7629B7310AA794CC9C0D14A1FB88F95C845BF22543F57996E0B26C9E4C2ADF18
310
7F979F8A55F11B47BC26594C52588518D25E6C2B1CCED231EA1B748F093E5726A21A54C91EF95789041030C20FD5AD68613432E19A4D0DA2505B6BD843516E10BB00AF9AC315EE9FDB39CC1F9EA59CD88F9CD071D470C86C4647FDEDDBB1CDAB81DA94034747A779F4CED497CFF817348F69F52E55490840E48840BA72DB71
310
F3E84F6DA2F4717AA928F153DA6E4C7E8E00363CEC9A2E1C8E65F298FC4A52F087FCDEE5CBA38A80CBE11FF7BC2AFF249203FFAB77A128A001B1987BD334AD9B901890A8C2005B6B248196AD09C0025ED841325B31845032E327C531C839E66DBAB39566B631C2FF0A1DA5A3CC47E665AD8751B47CFE33899DF047C9F3C365
310
E3B11278D49DF939298E09002F6430F9958803309827A7C791048CA070061B7E9A64C557D235F83EE24822E5EAB805F9862F20FC58F483DC0EF02181F572930205107E00E523861895A2811309808F2B6C14B2AA579E893753C155D2F54302007E9FF36AC5FEDBCAD47E182D91A73920CFA5C18E01F8FFF4C3F1FF553BCAD0
310
E58DEF85DD63B91BE38ECE1A9FFC4AD4A1FBA30D462C328C5A0340DFD393D3D3D3C0659195C96990F391EFF4175213BC74C020922D4830FE215E76940962BC0713A3B82784C0CB6623DC40D6E1485BAD454F6892200B225096127FBD82D2B12006BAE2E329C771E25FEBC0DAB3B5395289D56D7A8A89081B34EE06F80F819E
310
FE75C67DEEE95D227E283FE98A7B9F1C97D2D05B4D07A469153C3DA3048EA68FA667A6D90E291C7D7E2D063E4D044964D055F2DBF3E31BB851AE9F78A0A7314F0AD24901F581D74A6929142039C65AF5830D1C809536CDC05E4BA51038F79D713DA930CF18BA3010E385351CF47F74D439BCBC793556A1F99814926AF12835
310
E251C59BEA3C083EC2B2760FEBDF4304C9EB87B35769E1EB24B648542CFA4EBA9EF93CD42F03C08F249A2C98897D8E2225E90077823F4A52171A61219998CED6FA050992B6B0A74A2220ED12123004FB977084208F8E2AFC80F456CB110BCA647A3A0F854085D84FE0052BE31FFE7F925610BAFEC06FC33F9931BF063F39DB
310
3D1BB20EE357F594045F4226131578582CB055A59A073AE0413989D215019B6EB8A21CF154D71164E0D8F4E730C2CD382D098DA5261456A425643686BC8301710F2C50665881399156AA2B4C3191BC555728384800CE10040F746A3D8A80A5F0E500A93456FEC52833BBB45203DACCA37FE1D3EE4B9BF0EC27ED47D89B8266
310
F11EA2DB8B5A8BB93EAEDF0C06B7AD0402B9EAC6E787365535AF19F15158308A9D9785C1BC1C01377F8C6B4D07B50DAD25649764A91DC9812C7B34CA98184084F7C01055466B48058CD44085AF26648520C85C41C67805462D8425680425559F4440F3ABBE1F3F81B1EC72708767DDC8FFB6465796C8FE310FEABE0C9B242A
310
74137EC3E0427091967023299BE5D6D4D0C6D15747DC2AEA4ECC57C72856E827D33CBD319D70FF854369EB841282F84B7CA4881447ACFCB257E252E00FBB3272120A75B99119840858486615636E0E0334031AAA8C08A62E080053A0AAA4158431EC727A084021D41CF5D630C94184F6FE7432E8F5F9A4FCDF3EA7CF136FC2
310
988093F98ED622E38E4976E1BF0CF49D2889E6DF3566719FE1F9B47A2D3BF89C69155DCF24F88C609EE551160F0415900B4C48FB013D8900A9192A700748002924771A3686A0A580FE4009E00ACC090253E280B90AC15048E047020483A038A60ED232831F2CC90498648690D960C48E439F18F4DDBEB0B6F5AC7B7B89F623
310
0243B4FA160A7B9327F3AD5D937C8BFFE5FF8B3A5E64283BEF8EAB9F71159514CFED62DBC880614AA1F7994CCFAE7D8C87057F451733699B8DF87056E1F0654B5021E38097E4E23221B810DE20559AD183A61C2C88A648DB096081E9801CA00BC1DA0124E08DAAC15FD2936905CA8DA1C40E42B13F1764E0C4015EAD7F8BFE
310
C99A310B1B7C0BCC7746D3C0702759C89EAD57122092122D1F857067684A578F1DAB7EAC400841F493A468113282FFE42316CC74C756B1C880FE78795C692813CF4644480EE9B02991BCA257A71861F00666D9410288487618D120D0E80D7773E2B7DD180E100EC98B221C94BFC4FF531A09B986230F1CD08378A8E4D0FDD7
310
D9B1BC75F5C12EAD7FF83F3ED19EB018620303C217A6A35D826E72ABF2D8E2BB1B783F6E48D2E3F360806E1D192085D022103473A10375B63853EC54F500B5B064DBC20945B88160DCF7E4F83A0200BF6FAEAC88E9F54D22D898E43F378D20B51B5D6B1457000922202800DD401A9266483029C0D6D57ED80D42A0E6E08835
310
F0F3AC73D7FAE6D56185F04FC44472B854EB7D9CBF7134DF3DDC35A9F6B38417DD6F508B37C1A718B0D054124176F7222F62DFB327F34D451799D56216880193254FF782D7DDE26C271BF38C6E422E271CE4AB8823C9510F021126A7A944E00DB4031D013C88EA0746C96D4574069BD5439C4110403B40020C30B07A604F1E
310
41D19C21A93FD9002DFC35F23B1E7B98E95E38387E3603FE7393680410D702FF9ED5A3C5E5CE68B5827D721FA78F3A9A0C08A79722D9C9B418F46C0057BB1640C70AA4A03D29CECF33987596D53CFB27B32C3BE304C540E14BF8464E080918268D254838C91A01F0FFB99154FD8A9C0495EAA6534A6C464440B4A71E16100E
310
7405088122A35F7A511DC003D002E6C8E7E15F6D1D2FD09014139EC11FDC89394621F77B9F88EB5A583C41E2FEDBC8F82334494C0BFA97FF3C3A34ADE60385B60E5A30CF036E5E75370BE3B83AE73B3B7DC0BB337DA0045299ED0C66681E4AE223D01B1BC3BD4C921E2005FEB5114739040758189BA8A320067B62A3995E47
310
20055065AC2B4A8006BF8CFCC907C0063EACE41813C5F017065AD46CFDC6FF1BFEE052932CA3478C8E5A6F25DC8503D40F61FC1B047E4DFFE8E84407C81F1AC7B5C79DA358551CD0D13785A9AEB38D6EB68A0A8087FC6543E7471082873CDCE5CBEA1EFC5CC0579469E225428E9A43D6A6000B4219DE52E8DF00A55F4BF503
310
5960661C2DB88AC1F67C2890A93FC420193C8326409E7B595FBBBA9AE1D1511B3F6D65B09AC10A71C2317201A603E88C56CC68C91279E83F5C147787EFE6C675F00941D23EF092920330982DF38C65EDFCA89DA98E8ADDECCD77CB86D85118F3DD9884820B1128010D02F1060F582871CC8FF42024C02239273A1CC3BF71E7
310
70DFB7E96081682803188118B50310BD620234F230B12711B063E0F0490FCDA9248B580D3D3DE944A30CFCF2A1E0F6E59E8FBEA289CCCC943785BB8880ADA9C2FD70F6A13F5418444E3A669273C006C4B4EEEC067827539FFBEA9CFF04D84E7F170480037005AAC8829084329899F90B5E013927F8E646514B4824B01D11F7
310
2C012CEACD163B6358A4454A4221D06E68A71062520649BF9E9127D0772D6E5EADED52FF216BC2FC513C7D3C5CC4C8AF009811826AE20203B076A2AA66D8D32E317DEE0EFC000FCE16D9E0BEB17C74AB009256C5D8AD1CBABBDA61402612C675FBD72D07E633B1A42F2421208CE01397560811204306617A5141706105C9F4
310
984C459F2D0F6C392FA05BED808512B0B9A8A9FC6CED89640EA347D31F0DF76D3D9E61E800FE9F7601BE4C9614A1C58E6C839F13A12D0EB426DE6386B82369A9E6A7F1F9146EB578A2EF4289AA109B4F6CEFEC0463E0072A05CC9DEDEDFE08407B173B8AA65399C80B2911252E6290C82CC1B8909140C11B7AE161B42B9390
310
5045D017E00CED6D27AAA15F2C2179F1E83D411A7020B9408D202381E7E5DEE5A9E7E5CDE3B186433F488AC81554BEC09BC579018ADD1DCB3D9D70F02B14BF9159A4DA376225FE43DA224FED327941705DA582B2FD1BB5DC0540667B650BECDD1D5DDFB0C7F36DEE2B94F6EE2EE4E426F20A1174C31DF153321A24114C4FFF
310
25E505475F6906D4149B21F1BD9D9DF7B059F8E0FD83323CB97991FE80EE131A9003B81C491B218B1D42C0C0D593D9D548003839DC29A740298B0C23F0CE14BB167BD61989AEF0B985C8FAC8F923A73F31953989F0F6C96CA6C4D0A9A88184BEDBBBDA3BBADE77CD8E2FFEDEEF46184A86671D7DDC51417477BE9F04804F30
310
5AC82C2D018A21EA903866A0F959FBD4139916D036635EE03DDB7408BCF0627A03027AD314C09B0A27F0A79490D53839D0DAF1416995CAB24101FA63F75029D57A4CBBA9FB4D120ADB17FB5A999FC9420DFE04FA670430B90FE7F589F7FE8D50A4B5F004CE5F07EB4EA007F8AEAE8E8EF7DB3BE2F81F42166C7246FA9E62D0
310
2C8209BA1024414C483498B50229FD923F2414040B2081390AAC353B5283EADA12A30B1080866D746B9ABF5BC107F33C2A015B275480759334B83AB02175EFD0DEC785DFC505E0064F4EBA5A97073A74C5C9FEC97BD25D819E28AEE661FD2732B8BBFB1BF13441B3C1F45E8AC1752BBF80C113DE960E0AC7D9D02C58C80505
310
A19BA0E84B14402601A590A4AE00A825E98C3212342302EE10FC5100681F86834A2804BC409D70270A2091DCE874B16BE0706C974EB3D26EFEDFFCA6C4579AA4DB781708469F055532A7046C6BEB0CF39F3ED2EC4FBCA3D00EA91CA68FD2B87B5C191E0EB2C300F00A1C9881F263571C6CFD83D079D09F176FAD839340CF03
310
0F70458F81F09AEE1329505150CA0A00576B56C06D58070B23086F685E44232D9D53DE3FC3731044F286D19F459351863F749F1104198D6E14BBC68E17CAE70D7AFD958E350BEBBC70C9C4DFBA075240DA27D40AD7DB063A097DD3F041EDB3E4B682A7A12A548F3393DB01945547175879989302521EEB1431B08759B632B1
310
74E0F700E774FCA1BB83F95029ED1A084288C8893520E49415E00DA080AE8027C34206D35491D050A4C6B080F6A20889A2FF82379AB6234F6710C05F9080ADF002B9C9F9C583AB220F45D618D7E7F7547FB27CED8A8B7A7D24EDA4988B0C1C2A1AFB53FDC61BF3DE50D63C560F0120B0372F0839DDDAF13E583B868717C1CB
310
8CC71D1D7F440CC82184803144196EFD58BBE00B7EE77DE8C015942357FB06FC906A5E2B8882CCF9FFE184B0035A5CF186A962A63F84B3AAEE3D5A2C830008807568B6A9F424086D2095A3E262DBF124350082C4B5DF4704A9D2C93553DE47BD6766B69349610716999FA25854F759CA9792599D3837ACF6247CE8597B0F96
310
0FA3EC45B61715050260C5844FCCFEC9666BC71F875B17E3BCB4CB151405D7D08F846B4CB952248B4603CC402B609E90F0044A007FA800EC46D07A51232B00E5683C55D5096E1374DA4FCBBDE2C25A5B8D26008227CA7758033D7D70DF12CAF7F247939F93F1CC63047D63ADA0B7CC8771B234D8095FCDB577B586D1834062
310
035670E204B245EC093FCBE15626C10D210CB38A13F50E10A0D5C0814B0C4B30AA9858516001669002229618F100767AA3D6D2528595FE7A398C2D2300ED0013A0AE60B91644A057327BD3C36BEBF48C91279B45F8BD145494674AFB211A91977CB838DF35DCB3D6D6AA2FB2784B591ED785DFD7DB77747DAC9D2F7674810E
310
FC2895F9ED8007EC7885101679C06F21E4B1C8A6120956F80518D1DAF1717BEBFB5803E20C6F2A11B2E48AFF4AD2810A70054623E341B3D1ACD92DA91150DE631EEB2C28882D092049C0DD38E262A7BD6F98549930C9D44B7C37028AEA9F8C5628A2BEF5704C0DCB2B428181B1BE766F43014498D2E57791E4C8DA6BD2ABF5
310
003F0C40202E2E32EDFB02852D16C30B7F646B98FDF86C7891690043128B0A0DE6B4EA27F08C30CA34C9D0AA0852A5997F8D11A6EE84E040B20472020256F4AFEBBB74E6705A12083B249089218E6452C8E5A69717E904A3F5EF3D5D08EC1F4D4E85086B238CFFC11AB9AE972CB775616C6D1DE04DDF073B4DE3747C41FBAE
310
6072901CAD0237100670C5A00C2C3CE063610ED824826C1F6650700E88C00B62468903A0D71D3A390255AD7040048348C56C4647413C2C2561216E0C469203EF06A5B101AD40D0E207F78B124747DB5B4BBB4E88B1C373C114E0470B345156EDDBCE1B4DBDF81DBC400746B0B54E05F693707B89A5E430982C2AC7D10DFF11
310
D5B102B9505034B35D07E8E5F585757F088B390F2D4C85CF7218E8418BB4F25B885053D07D5A908326809F31D6CC6B77CC948413B28664484439D118DBAC27DB5AC40C1AD166F25E6A2F0AE82100C0BF220405323E1FF80DFC518CACA8DE1003F3C9FAE9C7B2D60703A0004F8EAEAD2DE0F5485452D15B77B4B67F4C2403B8
310
D8F9C533558ADE058A9E177A1698F75DC0EB4C800F74C0270178C8579C1FACD025F0560844502D2BBC01E620030CB93636C1041636A693949CD80139FD15BE107F905590A292840F8860706D07E2970A2F15E5B13B87C3143CB2930374CC46A6F9B9D7A5CCCC14E11B9E879A49FBE27ADBD6DA82410FBB94FAA8487D61B51F
310
4BE0A03FD08743C31020D6628ED20305A22C2C2FAFA7ED1E7881C438AA5B9035F20759E243C51F34D0D5F02F11403B9E204CC1686C0B6C9000470561519CBE1B0E4FBEAB37A39EE4B84C05F023858779341991F36D9D9F351E7BB3B5ADF00148D9D05784F9AD8B037D48C01BFA83D4247F03BB768BEEF973A14E610090D4B9
310
6B1EEC5C5E66928F28EBEB6CF578B067DD83086081579848E60DFC7684044D8174993C39F886043481F6A2B743B18749E52447CD4D230513032D20D20206E536E15BCF7B7D211634F98FF9986287F33F9A94615A5A0A7CACF8DF5DCC1AC6EF9AF1945EB78E0A2FED1DA2ACC00EF983F9A012260BD722EF61C9DBCDD8719703
310
ECF839029010CA0B9F100B1D2842153E01A1A3837AB579516A31982FD2908A09100DAE591016CBCD4B011A2F4DE299E1338CE065DC4841BF9895D8C81714800CD08F5AD39601BC929B55D291F6CDCEF2AB40DD5D98F4E6F107C47AEE4A09A079C05316F479DAF4C2BAB83221BCC0CE23FE3D3D4C7BC9AB673D89A3677D6020
310
F6E182332028012FA0FBE0B2668FB85485902A8E7FA0BA2105C213E20BC2169211A4BABA7D693C3F1DA961F203694853137073AD5CD25F1C017DE0477626D7BA55B88F83B5EE513C41D814639FD1BF759171F4577D3CAB0C3DFF68B2D3B1F8478C18F67BEBB2598FA76A4545E9E961BACF657E0791D2373030E0EC9FAEDD17
310
BEA7703A738185D08236C407448A4CB504CBF01FF43859D3115488EA01B55078000DF085911805790DE1B41B6F8CB2889C3834FE02AFE07D85143C6C008438A944EA63E047023A7EF37E13B0903AFEA7BBAB9579330FAFDAACD540022980B65A75FBA17D388F1E6576405CCE7032D95BDA420E7DC0EFA320879E5F8B3B04C1
310
D2D9C1114210C19FCC49DC6A855E12010184DB8968109ED016E4683CD552A36B3AFA13BFC2114068935A7E774CD2C7225642B73325938052D8634ABC18DC9442BF9E0402E85B42F9F3273672DA8E8F1070405D1DC3248487574CD98092B8B956E6AFE1566530B78FAE05B4A0DE51FBAF85DD075C7E11939F80E015A58D1F87
310
E400CFFD2306C4D1D3C634380A201545A92BE01F445800BE12302AB477BD6F62600D211232EB061448A0D2B877BB940D63D059C37E0569A83DE93E214F4BD86209FF6F479C640AFF8AF6D1BFD987D029A94DB7C329B4184D4BB013BF912FB88FEEF913071A8D82B651BC10DB067A7EC52FE1B421883144C00F64FA23A11CF7
310
08BF16CA59F18D4C04B8085964B2D8DA4A855187000BE440BC816FFB13374640B0EB1D0998AF38A1AEF503F14302E2811081FC12EA6CD38A63B33035125F40F170C0B0AA45E9FCA38FC6D688D48563B5C4B4B7C359D3C7AE0EFB16ACD5E2FAA47EF8307044B4EBE1C71E84E742D81431FB06B90B600B9C239E277A57C94C42
310
7EE10E7826980C0136600D916A06058CBE8604DB4D314FBC014EDAACD0820F14BF75449B70339490FE5A0491221BF95F949DF1235380E969AABDBE2D32EB4403D3FDF17F42F9A0A7C28ED75BE86BDB7C7EC80C76F86B8800F77B305EB88F00A4352E0F8089EF811EA02A3DF08F7DA008F803BE4B4EF5F41E56087099E92070
310
8C3D720916444440FDFA013D4E1201414123A09290F5BD7AB729298209C4306D007BB0829FD4EC3A6D7E4F00B67DF38CA0764F832F0448E58439B952CB4F70DF964AFA74CCFDBABBDF273E2FF4F56D3DBFF2A78D42FFF2755DF307066497F44062AADFC0CC546F6DCCFECECFA232E14F408F05477D311B683A35BC245FCF8A
310
5CD2AF20022C21022266905A5BCC8B20235D6FF04019CC04058AC80023662E25F342063165956320BE50370F2A657BACC817DDA3DDD3EFE04028645780A768FE38DBA88BF2EF3ADADFC7FEACA952E5A77568ECF0C971DF32BF1D24F8486B22A649EC81B1B60315CBEFC026091CA45F858D7D04C1B437079431E63E38F88075
310
8842E780A9E03791C0FAAFE10012588C3C592FE35461A6047802BA18686887023A422A49599399893103942CF6DA53A8E387825FA0678B261F139F801E2B17C901D0F5217E07AC2401A87D0480F753FBED44FE949C93A1D042B879FCE499B3D861AEB23F9C1F372F0C24D0B7D6E70FE1AAF60F84BAE642D82F0A9F53E22783
310
915518494FDBC0AFAE7DA282E5050B703570E06319A015E00D693A6BEFFAE493941C3B08C13B96BD20D0115A9565701DC58568A3009DA13E965765C03091F0FF339F7309D44F6E61F837F1B1FF920450EB8FC48F9B40158BE89C81A597CFB0DAF5F5755D3886DC13D4479599B583758CBF35663AA234F133F91D3BCCFCE0A7
310
94367F385C59B19431780F1C099131384056616E15A1563B50021D369C593FB292685A68A8B2A50A0A2085CF05434617E05FC24A6B077B990014421A68401AC4D65788EE25F737EB780D08A6E38F060F2ABD889E1B889C44852C2FF368C1E3E710D73B6589EA83F7417B341ADA1F639A23D15298F087AD0326410E116C3A1B
310
325218433C71AE62C07C1480F1C045629724A076A4BB8D622D24690486727F56108D07046DAB065000678E04C4F8C342DE27F4AC102D854F2D08D59B4ED0E4F697B0FF62F113646BC5B7F3131D4EA8BF8B265EA3F2026E7061B96F6DF3D993276B2180B8E57067587428579460551049049B074CF8B1066C7E14C705F0B392
310
98C0997C17F701097023BAC31081390196801FB0C2A12380042927503D5A01CA127F9841B460310639C674BC8CDF1A320501448E0068905B07F6E5602F8C1F07786253438CEC51AE61FDB25FF71B09893AC026A9EAE3F30F369F5D5EAEA5801FBAD3C98B38C13EE017B054F81A56F05259DBDA64FE270B1FC4C77200FE276F
310
E814B916E222575ED717A62A92956504605268408CFE13FD61F84252228376060206802B9550F00B9D47E6AF1022538A752CF4FFF1F5931384A9FF8700EDD4FFA2B93FCBFABB3EA6C607FF714B0B8B04EBBE83B52B246092AB018C0D0002FC490849F1E214AE6FC42009D6D86616C835B65DB9862EFC4480C14137603C3089
310
D0A5588FA27E693DD184131BA4E88C35045ACEF1CDE1A82323C20B842F2419604821196EE8185BC834AD44F8E9B7549A32900196E9ECBBE20FFB4706861AACADBBFD9B56A23FFD3AB8BFACC18B1B5AC0ECD7B6AE2E2E9CCD2BE8AF1B1BC3A813B94107E82DE67A42E7CC7D4A6116700B5B2EE3C338A09B840F07C40A64800D
310
7C605AC42B72227C4C7020AB1F20056E26F542717F56534261DE3766AC10A6ED2D006DD03BA9DBA507AE0510A8B385C92363B9154167F1230C40D76AF6F3BE0CA08F8BA2FFBBCEFB09D0986550E0F0EAE2F2780CDF850CB0F88CFC2815FE87BD83909F474F45DD47F1C821DB2107A8817FD45384F57891B65F2543D0C1E20A
310
89B4A8DF806862AC27C60F6A054627FD344250718AC0FA21CDC4E28DBF2650D1B39D8B8A420C348A4F846E2BE824BF8C45E1DB8EEB52F576F47A75FF95F90FCE0FD3A7A08D48D5B9AFBE3EA658E1676FE3372FB57F0AD8D70ED4AEBA3D4C2BE0AAF1C3AD63A6004D12900CFC481A47430C9EACB390038642C8C41B13303166
310
614210592736B8603AD4FAB17189DBB32F3915F0C380795A089A15228460BDE8E52203527D41B5470901B088D84FF8B3FE2BA7F4FD30ACAB3DE0B7E2FF95807AB0010FFDE3A048F7360F9F3FB9380EE537F16F8673131325D3351A3F664022020811A0FE8C019CA17370725CBFF64132025DA1BE2555102212E80A907FB43E
310
D80A991A8AAC183932C19AE17524B06590B6AD286EB99BAD18FF4BD64BAB519202F992A963648ED30E7521F909F090C0213E367A77D8836BEB6F34D92EDA624183070248351F1A079E5D3E7A9EE81F2CE6678F92E299EE312B6C0572C0A7B5EEE07853612403813152C7125E2022A20C18F855DBAFA399817FC97FB6E1CDCA
310
31D348434ACD0012F0D32A5456B4007E6E92D72B1A4E9971223A42C1042819E4049C0C5801300C0013FA48F8944FBAE71DAFC27F1826FA2304ECDF3F6C10FF47D5C7E49748DDD687DE8E91C09394EE0682A4F84CFD6067EEDF43E67EA46CB2F4070160439245F00343D03BF25D7E2F26FC400A896DBF19FB8D4D0A66DA669C
310
3D608F9CD048A0533621B25690EE19D5D15248E390F042B12C682511B02BFE3E5700E4C9A9B2107A8F45248FA48234FD23005ED1F4EFE80D1320836F04003BF42856D478D1DCA3ABEEE3C68F9F30C3A16E5C238EA5DE3FF37DACC2F8B7980033F47FAC34421EF0418A045394802CE032D61C70023D788136788613887C0011
310
A4EA316E005718AE191F8D0D841B9C679CD2FC478442D005429166F5A24403B1E6ACF3298F388B6D0BA933D92339D48969A5C11F09B4FF017A9900A4F887010C474717E10F36468032FF33F4AD610517777104CD920C3CD15FC5F3B3A0C75BBCA3B00F2724863C10BCD4A0E00736C7981F2F72E4B001438B99714FCFAF713A
310
2603BC710376A1715FC602022202E06FDEBBC680A3DF1C4C095A12C50B554FE7623B50374FB2129DDEA4C392C9188077658C87F55FF92FFA507FF03FC8DFD3F31BDAB46DD51AEB03F7E1B38B8B87CFF47EA1479C3EBAD5C6B382C221C0F1B358B39D76D9D3142C4A20935F541E492E0EF081BA41B3620A8E172B584EA14856
310
32E22A8221CEDAC6110AFA4B6D43E2B76A18AB240BB24337721C9321D2C033B2D3E2641A55A400A28403C12D1DADE39AD23FC5FC08C47A64DC3FF6DFF76B5235124022D7E6D6D5F3CB870F9F31C96FE477FAFE54100068A3A87FA5908A2C08011CF31309C10025B089FEF9C510522B8DC07C30AA469841723A10C08E27F00F
310
7FBC181C083F2809EC3B2B328E294AEAD5A071B3A95C81D2DE3F930372D022C9C793535B92FDAD5426E90490C3C81D000017C6494441544698C416520C1C40C71FC204B22448FD9303782FBA67089A1A7D4CE38E89050FEF5F1E078A4DCCFADA058032C34C1CBC2E1202B1F8962B1A8024F0EB7A11F209E96FB369D4B64202
310
FE7BA230AD24C46413536EAE955B341B726C593B5D4630C0BE822480908522B0D85430230352618DCD4F7BA6D568BF4343801480006658EA3EDCBFFA9702B4FDE9022163C43F9B72B58001A23FCE6F0B3FF0E4E1DDFB9801A6FC42FD0132CC1F2224F89933107AD30B6C9131A53818AE944BE25A70810821C38F098411980E
310
46D108F483DC63F49B91B852351604091D60546702F58A3872A1716411B642C7629C267E64E77719F46B0548FD6BFFFC86A38DBFADFCDF700228C124C8664FAA02BFB1F92B09800876FCE4F2D1C3FB4FD0A44E0106A8DB8079751CBF0BD9340066C3D52BC64706467C05B5A54401BE4A1B0132A55EAC1CCCB10D378A3DFEB9
310
812022327745EF2102886A9142C812A1A2C9708027BB55B7006357459F9C2080E0BC34489FC629510F3017B62D5073E2A2C64048A0A42580E413BA9E08274091A398EA80B5BF31C87BF5ECF8F1C5DDFB4F22AAC181F070AAFDDAE5650C4000516440D8806786D874215149E69ABEC43FF0EFC820FEA112B0522003C84BE03F
310
B76623513B6D840820358B084119B0CEC8C00AE888826339A54091F5FCA513AFE147975BB1A86FC50618D9D74502F0C7C8815AA306602FEE3A5E79E0D7DED1B221001118B73182CD439A092FF801105D1AA14E1918EC282F6260869D55108065988BD67F68E5581720A708051F7C8070F582389C682BE53F2AFD85853F2A01
310
3D21564028E06E79B7A71E43212180A81541EBC88F451E02385100491AB0C4A3BC5309A95911E66D04C0B448366988ECD204C2FC930F8CEE8FA410EE4C25B58DD1B6EBAD83F6196670F7DE635282C0A56A851AB035831725F0471A10FE52097089C80495804100318405F0DFC2136004B4C40705EC9154315129205EC35793
310
0035688F61AC02188250CFA9A980233925F16A117A48CA54DAB6400221976B75D863330942E20EE3B00B08FBB71AA813B0E502FD2B023DF70114E0D7DF2E2EEEDE7B789504200112075478F2FBD6897835C91F0C20782401E801A2F9142700B74805703426023A81CC0BE88B537D0003E0C5181D29EB8D83050964DD258091
310
0A1E7A8138F76253DC01DC2F3824391AD748276C0B0CDF12366625D038603D0003E0266CB42704C8CE7FA7F11B4D59C0BF454A78F8FCF1E50513715D469607031272358F04E0003C90107223A581218F10008B10247CD20D860FF0BF48801040B361808148714764028EAC137E871501EFDD97C89B52107FF1235B0928C562
310
530082573CE137840EFEF82A0BDC602736C595912FBEC69E6A3A26903B3A300C5A098A9E3F1810CDFFBA019D97B4E7A7A075850F2E92569BD960CA7B8304995FD006FC4213BB1448A6F4BFBB3A9F9FC4962D0A1369129B10073771FEDA38B1737B663A71C088D8848027FC3008DAC4E4397A6F76271DFFFCF77D6BD7F1F67D
310
A51E0E08875A6BAFBD6BD7AE52CC04A0B4A2206F650EC412841A48258258E8662C3838FBE21E25172C2A15A4F78D82DCF68A005DCF07047C183E1CE47731BBCCB5469D9169E0D588945BEB637E87802A03D88FB82486210D28FB3B858D13DC7CE75F5E6F3B03C1744D30CC58C7C7A256146853A05243060B850072A7010CA4
310
7CFBF9A1E24F414037B8781E8E9F219A774B36481CB43E48A79819D638C8760D672FAC19FB9D3FC5EA9158DBD0159C27860409682E8FF2595652FE189D2CC2D7C023E944158355806FC320087CC74116030CC376C559C098B93A041C5DDA48AF33827D2327DC761D19C17CC62780D82A170E6CE7415A5E7FE825E053048F88
310
D2AC2A561CA4D4C60098DA28EF1A01382772484698F60C8DD24BF396EA76260542810A625978C03580A9CAB91D10249BE579B0377A3DD15749A45F24C4D81FF3D7D7996F6A1690288008C0FF6CC186DA9D5FC95BB09B1301004B016E707FDFED306A1BE8FA208828F00BF342186839839F1F6FA338DC5A0200FF383DE92614
310
C03A4508DA18F4D85F9354F7E867AA77A42FF49BBE6757A1A7454448D0BFC3C220714FE43A3D8F1547BE10F0BC5A05985AC3C28829A06FE24CD062700601F4AF12AF99099B08E7071DC4626A97C920C3FF96E190C9D1FD7CB6163E800D79E5F3F10A9306C02B799E80F1AB380E0571A584C0370A220C3125000B500900D96F
310
EA40409F980E2083E4EDF4D8D2480AE5667222E020BCDAD4EF19682120818FE18EC7FD6AAD67C03F7DF1955E697456F517AC4F24700C30171C67E9168B109A4F60AFA60F98BE30941BF776DBC7C70792A2FBE98AAA97224F8BEA39B47BFD14A8CD03320DA2B676E3AA397E652E30A42CE2987B7DA1EF7F75242413800A04C0
310
270C62A13372400B435ACD84B8B5009208F5AC73EB149FFF3508E21C2201E0338BE07E50EB47E7FF6D97724A601028C5519073E7978EC88834410450E074DD58AD13A4900103A6444A9CB99103229F0EF8C0C78161EBC68137240734CDCFC349807851E0EB46CE864D2E405ED341B71A390CF2DE20CF5193189E1901E866D0
310
230409684B193D17E2928534D04240937D3C84477494FC5E0FE0B448E35AFC19007926C1C6A6E622FDB8A12E30993C6710E070397C4B26304C0AE38218D19F01FFB15BAE1C0E7E74DF75F2406E373C414E848FF8E500EFAF3C1029C9C0ADAB2313A7426CA9B2C1B9E30032C84EF31A09A88A386F136E8C2F1D582EA0459207
310
015F10F1F001F0B1B7DF7222011EA2001F00BFD36BAEE0850928B08C077030FE3806C880EAA74BCE0863A952812E6008B3A89199C1EE918AF96AF583F1A073B0A355B9D861AF1460DCFB3BFC6B7EFDC834B09700CBED3510E48DC7129041C991F06BA5006CA6B5B34EE21501374E8DFC910042036111EC9C7CFA1C05D48A72
310
70F7F835BF04A4194DA4CF76CEC66718C84CD020D04C412AC848F03E3C61A1C8D50D0EA6838A00376054D3DF61A0E393E1F8B058A6C994093476D601A4A06F0CFD3C0A6BFA910E75CC10400A80FDA93AC9B5EA4303F6C0D188B559086091CC5910137772E14F2376D03181B5CFE74C0EA38440D0AC256D6C4D104CE05302FC
310
C00B60B9CD4D71E08BD40C144A025E60D4C1F45FE846A2105D717EEA84808A5DD90A168E133640311CF05DD870768683F5D2F1800F485AEBE5CABD8FFA3C0BEB33702493AEB551B1EB035EF5C8E5757FA7832141F88E8578A363802B560007AF93D7D470B478C4D00B412D634C9140C4F9275C00DCE8DFE3C7F8C0AFBC5B2C
310
E82E3C3BDF393D4375D50C43CD1C17E3777CD2C170725B7B42B41DF15BFC344DAD089C1E9118522B4A2C60B794E4E8F33081BB7C8CFCEEA0B2015E49D586429C6C78646180B7710E06018A3082243C275F077FBE412C17DE80D3E6B9462C5204C5D980D1DF84A864401C483CD01B143F4A4868087A0F780F37230200A4FBF6
310
AED325114C367C22512750A5C7C3E32D545CE20A0904183BA10015DCAD89864B3E1EE97EBAE8B204266A48E010511838E2FE413FB116E60880C2D8440AC3880DDA6DF6618C138CF1CB2A09637E18D00F80CB0DC05322E31EADB8081C29410903F06BFCDF5AB46024E4A75828056440503C707856EF0C037623DD4922A400E8
310
A6BD75E4D2800905F18450A00CEE88860C8964C7B3F90F56528BA18F71CFBBBCD2D05797E168FC37DB26DBE0DD2EAEF39686C18440820013C1444055402A541400DD362A0A402F1FE51246404E098249FEE30708C10CA0B54601053159480C00BAA9B1223A773234FE72FD5C3BD81804D8D196FE3D5315A0C981D88D04FA01
310
DFC185CA93F9120E1F480B08063364A0A318F08DF95056E4C91F1150D31B011200383502E079EE43CC18603AE2F88FD139C802A739F208E88D06DC78267C448C27C4113C19B0F51B0E9C1C021CF8F9167C6B1F2E10E461002910105D1042792D1CA303F469714C018C23D72179E165049C40E801CB96CF334562E5807291D1
310
E0C70FE6CAD91656715F0E5C5E70F8D7F83290549B1BAA6F781D25180EBCA93EC84E72A74081CE3020789B3790E1A9E478E658C099BECFF01E530E80EC5FE31204ACFF70AF8177A03059240CD074978A002A878BF883FEEC81DD684E406CA630ACFDE87292822A11953710F000885D6F68A67ED40CD772B0828359B753F7CE
310
23D9479AB9845771B389D6A77130F8C134EFC83947392029B10E4425440A84AF0E54825228FC1634D369874739C837A9DDC83C20D320C36042610ECDFA750303710224D01202488012CA847424F8D53F78AB6BECE9B3B35A7F32396AC6B7444566327DBB4DF06FD9616744F4D3A397EB3B0A3FBA8D763702883ED742FE5CD2
310
4146D8E353ACCF811C806AE09914D8446E93840FF4D6C963FF32BFB6AB015D1D3B0C9A0968776F021F21404B6260CF84A14F35180CE20B5E85BDA2EC91FD5A7DBA7E5705F4F0F97AF26CE18E3BA078138202400A62930FA6CC7882F911A92F33E547E64990B0F27323D73B6222863F86425153FA8009361C675554C25382CE
310
148420C8DCC47A20122806CA178A0918C14CBD33440289078A00EC6070184CA9907FD0A1270478E0B325B67C2193694EDB7DD0F3C238447C8A11485562FB4902134E6AC952FD5320A4F7C780882DA9684285CD81D278C0E8FF8DEC9F45D22DC3C2CA99C2728110888799575B6834BF22B0F01EDE72D7F21B672C40F0A97299
310
9E2200B7C91403F9BB3D09C01990819238CBAE5E7510D7D57450507E3DB04AAA0A3C280064E0775380C8C16EEA4834346A04BF0CE847B4B3AF760D06D24BBB267C32E2C9257DE5EB748AD101AF1FD33265E2B674EED8C01A0AC901392211011AC810560F77778E85B13BAFE3E25C95B70919A4862C15928BD8989664AD8638
310
101D009A80F00BDC41AF27602A4BDA0C077E550048E7F1011410F01405045E1C140B4D0E70E0F6E034171C3D6FD12004FCC1FA304312518910356628A4A326EC9ADF5DFFD1B2C0399503F14B4F8E3E0E4E39A06ABCB56A8014687E86E462BDDE5124615ECDB412B7314F62E6E0C76ADEC0F717B360E741960104CF1706CFA1
310
8E0605004B01AE007869B095ED92144A807841EFF2811C047889A04901C809062057192688C92346F97F279449F89B113500BAD282D1DA80A55C27EFFE02C8D4F395003F285B617BBF0831F49B055342DDDD414378E8888E92C16789F269A27C9A221FAA4A0DFDDB9F935B2ECC04DC51481558A69301E0460B02665AC4DD30
310
C03D480866C3409400051811876014C0F294C542821AB045011A3E3F09001FF304E3A0BED05CC11A811B865001769507FC01ADC611F400CF68C7B093606E30F3C7E0F00C1D10C31951C1E2D7252181DA00345842A19130715C736EC9ECE686A712FDB31E4D3E50AB336E5666D7B212C0113C4A4406029709B43D0228F3FBAF
310
49921B19CA0C82A2D5BC4A2079809240F37D3E10F9637607C3983F0458508A98B8B4EFC92AC13530180CF55359500080061DF59B98BB3FEACEE881DC8127F182A885A86FB12B43C590A4380504E32305E3148BBEEB2D2782029765428092545BA5C2C681FC5F8E869C0EE1034A822FF09A12C94084505AA868080303473F81
310
61F7AA0A6610745E280BE4427FB770106F8800EADABA19F453210435BDB2348471B13B65F2FCB554827632C4C44467333E4127095D22092ED492009930413251B5408345065065E415266E20279A40B3F520370BE2050C8360E6BB4601C1673B9BFE007EF5200B6483CD195400A783E6DEA0653515B0FCE8E86D1618FC1EFC
310
15C2E727F24F2A2DAB57326D8D0877D4E298894E7A0C3C7D9CE8A0E2D17AA2020FA1097D6372F2A9F955060FDD467AD0426368C24A8340FD0D6687A76316DEF5179ED9042005A2BF02A5DD810A4DEFA4A8F700EFC50FF4FB8C06410F0303C106ADF8852ACC6A2CA9046E9ED070739339857222CC009E206479886EA26227BF
310
7A341A15C351A8404A6C10080A2140FA4B4E8D9B9A11645899332363FD69887F436A660566964250FD752E787B64BCF8E6C8190DF8EA0C854C062D8A5A1346F810414313E606ECA0AC3A01D6928544029D5F42E202C0CB386F880F7842A31287061F32F3CBE09F2950783394F2F2B23D85386C6F51943E99DD10C8A0000BA9
310
569A14805693274BD0E4F4DC3F28E331EEA91C4F33ABE057889BFB92819187840A08E57A276A8BFCB75B0342668C70C565C8059996D209C2800941A21FB82B2F520BC2E6FE6F1A8827043DE17000DACC8193E78BBB8DF1467978C06F6AFE986123E3A95272CAC122046F4C65C4B88FED2F1CD1D918F7CDBF8903BF1A90057D
310
42F4DC133AF804ACBB58446A0DB78806FC053FA1E45D0AF1112613CC0DD976C5E70AD3282F42725C0D02AC8588DE451B1C01ABF063E7748A3882F0DD484BB78D037F9812240EB88B6034C0AD53E5116D4C6D920C6A89F084E6D0598AD7EB6930CC7B293E27A666E5CDFE9A3FA52FEB3C97976FDAAE9A60008FCA6B33099CF9
310
880D35D419FC687D424378E3099441E110C5B3C6DC311E6653514A67A530D863326C4D8430E0C28024803B5B069B0E60C10EDB6DF087034171DF01F1F3404B27B1056D8C0E56E7CA6056E7798147BE4C2F01CED5987E413AC6A724876DE3F599E0601CE7B9CEF3BEB3671E12DCE8AF9631B8031D3F360B6955DC2342B2A0E4
310
632A00264C0DA002220CFEC3E10D9BADC8904D88DC51928593AA16C91DF6FFF82B3234404C7214D0F8608E0052283EFB2B0563F1D072936C4017706010BCF1B16CDE0C1FA9C777E44E1F5259B0C9BBC8794A82A6C182A3AF56B16921405351FDDC91B5BAAA617860E8D76C97C377FE701A4EB4378FA97C2C8E3CC8950886C6
310
FD93AF70A1F5F676B7ED16CBC56AF5D09110EEB8607CC08A795882358280DDB98AFFE7087C6EB593D62F041CDB4018935238E73F1098100D0C8769818F777057F64C703C6530E142FDF5C837AE1CF66C94C4887D3A3726AB990DEA248F73B5D32C8E04F6714B1E67C53FC52040252E605B322407CBF8C7F05453462A295ABF
310
4D95592DDD76AC23512E9A2DF964715C80DD752CA8E263AC36F02C3C28A133EB22AC8D099BDEFDE28C3E8FFEE3815D5D00C17C00511058354D62443C1A546280E43572A9C661A34FA5891F8E7570608C8DF21DF51DF9D2A84D4501F41B8CD4F4C9DEB2F901E810C0E4CEB6EC08DFB06341C864CF8D0EEE779A606545E1E64A
310
AF30A4324C20FDD3BD558BD966BA994FA915CD162B1978642AD01694E533EC190368A68234657085B5F88E27A0805E04B8BB6A00A51646EE3C10A50FF007FF410F1963CA69BE2002F0F902E701AEC995FD41F83A3F0C3809A3288A083003A6CC2A20E6D703EE48E3777AC07ADD51EB6101603A9FCF17B3D5928F6D742EE7E4
310
CF38AE2B03C5FB39C81D7B2978FAFE85AF3D2710B0582C970F0FEB0E4D1103B8BE2B4D560CA10002FC8F334C891C07B44FE06B2E3ACE5E1E2D1FC32203110ABF9CA0E8381F68EC3C06701328E5A38278A5FCD944CEA5283DA933DF2A2448BD23F1C5D8BE04CC2DC3B43B3EEC29F8B5FF926D11D3E97EBF7FA1BD1E5E5F5FE6
310
D3D972F548547783146ECD84873F377C5820F7F9FCE5E07378D6CBCB7E036DF7F7104079A05B77C6942D1BA95D47424BFC3DB6411009A42E207871B7EE9B06614BBD20F22F7523FB985F3F7068E37600273A3ED0C1CCC380F6EC4AF01CC1CF95E4848B7BF950AD14C44F10460221E02D21D01DAE800F323704C00035DFE97C
310
B37F797D3D1C0E4FBF35EE1E5E9E0E879FBF3DF6F474780A01FB3DAF01FE0C0798218007C2090A3008BA7682A338F4A8804A06CBFE6A80CEC766F49853F15B2F45FCEA3F8250012841315016E75E797EFEEC4ACA6C79F515CF1738F7C36E2406071051043817C9E8C5888D49D0332E800062FF54FA562BF7446CC0BFDFBF86
310
03D1FEFCC9F7FFB5A7F000430755C2D3F72F2D02A022820897ABDD44594475BDCCA4A10AF34C06B08B4AB58BBFAE30999DC66C7CE903A83CF8EB006EEEAA063430F84B05F0ECF644825F5E95073870E72A0771AB89B080022A0C5A9FAF34C89286257FB7BEA000EC65B59750C68E0815B0D9834B15606328F80709DE09018A
310
C2A7817F83F96DB3D562C10A0A31300230CD4200B87F85808BAF64D04600254047F9C14DE93464009E7F5AABB4FDD6D55142A2C0BF1541FCE19C20C899BF4F76AB54B84CB97F88F48ECC029FD253F0C70DF4816B9AC94BCBD653B1A283C4001A0337955E4AFED3FB790B6B1F5EA0B5514074103A38D84280EE0F5F9BE974EA
310
B2D16AB1EA969684B6E4166CA28264B300474C7308D20013B204A65F82970718D05678B3315D442E1C0A327E2F56556040C005D2FAB1326A68A07507C9E46A3648555A7080F5F50219A00E6222E3E0862CE95B5680930530742F1D041805E69B788161F015944D041182B861A2C17F3AF01CF5BFDF6C343F9171F5B004BF59
310
C016719164B888EA206A02AD05E8464D06B48E4381A0E9345FD171625AC22198F57C003BEA5510F81FF78D31C9B033D0030000000049454E44AE426082504B03041400060808007882485B51464CB48900000043010000360000006662782F36434234433331322D333830312D343344362D383732332D4246433736343137
310
303338462F6469726563746F72792E786D6C9D8F310EC2300C45AF127987122606C71DD918B841D4B851A43646695A717C52A85029031293A5A76FBF6FACEF7DA7264E43906840EF0FA03836E242F406C6DCEE4EA06AC22492573150D1F66C60C640E8938CB705396EEDD86DE9B5042FE27813D640EA63BB001C722AF6E55C
310
B61E4863F58284D5D3F53DD715CE1C3985E63FD7F1B7EBDD617E9F1E504B03041400060808007882485B24379988390700004B1C0000340000006662782F36434234433331322D333830312D343344362D383732332D4246433736343137303338462F6F626A656374732E786D6CDD59EB6FA33810FF5710F7190881A4C92A
310
CDAA4DDA2A3A7577B5D19EEE1B728893FA6A1EB2A18FFBEB6F6C6C822949E83EA4D5A552438C19CFFCE63DCC3EBE24D47AC28C932CBDB47D77605B388DB32D49F7977659EC9C896D7D9C5B33966545639F6DA528C197B658B6E7B33DCBCA5C2D6DF10E95B4BD7A7BFDB7C5639C62DB8A29E2FCD2E6F1034E908BCA22DB62FE
310
E86E5181DCFDEEC5F5DD6AA34976CF50FED03A2A470CA705B00AEB2950511CF8E64F10C99BCF3CB1C1D816F4DB363CB1CD93829B8C929417288DDF70D53A6E7884ABD671811F2E6F86A3A9330AC3C009C743DFB9BEBD5E3AFE4530588C178BE9D5CDD4B6E6B34D96D15A01394EB7A0C5577BEECF3C71A7165FA1D0C5779CA5
310
298E159A5D1BB658D12598B7313180F5A5680D8554B23616829EC21FD9D60B148325036D2D9CFE6E5A6FB6F90740E07DAC94712CAC9C170C74ADB0AFFC6130F3AA55432F845B092A3023885A946C1862A020D85A29C82023BC4590B20466528B9A5E935730ECF3BED4C5E5AEA454F8AF3D979E16813FE2824BCEC8BF981DB8
310
6F9E063C81B425498B8912B678CD81C474E6C9C5EA5E3054372B20AD1D457BB01610536C0A862DBC162216AC96F6FCCFDBCDCB5AC487EEC37396E59815C2F2A4332BBFD31A6C9816185F0F502A5C4DDD1D50F90AD07F02E46B5EAC19688E9197F025D4B23394F25DC612D08E35B09C01FC1B58E2F2CDD5CCAB1F9E5B96112B
310
8F610A6EFB933035C430CE6E403A9F3D81D1672C50C2AD6344C1A6EF492AFC1C0CC5A2192C41BCDF6D5EECF90A82292CC2538882F4F037F3C4A5055F151D88372D0D7585DF1E8AD20ED3F6B383AEEEC06618896B5519321EC377F453F0BD5AAEFF5C976C87627CAF1C7B897724250524D36E860CD00D97FFB6FA243DF28E66
310
1B440F4F1B9B6238669F89B8D1A196B5528B25F5029C88345C6946AEDC13F0764A518AB392ABF5AE3815673463D1E635AA5CB8F3ACBFB40D54872903E88C6590DC63467281893D57DAAA03A1DB10142C0C316581FB4AABD1A64CF2082559998A50FBD614DB7C409C1196085425356DD8DA6B35D92DD9ED4A0EC1AB93E4C200
310
52F9B3265C59780871AC8B5F86770C4112CDD288400E0667E93CC138A006EF34CF1CD35D44282D93684728E4912841F911FA3D256866AE47FCFA9CB16D2741D3B2B44F6A1B12802B6035483A5B55315FE994E12722CA4C99CF74363076A83AD49E8747D285C8141D806A6394661EDE8C6E26B70BDF598EAE6F9D7079BB7426
310
A13F7616C1281886D757FE7872D5E65347AB66BE03558A32C7F0BFE2A14C362922146E08B1D136FFF05166CF4B0F42A3375E5C878BC01F3AC164E03B61B01C3B938B610025DBE2621CFA17836072EB31CCB392C5987B436F106993CCD3FD31AE34776F63289435E7939DD6575B98FF710C6DE7044389BF6B10AD63574741D8
310
37888A47DB2114C58F22454531547D9DEED30AA26D3EBAE2DC3BE3F2C00D06F2E3FBD3E1603A9C4C47A39E614F9EF4C391AE4B86183ACFB288B21CC5A4E84EA92D647AB2FCAEECE206FEA8C246FF1F0E2DC0ABF76ACDD4E9CCA4988A4882F638DA21D1577484D273127766BD3DCD382729E6B22F7C532FB6680E5C28BFCC2C
310
DD61B68447092ED0F758AC6C345A5E00D19C46D0C116628670B68EA85D40F52CC7288A7E1952BD94FF35E228C969D51B9FC3C01F6A087457D465A1826971C413D867848A68B0C572D4718E7ACDBEAE283AB5D6A63EFD6EF247E0D195D02F84471FD1BFD87247FE547C261086C6233F185FD4AA3887963EAC10BD1F2DA15B8D
310
5FA3674CF60FBD8AD37E5A69947955215EE0045A5F5494AC97C78E219A68DBD202A9C8D07289C649EF2C2865CFA7BB3E384C367DC74AE2C63150BB92146663BD04792345A7114B5DC839A01877BDC3B3353667A9FE70C4FCE55576D3FD1239303A8F0354D8550856F1C7A8C33B2B75A386E2CFA8882194AEE5B7730D1EB1C5
310
DB43336790EB2AEB754D7BAEE25E89909AC0941789487B2F2EE85704AA868E9B7B7755A1E755EB2B91DA5C18681FF8309836697DBE5BB7A8C04AEFA7BF088CF0738B825A5D880EFA04A96FABC39CA0454149F46D75E2F1DFA20BD10A6C8CDE6082CC334A60908FB7D61E6790BF6154D1A3436109E6322F83F1AA20A5DF22F4
310
78FAA99AC3166843F5D3F10382613655FD5B19C3201572E6A5ADD6AD3F60742AA69772A0E53E42EBA662986D958C5CDA60B105810ECDDDC0084C0E1C25F5D688131C1BA57B91F1ABA7EADF87C7043A10950E72D57BFAE0A224339C094AE15CBE5B80BAAFBA319F7DBFE89A1D0B1570B9298B5A98C3C2411A05827E89500907
310
93C24705EF0B9414A7E5F25DB9C780A4D734FFA41D54549D02B1BD1CC937F0BE5A7EF1C4347DF5D9CA69B917EA3CD5311B941CD1A9D3B29A5CCDC0309498391255E4E283F78565F05A2AB16E091881B7C892244BD58F2BF55ACB5A3FC04BAAADA70784DC0B3D3930506F00A20DE2D8455BFE080BA05146C418B542D6D07B1D
310
441B7AD78A102A80C78CFDABA5A58AA2C630A5196D052A72FC6F81FF88D73EC25B9A1B1AB34A7001E04ADE3C5CE88599C7605E3EFF0F504B03041400060808007882485B19461D41E2000000550100003C0000006662782F36434234433331322D333830312D343344362D383732332D4246433736343137303338462F7265
310
736F75726365732F322F636E782E786D6C4D90CD6AC33010845F45087AB42C99B62441565E22A75E822A6F54115B6BF453DAB7EF2A55A1A75D663E96D9D1E7AF6D659F9072C03873252467101D2E21FA99D7721B0E9C9D8D4E88E51FC659B41BCCBCC9DC689FB0EE5D5AE066EBDAD435C47B17E5D5438414DC758F9E33B7DA
310
9C679EDD076C56D85A70817C178B2D56289120634D0EE844091BF4132E812DB07033C9E965507290878B7A3DA9E3E9F9F8A6C7461AFD8EB8763EC40209F7A7493AA4355222A9C706185D53E8547B838CBF7882E2E9916CA37349D441C7CAF74E58D8AC87F181FCBA468FED491A8F0668B642CC0F504B030414000608080078
310
82485BFF15A4A45D000000800000003A0000006662782F36434234433331322D333830312D343344362D383732332D4246433736343137303338462F7265736F75726365732F636E782E786D6C4D8B3B0E80201005AF42B6F75B59F0390B113044D83508C6E30BC6C26AF226F3B8BA6360974DA7271430F523308B2B198F9B
310
80925DB700539227A2FCCB80A18E5640D320F996A81C9F32D6E9129A0D1EF74FCE750E6D57BC7165FBCA07504B03041400060808007882485B98D9EFB24301000056050000300000006662782F36434234433331322D333830312D343344362D383732332D4246433736343137303338462F636E782E786D6CCD94C14E0321
310
10865F6543E271D9DD464DDBB034F1E0137830DE5876BA6259D8C060ECDB0B95B61AD3E8A1497B23C347F2FF333FC3561FA32EDEC179654D4B1A5A93028CB4BD32434B02AECB3929569C396BF11B460A234668492A13CE0667C3944B3DAC45D0A9AA95D9E4A24074AA0B089E14520BEF5BE2E52B8C828A80B607BFA1BD4041
310
1BEAC0DBE024C4F7A846C8EFA50381D0133EAB6777655397F5FCA9B95F368BE5EDE2855589E4ACB356675E190467A79B592D6D3C9A28A7665502380B4E652A7920FCA88D76CAB02ADE73E6A35E33640EB753E2A6492B293036AAB21201CB08811859F505735625C73F7C3F3E3C1F35C453AF1C48B46E7BB13634A7DA709046
310
6322FED7851DF89779DBBD45CB979BFB49C359D8D9ECEE93EB63747F2721E64998415FE30738483B7FFEE3624125AFD1F45ED9993C57BB1518079F3622FF04504B03041400060808007882485B0CC781237D000000A30000000B0000006662782F636E782E786D6C4D8C410AC3201405AF227F6FAB51D48531104BEE111A13
310
A4468B8DA5C7AF962CBA7A30BC193D7CF680DE2EBF7C8A3DD00B01E4E23D2D3E6E3D9463C50AD060744EE9F8BB018AF3EE7A68188CDE722ACF132D6E9D4B6834F8F838A1B023B78C769829423167378195EC181E272B05A792303555E3DA943ABF5EDD96375F504B03041400060808007882485BA6D797065F000000820000
310
0007000000636E782E786D6C4DCB3B0E80201045D1AD90E9FD7516806B51190811670C8A61F982B1B0BAC9C97B72CA7B1037C6D3332918DA1E04D2CAC69353902EDB8C20262D23F3F59B81A079470595414B17391D1F19B4730A5583A7ED43BBE4025D9592775E5ADFFA01504B03041400060808007882485BECFD112DA800
310
000026010000130000005B436F6E74656E745F54797065735D2E786D6C7D4F4B0EC22010BD0A61DF525D18634ABB506FE00510A79458060253536F2FD89D5197F3FED3F68B9BD80362B21E25DFD40D6780DADF2C1AC9671AAA3D677DD75E9E0112CB5A4C928F44E12044D22338956A1F003333F8E814E5331A1194BE2B0362
310
DB343BA13D122055543278D79E6050F344ECBC6478EDCD76CE8EABAE5449AE4298AC56946789C28AAFBEABC53F3EAF09A84A1441B91F0101CD4780756578C173A578FFDDBD00504B03041400060808007882485B3DEE336E64000000790000001B0000006175746F6465736B2D64657369676E2D7061636B6167652E786D6C
310
35CBC10E83200C00D05F21DCA56CA76D41FC96062B120735B69A7DBE268BB7777961F8D5AF396893C2ADB70FE7ADA196782C2DF776D7A97B5933C430F15651E5469C55D70F80A4992A3ADC954792C525AE70A1E4D6AD9816CC044FEFDF01FE3FDE907802504B03041400060808007882485BA0E12FBDF40000008E0100003D
310
0000006662782F36434234433331322D333830312D343344362D383732332D4246433736343137303338462F7265736F75726365732F322F636F72652E786D6C8550CB6EC23010FC9568EF4EEC9040408E5180F60B7AEACDB24DB02076E407EAE7D726A9D49E7ADAD5ECCCECEED0E3D7F4289ECA796D4D0FA4C4502823ACD4
310
66EC21862BEAA03832EAAC0DBF6850183EA91E320C8C8ECEC67985843541998C1A2BD50A72EF5580423C52D383173735F192C79018FE5ECE5CDCF9A84A522E3C4663D472956A99DCF4552B076C2064C0CDDB05E1FA7246CD3BDEA06E6877889C303977BBBAC5DB865659CC68D0D3CF76E1140F4A02AB71DD228211EE3EC8F6
310
40F68766FF49ABCC64D407977E5E97E6EF129D560BFAC72DCEF27FB7A84DD8D4ABDBA2F0C0483AEE3560B4CAE9A4F28A2ED59C24FB06504B03041400060808007882485B5CB42EADF9000000960100003B0000006662782F36434234433331322D333830312D343344362D383732332D4246433736343137303338462F7265
310
736F75726365732F636F72652E786D6C8550CB6E833010FC15B477834D484222E38826ED17F4D49B6536C44AB0911F553FBF76A0527BEA6957B333B3BBC34F5FD3A3F844E7B5351DB092428146D9419BB18318AEA485E224B8B336FCA24161E4841D6418041F9D8DF30A296B029A8C1A3BE00A4AEF3140A11EA9E9C0AB1B4E
310
B294312486BF97B354773962C9CA8527788C7A58A57A486EFAAAD181E819EB69F37A21B4BE9C49F34637A4EDB77BC25E283BB7FB7A4B770DAFB258F0A0A79FEDCAA10C3880A869BD258C12DABEB3DD911D8ECDE183579929B80F2EFDBC2ECDDF8170E86D740A3DAF96E91FD7380FFFBB466DC2A65E5D178507C1D291CF81E0
310
554E29956784A9E644C537504B03041400060808007882485B271EBA27F2000000B1010000310000006662782F36434234433331322D333830312D343344362D383732332D4246433736343137303338462F636F72652E786D6C8D50CB6EC32010FC156BEFD8605CDB893091E22A5FD0536F08130725068B47D5CF2FC4AED4
310
DE725A343BC3CC0E3B7D2F8FE24B39AFAD198094180A65A49DB4990788E18A7A284E9C396BC31F1A14462C6A800C0367B3B371DD21694D5026A3C64E6A0785F72A40211FE931809737B58852C49018FE5EAE42DEC5AC4A526E3CCE825E7EA5D22911D404BCC6F51B2218E1FE83B447723836874F5665266731EA69B7D25372
310
D757AD1CF0763C37232535A23D26A8A1EF2DEABB9AA2F365ECDA867498F617566531673EB874F3FE49BEEE55F926FC9739AED30B99B509B4DE0D3785074E529EE782B32A1798C6B3DD3473D9FC07504B03041400060808007882485B8378FF4A54010000DD0200000C0000006662782F636F72652E786D6C8D525D6F832014
310
FD2B867714AC6D5D83345DBBFD823DED8D2275A40A06C1F4E70FFC88F361DD6282E4DC7BCFB9E704727C3475D40BD349AD0A80630422A1B82EA5AA0AE0EC0DE6203A5262B4B63FDA40A458230A1060404965B46B27886B65850AA8D2A59840D675C28288D7FE52808E7F8986C5CC59DFD1DDE396F13BAB448CE3B18F12E764
310
398DCAD2B3C99B1406D013C62794BD5D204A2F6798BDA30DCC4FDB3DC4AF089FF37DBA45BB8C246198122B9B599D1BC1AC28014D51BA851841947FE0DD01BF1CB2974F92844E4A3A6BBCE74934B803F4767D9064C4577CAE2DFFE67352D94D3AF18D131DA0D8AF37142849423EFE3784B7CED00BFBFC2CBBD6B385BB877AC1
310
AD3699AF94DA2DA59ED54E786A140D1F49C6AA671E087EE3499FF03CE7F0413155F9D598F5D7ABB3417DBD532B0CECED2352DA34AC5E961B575CCE456865691EE7BAD6E63FD3B3D539CC243C4CFA0D504B03041400060808007882485BF628E6BB08010000B201000008000000636F72652E786D6C8D50CB6EC32010FC15B4
310
776C70ECC48930919BB45FD0536FD41017C5068B47D4FE7D2171A5F6D6D3A299D99D61D8F1739ED04D39AFADE980160490328395DA8C1DC470C12DA02367CEDAF04B06C88859759061E06C74362E2B34581394C9A8B152ADA0F05E0540C3941E1DF8E143CDA210312485BF168B18AE6254052D1E3ACE829E7F5607A7445012
310
7845AA06538249FB4AB707BA3FD4FB3756662567316AB95A6999DCF5452B07BCA7B427F5F31993EA7CC2F50BD9E0B66F76983E117A6A775543B6352BF332673EB8F4E7F548CA199017B7ECCBCA07C5D9BBB5D32A48A124B266FA024E5899893FA1E322FF115A9BB0A9D6838F0D0F9CA640772219E706D3B8D79B666E9B7F03
310
504B010214001400060808007882485B0000000000000000000000003700000000000000000000000000000000006662782F36434234433331322D333830312D343344362D383732332D4246433736343137303338462F617474726962757465732E62696E504B010214001400060808007882485B00000000000000000000
310
00003500000000000000000000000000550000006662782F36434234433331322D333830312D343344362D383732332D4246433736343137303338462F76657274696365732E62696E504B010214001400060808007882485BF270F13306000000040000003600000000000000000000000000A80000006662782F36434234
310
433331322D333830312D343344362D383732332D4246433736343137303338462F747269616E676C65732E62696E504B010214001400060808007882485BB5A795FFE3790000DE7900004200000000000000000000000000020100006662782F36434234433331322D333830312D343344362D383732332D42464337363431
310
37303338462F7265736F75726365732F322F305F67656E657269632E706E67504B010214001400060808007882485B51464CB489000000430100003600000000000000000000000000457B00006662782F36434234433331322D333830312D343344362D383732332D4246433736343137303338462F6469726563746F7279
310
2E786D6C504B010214001400060808007882485B24379988390700004B1C00003400000000000000000000000000227C00006662782F36434234433331322D333830312D343344362D383732332D4246433736343137303338462F6F626A656374732E786D6C504B010214001400060808007882485B19461D41E200000055
310
0100003C00000000000000000000000000AD8300006662782F36434234433331322D333830312D343344362D383732332D4246433736343137303338462F7265736F75726365732F322F636E782E786D6C504B010214001400060808007882485BFF15A4A45D000000800000003A00000000000000000000000000E9840000
310
6662782F36434234433331322D333830312D343344362D383732332D4246433736343137303338462F7265736F75726365732F636E782E786D6C504B010214001400060808007882485B98D9EFB2430100005605000030000000000000000000000000009E8500006662782F36434234433331322D333830312D343344362D
310
383732332D4246433736343137303338462F636E782E786D6C504B010214001400060808007882485B0CC781237D000000A30000000B000000000000000000000000002F8700006662782F636E782E786D6C504B010214001400060808007882485BA6D797065F000000820000000700000000000000000000000000D58700
310
00636E782E786D6C504B010214001400060808007882485BECFD112DA8000000260100001300000000000000000000000000598800005B436F6E74656E745F54797065735D2E786D6C504B010214001400060808007882485B3DEE336E64000000790000001B00000000000000000000000000328900006175746F6465736B
310
2D64657369676E2D7061636B6167652E786D6C504B010214001400060808007882485BA0E12FBDF40000008E0100003D00000000000000000000000000CF8900006662782F36434234433331322D333830312D343344362D383732332D4246433736343137303338462F7265736F75726365732F322F636F72652E786D6C50
310
4B010214001400060808007882485B5CB42EADF9000000960100003B000000000000000000000000001E8B00006662782F36434234433331322D333830312D343344362D383732332D4246433736343137303338462F7265736F75726365732F636F72652E786D6C504B010214001400060808007882485B271EBA27F20000
310
00B10100003100000000000000000000000000708C00006662782F36434234433331322D333830312D343344362D383732332D4246433736343137303338462F636F72652E786D6C504B010214001400060808007882485B8378FF4A54010000DD0200000C00000000000000000000000000B18D00006662782F636F72652E
310
786D6C504B010214001400060808007882485BF628E6BB08010000B201000008000000000000000000000000002F8F0000636F72652E786D6C504B050600000000120012002D0600005D9000000000
  0
XRECORD
  5
43E9
102
{ACAD_REACTORS
330
43E8
102
}
330
43E8
100
AcDbXrecord
280
     1
102
ACAD_ROUNDTRIP_2012_MLEADER_STYLE
298
     1
  0
XRECORD
  5
43EB
102
{ACAD_REACTORS
330
43EA
102
}
330
43EA
100
AcDbXrecord
280
     1
102
DISPLAYNAME
  1
Imperial24
102
FLAGS
 90
        0
  0
CELLSTYLEMAP
  5
43EE
102
{ACAD_REACTORS
330
43EC
102
}
330
43EC
100
AcDbCellStyleMap
 90
        3
300
CELLSTYLE
  1
TABLEFORMAT_BEGIN
 90
        5
170
     1
 91
        0
 92
    32768
 62
   257
 93
        1
300
CONTENTFORMAT
  1
CONTENTFORMAT_BEGIN
 90
        0
 91
        0
 92
      512
 93
        0
300

 40
0.0
140
1.0
 94
        5
 62
     0
340
10
144
0.25
309
CONTENTFORMAT_END
171
     0
 94
        0
309
TABLEFORMAT_END
  1
CELLSTYLE_BEGIN
 90
        1
 91
        1
300
_TITLE
309
CELLSTYLE_END
300
CELLSTYLE
  1
TABLEFORMAT_BEGIN
 90
        5
170
     1
 91
        0
 92
        0
 62
   257
 93
        1
300
CONTENTFORMAT
  1
CONTENTFORMAT_BEGIN
 90
        0
 91
        0
 92
      512
 93
        0
300

 40
0.0
140
1.0
 94
        5
 62
     0
340
10
144
0.18
309
CONTENTFORMAT_END
171
     0
 94
        0
309
TABLEFORMAT_END
  1
CELLSTYLE_BEGIN
 90
        2
 91
        1
300
_HEADER
309
CELLSTYLE_END
300
CELLSTYLE
  1
TABLEFORMAT_BEGIN
 90
        5
170
     1
 91
        0
 92
        0
 62
   257
 93
        1
300
CONTENTFORMAT
  1
CONTENTFORMAT_BEGIN
 90
        0
 91
        0
 92
      512
 93
        0
300

 40
0.0
140
1.0
 94
        2
 62
     0
340
10
144
0.18
309
CONTENTFORMAT_END
171
     0
 94
        0
309
TABLEFORMAT_END
  1
CELLSTYLE_BEGIN
 90
        3
 91
        2
300
_DATA
309
CELLSTYLE_END
  0
XRECORD
  5
43ED
102
{ACAD_REACTORS
330
43EC
102
}
330
43EC
100
AcDbXrecord
280
     1
102
ACAD_ROUNDTRIP_PRE2007_TABLESTYLE
 90
      512
 91
        0
  1

 92
      512
 93
        0
  2

 94
      512
 95
        0
  3

  0
XRECORD
  5
43F0
102
{ACAD_REACTORS
330
43EF
102
}
330
43EF
100
AcDbXrecord
280
     1
102
RTVSPropertyOp0
 70
     1
102
RTVSPropertyOp1
 70
     1
102
RTVSPropertyOp2
 70
     1
102
RTVSPropertyOp3
 70
     1
102
RTVSPropertyOp4
 70
     1
102
RTVSPropertyOp5
 70
     1
102
RTVSPropertyOp6
 70
     1
102
RTVSPropertyOp7
 70
     1
102
RTVSPropertyOp8
 70
     1
102
RTVSPropertyOp9
 70
     1
102
RTVSPropertyOp10
 70
     1
102
RTVSPropertyOp11
 70
     1
102
RTVSPropertyOp12
 70
     1
102
RTVSPropertyOp13
 70
     1
102
RTVSPropertyOp14
 70
     1
102
RTVSPropertyOp15
 70
     1
102
RTVSPropertyOp16
 70
     1
102
RTVSPropertyOp17
 70
     1
102
RTVSPropertyOp18
 70
     1
102
RTVSPropertyOp19
 70
     1
102
RTVSPropertyOp20
 70
     1
102
RTVSPropertyOp21
 70
     1
102
RTVSPropertyOp22
 70
     1
102
RTVSPropertyOp23
 70
     1
102
RTVSPropertyOp24
 70
     1
102
RTVSPropertyOp25
 70
     1
102
RTVSPropertyOp26
 70
     1
102
RTVSPropertyOp27
 70
     1
102
RTVSPropertyOp28
 70
     1
102
RTVSPropertyOp29
 70
     1
102
RTVSPropertyOp30
 70
     1
102
RTVSPropertyOp31
 70
     1
102
RTVSPropertyOp32
 70
     1
102
RTVSPropertyOp33
 70
     1
102
RTVSPropertyOp34
 70
     1
102
RTVSPropertyOp35
 70
     1
102
RTVSPropertyOp36
 70
     1
102
RTVSPropertyOp37
 70
     1
102
RTVSPropertyOp38
 70
     1
102
RTVSPropertyOp39
 70
     1
102
RTVSPropertyOp40
 70
     1
102
RTVSPropertyOp41
 70
     1
102
RTVSPropertyOp42
 70
     1
102
RTVSPropertyOp43
 70
     1
102
RTVSPropertyOp44
 70
     1
102
RTVSPropertyOp45
 70
     1
102
RTVSPropertyOp46
 70
     1
102
RTVSPropertyOp47
 70
     1
102
RTVSPropertyOp48
 70
     1
102
RTVSPropertyOp49
 70
     1
102
RTVSPropertyOp50
 70
     1
102
RTVSPropertyOp51
 70
     0
102
RTVSPropertyOp52
 70
     0
102
RTVSPropertyOp53
 70
     1
102
RTVSPropertyOp54
 70
     1
102
RTVSPropertyOp55
 70
     1
102
RTVSPropertyOp56
 70
     1
102
RTVSPropertyOp57
 70
     1
102
RTVSPost2010Prop28
280
     1
102
RTVSPost2010PropOp28
 70
     1
102
RTVSPost2010Prop29
280
     1
102
RTVSPost2010PropOp29
 70
     1
102
RTVSPost2010Prop30
280
     0
102
RTVSPost2010PropOp30
 70
     1
102
RTVSPost2010Prop31
280
     0
102
RTVSPost2010PropOp31
 70
     1
102
RTVSPost2010Prop32
280
     0
102
RTVSPost2010PropOp32
 70
     1
102
RTVSPost2010Prop33
280
     0
102
RTVSPost2010PropOp33
 70
     1
102
RTVSPost2010Prop34
280
     0
102
RTVSPost2010PropOp34
 70
     1
102
RTVSPost2010Prop35
280
     0
102
RTVSPost2010PropOp35
 70
     1
102
RTVSPost2010Prop36
280
     0
102
RTVSPost2010PropOp36
 70
     1
102
RTVSPost2010Prop37
 90
       50
102
RTVSPost2010PropOp37
 70
     1
102
RTVSPost2010Prop38
140
0.0
102
RTVSPost2010PropOp38
 70
     1
102
RTVSPost2010Prop39
140
1.0
102
RTVSPost2010PropOp39
 70
     1
102
RTVSPost2010Prop40
 90
        0
102
RTVSPost2010PropOp40
 70
     1
102
RTVSPost2010Prop41ColorIndex
 90
       18
102
RTVSPost2010Prop41ColorRGB
 90
        0
102
RTVSPost2010PropOp41
 70
     1
102
RTVSPost2010Prop42
 90
       50
102
RTVSPost2010PropOp42
 70
     1
102
RTVSPost2010Prop43
 90
        3
102
RTVSPost2010PropOp43
 70
     1
102
RTVSPost2010Prop44ColorIndex
 90
        5
102
RTVSPost2010Prop44ColorRGB
 90
      255
102
RTVSPost2010PropOp44
 70
     1
102
RTVSPost2010Prop45
280
     0
102
RTVSPost2010PropOp45
 70
     1
102
RTVSPost2010Prop46
 90
       50
102
RTVSPost2010PropOp46
 70
     1
102
RTVSPost2010Prop47
 90
       50
102
RTVSPost2010PropOp47
 70
     1
102
RTVSPost2010Prop48
 90
       50
102
RTVSPost2010PropOp48
 70
     1
102
RTVSPost2010Prop49
280
     0
102
RTVSPost2010PropOp49
 70
     1
102
RTVSPost2010Prop50
 90
       50
102
RTVSPost2010PropOp50
 70
     1
102
RTVSPost2010Prop51ColorIndex
 90
      256
102
RTVSPost2010Prop51ColorRGB
 90
-16777216
102
RTVSPost2010PropOp51
 70
     0
102
RTVSPost2010Prop52
140
1.0
102
RTVSPost2010PropOp52
 70
     0
102
RTVSPost2010Prop53
 90
        2
102
RTVSPost2010PropOp53
 70
     1
102
RTVSPost2010Prop54
  1
strokes_ogs.tif
102
RTVSPost2010PropOp54
 70
     1
102
RTVSPost2010Prop55
280
     0
102
RTVSPost2010PropOp55
 70
     1
102
RTVSPost2010Prop56
140
1.0
102
RTVSPost2010PropOp56
 70
     1
102
RTVSPost2010Prop57
140
1.0
102
RTVSPost2010PropOp57
 70
     1
  0
XRECORD
  5
43F2
102
{ACAD_REACTORS
330
43F1
102
}
330
43F1
100
AcDbXrecord
280
     1
102
RTVSPropertyOp0
 70
     1
102
RTVSPropertyOp1
 70
     1
102
RTVSPropertyOp2
 70
     1
102
RTVSPropertyOp3
 70
     1
102
RTVSPropertyOp4
 70
     1
102
RTVSPropertyOp5
 70
     1
102
RTVSPropertyOp6
 70
     1
102
RTVSPropertyOp7
 70
     1
102
RTVSPropertyOp8
 70
     1
102
RTVSPropertyOp9
 70
     1
102
RTVSPropertyOp10
 70
     1
102
RTVSPropertyOp11
 70
     1
102
RTVSPropertyOp12
 70
     1
102
RTVSPropertyOp13
 70
     1
102
RTVSPropertyOp14
 70
     1
102
RTVSPropertyOp15
 70
     1
102
RTVSPropertyOp16
 70
     1
102
RTVSPropertyOp17
 70
     1
102
RTVSPropertyOp18
 70
     1
102
RTVSPropertyOp19
 70
     1
102
RTVSPropertyOp20
 70
     1
102
RTVSPropertyOp21
 70
     1
102
RTVSPropertyOp22
 70
     1
102
RTVSPropertyOp23
 70
     1
102
RTVSPropertyOp24
 70
     1
102
RTVSPropertyOp25
 70
     1
102
RTVSPropertyOp26
 70
     1
102
RTVSPropertyOp27
 70
     1
102
RTVSPropertyOp28
 70
     1
102
RTVSPropertyOp29
 70
     1
102
RTVSPropertyOp30
 70
     1
102
RTVSPropertyOp31
 70
     1
102
RTVSPropertyOp32
 70
     1
102
RTVSPropertyOp33
 70
     1
102
RTVSPropertyOp34
 70
     1
102
RTVSPropertyOp35
 70
     1
102
RTVSPropertyOp36
 70
     1
102
RTVSPropertyOp37
 70
     1
102
RTVSPropertyOp38
 70
     1
102
RTVSPropertyOp39
 70
     1
102
RTVSPropertyOp40
 70
     1
102
RTVSPropertyOp41
 70
     1
102
RTVSPropertyOp42
 70
     1
102
RTVSPropertyOp43
 70
     1
102
RTVSPropertyOp44
 70
     1
102
RTVSPropertyOp45
 70
     1
102
RTVSPropertyOp46
 70
     1
102
RTVSPropertyOp47
 70
     1
102
RTVSPropertyOp48
 70
     1
102
RTVSPropertyOp49
 70
     1
102
RTVSPropertyOp50
 70
     1
102
RTVSPropertyOp51
 70
     0
102
RTVSPropertyOp52
 70
     0
102
RTVSPropertyOp53
 70
     1
102
RTVSPropertyOp54
 70
     1
102
RTVSPropertyOp55
 70
     1
102
RTVSPropertyOp56
 70
     1
102
RTVSPropertyOp57
 70
     1
102
RTVSPost2010Prop28
280
     0
102
RTVSPost2010PropOp28
 70
     1
102
RTVSPost2010Prop29
280
     1
102
RTVSPost2010PropOp29
 70
     1
102
RTVSPost2010Prop30
280
     1
102
RTVSPost2010PropOp30
 70
     1
102
RTVSPost2010Prop31
280
     0
102
RTVSPost2010PropOp31
 70
     1
102
RTVSPost2010Prop32
280
     0
102
RTVSPost2010PropOp32
 70
     1
102
RTVSPost2010Prop33
280
     0
102
RTVSPost2010PropOp33
 70
     1
102
RTVSPost2010Prop34
280
     0
102
RTVSPost2010PropOp34
 70
     1
102
RTVSPost2010Prop35
280
     0
102
RTVSPost2010PropOp35
 70
     1
102
RTVSPost2010Prop36
280
     0
102
RTVSPost2010PropOp36
 70
     1
102
RTVSPost2010Prop37
 90
       50
102
RTVSPost2010PropOp37
 70
     1
102
RTVSPost2010Prop38
140
0.0
102
RTVSPost2010PropOp38
 70
     1
102
RTVSPost2010Prop39
140
1.0
102
RTVSPost2010PropOp39
 70
     1
102
RTVSPost2010Prop40
 90
        0
102
RTVSPost2010PropOp40
 70
     1
102
RTVSPost2010Prop41ColorIndex
 90
       18
102
RTVSPost2010Prop41ColorRGB
 90
        0
102
RTVSPost2010PropOp41
 70
     1
102
RTVSPost2010Prop42
 90
       50
102
RTVSPost2010PropOp42
 70
     1
102
RTVSPost2010Prop43
 90
        3
102
RTVSPost2010PropOp43
 70
     1
102
RTVSPost2010Prop44ColorIndex
 90
        5
102
RTVSPost2010Prop44ColorRGB
 90
      255
102
RTVSPost2010PropOp44
 70
     1
102
RTVSPost2010Prop45
280
     0
102
RTVSPost2010PropOp45
 70
     1
102
RTVSPost2010Prop46
 90
       50
102
RTVSPost2010PropOp46
 70
     1
102
RTVSPost2010Prop47
 90
       50
102
RTVSPost2010PropOp47
 70
     1
102
RTVSPost2010Prop48
 90
       50
102
RTVSPost2010PropOp48
 70
     1
102
RTVSPost2010Prop49
280
     0
102
RTVSPost2010PropOp49
 70
     1
102
RTVSPost2010Prop50
 90
       50
102
RTVSPost2010PropOp50
 70
     1
102
RTVSPost2010Prop51ColorIndex
 90
      256
102
RTVSPost2010Prop51ColorRGB
 90
-16777216
102
RTVSPost2010PropOp51
 70
     0
102
RTVSPost2010Prop52
140
1.0
102
RTVSPost2010PropOp52
 70
     0
102
RTVSPost2010Prop53
 90
        2
102
RTVSPost2010PropOp53
 70
     1
102
RTVSPost2010Prop54
  1
strokes_ogs.tif
102
RTVSPost2010PropOp54
 70
     1
102
RTVSPost2010Prop55
280
     0
102
RTVSPost2010PropOp55
 70
     1
102
RTVSPost2010Prop56
140
1.0
102
RTVSPost2010PropOp56
 70
     1
102
RTVSPost2010Prop57
140
1.0
102
RTVSPost2010PropOp57
 70
     1
  0
XRECORD
  5
43F4
102
{ACAD_REACTORS
330
43F3
102
}
330
43F3
100
AcDbXrecord
280
     1
102
RTVSPropertyOp0
 70
     1
102
RTVSPropertyOp1
 70
     1
102
RTVSPropertyOp2
 70
     1
102
RTVSPropertyOp3
 70
     1
102
RTVSPropertyOp4
 70
     1
102
RTVSPropertyOp5
 70
     1
102
RTVSPropertyOp6
 70
     1
102
RTVSPropertyOp7
 70
     1
102
RTVSPropertyOp8
 70
     1
102
RTVSPropertyOp9
 70
     1
102
RTVSPropertyOp10
 70
     1
102
RTVSPropertyOp11
 70
     1
102
RTVSPropertyOp12
 70
     1
102
RTVSPropertyOp13
 70
     1
102
RTVSPropertyOp14
 70
     1
102
RTVSPropertyOp15
 70
     1
102
RTVSPropertyOp16
 70
     1
102
RTVSPropertyOp17
 70
     1
102
RTVSPropertyOp18
 70
     1
102
RTVSPropertyOp19
 70
     1
102
RTVSPropertyOp20
 70
     1
102
RTVSPropertyOp21
 70
     1
102
RTVSPropertyOp22
 70
     1
102
RTVSPropertyOp23
 70
     1
102
RTVSPropertyOp24
 70
     1
102
RTVSPropertyOp25
 70
     1
102
RTVSPropertyOp26
 70
     1
102
RTVSPropertyOp27
 70
     1
102
RTVSPropertyOp28
 70
     1
102
RTVSPropertyOp29
 70
     1
102
RTVSPropertyOp30
 70
     1
102
RTVSPropertyOp31
 70
     1
102
RTVSPropertyOp32
 70
     1
102
RTVSPropertyOp33
 70
     1
102
RTVSPropertyOp34
 70
     1
102
RTVSPropertyOp35
 70
     1
102
RTVSPropertyOp36
 70
     1
102
RTVSPropertyOp37
 70
     1
102
RTVSPropertyOp38
 70
     1
102
RTVSPropertyOp39
 70
     1
102
RTVSPropertyOp40
 70
     1
102
RTVSPropertyOp41
 70
     1
102
RTVSPropertyOp42
 70
     1
102
RTVSPropertyOp43
 70
     1
102
RTVSPropertyOp44
 70
     1
102
RTVSPropertyOp45
 70
     1
102
RTVSPropertyOp46
 70
     1
102
RTVSPropertyOp47
 70
     1
102
RTVSPropertyOp48
 70
     1
102
RTVSPropertyOp49
 70
     1
102
RTVSPropertyOp50
 70
     1
102
RTVSPropertyOp51
 70
     0
102
RTVSPropertyOp52
 70
     0
102
RTVSPropertyOp53
 70
     1
102
RTVSPropertyOp54
 70
     1
102
RTVSPropertyOp55
 70
     1
102
RTVSPropertyOp56
 70
     1
102
RTVSPropertyOp57
 70
     1
102
RTVSPost2010Prop28
280
     0
102
RTVSPost2010PropOp28
 70
     1
102
RTVSPost2010Prop29
280
     1
102
RTVSPost2010PropOp29
 70
     1
102
RTVSPost2010Prop30
280
     1
102
RTVSPost2010PropOp30
 70
     1
102
RTVSPost2010Prop31
280
     0
102
RTVSPost2010PropOp31
 70
     1
102
RTVSPost2010Prop32
280
     0
102
RTVSPost2010PropOp32
 70
     1
102
RTVSPost2010Prop33
280
     0
102
RTVSPost2010PropOp33
 70
     1
102
RTVSPost2010Prop34
280
     0
102
RTVSPost2010PropOp34
 70
     1
102
RTVSPost2010Prop35
280
     0
102
RTVSPost2010PropOp35
 70
     1
102
RTVSPost2010Prop36
280
     0
102
RTVSPost2010PropOp36
 70
     1
102
RTVSPost2010Prop37
 90
       50
102
RTVSPost2010PropOp37
 70
     1
102
RTVSPost2010Prop38
140
0.0
102
RTVSPost2010PropOp38
 70
     1
102
RTVSPost2010Prop39
140
1.0
102
RTVSPost2010PropOp39
 70
     1
102
RTVSPost2010Prop40
 90
        0
102
RTVSPost2010PropOp40
 70
     1
102
RTVSPost2010Prop41ColorIndex
 90
       18
102
RTVSPost2010Prop41ColorRGB
 90
        0
102
RTVSPost2010PropOp41
 70
     1
102
RTVSPost2010Prop42
 90
       50
102
RTVSPost2010PropOp42
 70
     1
102
RTVSPost2010Prop43
 90
        3
102
RTVSPost2010PropOp43
 70
     1
102
RTVSPost2010Prop44ColorIndex
 90
        5
102
RTVSPost2010Prop44ColorRGB
 90
      255
102
RTVSPost2010PropOp44
 70
     1
102
RTVSPost2010Prop45
280
     0
102
RTVSPost2010PropOp45
 70
     1
102
RTVSPost2010Prop46
 90
       50
102
RTVSPost2010PropOp46
 70
     1
102
RTVSPost2010Prop47
 90
       50
102
RTVSPost2010PropOp47
 70
     1
102
RTVSPost2010Prop48
 90
       50
102
RTVSPost2010PropOp48
 70
     1
102
RTVSPost2010Prop49
280
     0
102
RTVSPost2010PropOp49
 70
     1
102
RTVSPost2010Prop50
 90
       50
102
RTVSPost2010PropOp50
 70
     1
102
RTVSPost2010Prop51ColorIndex
 90
      256
102
RTVSPost2010Prop51ColorRGB
 90
-16777216
102
RTVSPost2010PropOp51
 70
     0
102
RTVSPost2010Prop52
140
1.0
102
RTVSPost2010PropOp52
 70
     0
102
RTVSPost2010Prop53
 90
        2
102
RTVSPost2010PropOp53
 70
     1
102
RTVSPost2010Prop54
  1
strokes_ogs.tif
102
RTVSPost2010PropOp54
 70
     1
102
RTVSPost2010Prop55
280
     0
102
RTVSPost2010PropOp55
 70
     1
102
RTVSPost2010Prop56
140
1.0
102
RTVSPost2010PropOp56
 70
     1
102
RTVSPost2010Prop57
140
1.0
102
RTVSPost2010PropOp57
 70
     1
  0
XRECORD
  5
43F6
102
{ACAD_REACTORS
330
43F5
102
}
330
43F5
100
AcDbXrecord
280
     1
102
RTVSPropertyOp0
 70
     1
102
RTVSPropertyOp1
 70
     1
102
RTVSPropertyOp2
 70
     1
102
RTVSPropertyOp3
 70
     1
102
RTVSPropertyOp4
 70
     1
102
RTVSPropertyOp5
 70
     1
102
RTVSPropertyOp6
 70
     1
102
RTVSPropertyOp7
 70
     1
102
RTVSPropertyOp8
 70
     1
102
RTVSPropertyOp9
 70
     1
102
RTVSPropertyOp10
 70
     1
102
RTVSPropertyOp11
 70
     1
102
RTVSPropertyOp12
 70
     1
102
RTVSPropertyOp13
 70
     1
102
RTVSPropertyOp14
 70
     1
102
RTVSPropertyOp15
 70
     1
102
RTVSPropertyOp16
 70
     1
102
RTVSPropertyOp17
 70
     1
102
RTVSPropertyOp18
 70
     1
102
RTVSPropertyOp19
 70
     1
102
RTVSPropertyOp20
 70
     1
102
RTVSPropertyOp21
 70
     1
102
RTVSPropertyOp22
 70
     1
102
RTVSPropertyOp23
 70
     1
102
RTVSPropertyOp24
 70
     1
102
RTVSPropertyOp25
 70
     1
102
RTVSPropertyOp26
 70
     1
102
RTVSPropertyOp27
 70
     1
102
RTVSPropertyOp28
 70
     1
102
RTVSPropertyOp29
 70
     1
102
RTVSPropertyOp30
 70
     1
102
RTVSPropertyOp31
 70
     1
102
RTVSPropertyOp32
 70
     1
102
RTVSPropertyOp33
 70
     1
102
RTVSPropertyOp34
 70
     1
102
RTVSPropertyOp35
 70
     1
102
RTVSPropertyOp36
 70
     1
102
RTVSPropertyOp37
 70
     1
102
RTVSPropertyOp38
 70
     1
102
RTVSPropertyOp39
 70
     1
102
RTVSPropertyOp40
 70
     1
102
RTVSPropertyOp41
 70
     1
102
RTVSPropertyOp42
 70
     1
102
RTVSPropertyOp43
 70
     1
102
RTVSPropertyOp44
 70
     1
102
RTVSPropertyOp45
 70
     1
102
RTVSPropertyOp46
 70
     1
102
RTVSPropertyOp47
 70
     1
102
RTVSPropertyOp48
 70
     1
102
RTVSPropertyOp49
 70
     1
102
RTVSPropertyOp50
 70
     1
102
RTVSPropertyOp51
 70
     0
102
RTVSPropertyOp52
 70
     0
102
RTVSPropertyOp53
 70
     1
102
RTVSPropertyOp54
 70
     1
102
RTVSPropertyOp55
 70
     1
102
RTVSPropertyOp56
 70
     1
102
RTVSPropertyOp57
 70
     1
102
RTVSPost2010Prop28
280
     0
102
RTVSPost2010PropOp28
 70
     1
102
RTVSPost2010Prop29
280
     1
102
RTVSPost2010PropOp29
 70
     1
102
RTVSPost2010Prop30
280
     1
102
RTVSPost2010PropOp30
 70
     1
102
RTVSPost2010Prop31
280
     0
102
RTVSPost2010PropOp31
 70
     1
102
RTVSPost2010Prop32
280
     0
102
RTVSPost2010PropOp32
 70
     1
102
RTVSPost2010Prop33
280
     0
102
RTVSPost2010PropOp33
 70
     1
102
RTVSPost2010Prop34
280
     0
102
RTVSPost2010PropOp34
 70
     1
102
RTVSPost2010Prop35
280
     0
102
RTVSPost2010PropOp35
 70
     1
102
RTVSPost2010Prop36
280
     0
102
RTVSPost2010PropOp36
 70
     1
102
RTVSPost2010Prop37
 90
       50
102
RTVSPost2010PropOp37
 70
     1
102
RTVSPost2010Prop38
140
0.0
102
RTVSPost2010PropOp38
 70
     1
102
RTVSPost2010Prop39
140
1.0
102
RTVSPost2010PropOp39
 70
     1
102
RTVSPost2010Prop40
 90
        0
102
RTVSPost2010PropOp40
 70
     1
102
RTVSPost2010Prop41ColorIndex
 90
       18
102
RTVSPost2010Prop41ColorRGB
 90
        0
102
RTVSPost2010PropOp41
 70
     1
102
RTVSPost2010Prop42
 90
       50
102
RTVSPost2010PropOp42
 70
     1
102
RTVSPost2010Prop43
 90
        3
102
RTVSPost2010PropOp43
 70
     1
102
RTVSPost2010Prop44ColorIndex
 90
        5
102
RTVSPost2010Prop44ColorRGB
 90
      255
102
RTVSPost2010PropOp44
 70
     1
102
RTVSPost2010Prop45
280
     0
102
RTVSPost2010PropOp45
 70
     1
102
RTVSPost2010Prop46
 90
       50
102
RTVSPost2010PropOp46
 70
     1
102
RTVSPost2010Prop47
 90
       50
102
RTVSPost2010PropOp47
 70
     1
102
RTVSPost2010Prop48
 90
       50
102
RTVSPost2010PropOp48
 70
     1
102
RTVSPost2010Prop49
280
     0
102
RTVSPost2010PropOp49
 70
     1
102
RTVSPost2010Prop50
 90
       50
102
RTVSPost2010PropOp50
 70
     1
102
RTVSPost2010Prop51ColorIndex
 90
      256
102
RTVSPost2010Prop51ColorRGB
 90
-16777216
102
RTVSPost2010PropOp51
 70
     0
102
RTVSPost2010Prop52
140
1.0
102
RTVSPost2010PropOp52
 70
     0
102
RTVSPost2010Prop53
 90
        2
102
RTVSPost2010PropOp53
 70
     1
102
RTVSPost2010Prop54
  1
strokes_ogs.tif
102
RTVSPost2010PropOp54
 70
     1
102
RTVSPost2010Prop55
280
     0
102
RTVSPost2010PropOp55
 70
     1
102
RTVSPost2010Prop56
140
1.0
102
RTVSPost2010PropOp56
 70
     1
102
RTVSPost2010Prop57
140
1.0
102
RTVSPost2010PropOp57
 70
     1
  0
XRECORD
  5
43F8
102
{ACAD_REACTORS
330
43F7
102
}
330
43F7
100
AcDbXrecord
280
     1
102
RTVSPropertyOp0
 70
     1
102
RTVSPropertyOp1
 70
     1
102
RTVSPropertyOp2
 70
     1
102
RTVSPropertyOp3
 70
     1
102
RTVSPropertyOp4
 70
     1
102
RTVSPropertyOp5
 70
     1
102
RTVSPropertyOp6
 70
     1
102
RTVSPropertyOp7
 70
     1
102
RTVSPropertyOp8
 70
     1
102
RTVSPropertyOp9
 70
     1
102
RTVSPropertyOp10
 70
     1
102
RTVSPropertyOp11
 70
     1
102
RTVSPropertyOp12
 70
     1
102
RTVSPropertyOp13
 70
     1
102
RTVSPropertyOp14
 70
     1
102
RTVSPropertyOp15
 70
     1
102
RTVSPropertyOp16
 70
     1
102
RTVSPropertyOp17
 70
     1
102
RTVSPropertyOp18
 70
     1
102
RTVSPropertyOp19
 70
     1
102
RTVSPropertyOp20
 70
     1
102
RTVSPropertyOp21
 70
     1
102
RTVSPropertyOp22
 70
     1
102
RTVSPropertyOp23
 70
     1
102
RTVSPropertyOp24
 70
     1
102
RTVSPropertyOp25
 70
     1
102
RTVSPropertyOp26
 70
     1
102
RTVSPropertyOp27
 70
     1
102
RTVSPropertyOp28
 70
     1
102
RTVSPropertyOp29
 70
     1
102
RTVSPropertyOp30
 70
     1
102
RTVSPropertyOp31
 70
     1
102
RTVSPropertyOp32
 70
     1
102
RTVSPropertyOp33
 70
     1
102
RTVSPropertyOp34
 70
     1
102
RTVSPropertyOp35
 70
     1
102
RTVSPropertyOp36
 70
     1
102
RTVSPropertyOp37
 70
     1
102
RTVSPropertyOp38
 70
     1
102
RTVSPropertyOp39
 70
     1
102
RTVSPropertyOp40
 70
     1
102
RTVSPropertyOp41
 70
     1
102
RTVSPropertyOp42
 70
     1
102
RTVSPropertyOp43
 70
     1
102
RTVSPropertyOp44
 70
     1
102
RTVSPropertyOp45
 70
     1
102
RTVSPropertyOp46
 70
     1
102
RTVSPropertyOp47
 70
     1
102
RTVSPropertyOp48
 70
     1
102
RTVSPropertyOp49
 70
     1
102
RTVSPropertyOp50
 70
     1
102
RTVSPropertyOp51
 70
     0
102
RTVSPropertyOp52
 70
     0
102
RTVSPropertyOp53
 70
     1
102
RTVSPropertyOp54
 70
     1
102
RTVSPropertyOp55
 70
     1
102
RTVSPropertyOp56
 70
     1
102
RTVSPropertyOp57
 70
     1
102
RTVSPost2010Prop28
280
     0
102
RTVSPost2010PropOp28
 70
     1
102
RTVSPost2010Prop29
280
     1
102
RTVSPost2010PropOp29
 70
     1
102
RTVSPost2010Prop30
280
     1
102
RTVSPost2010PropOp30
 70
     1
102
RTVSPost2010Prop31
280
     0
102
RTVSPost2010PropOp31
 70
     1
102
RTVSPost2010Prop32
280
     0
102
RTVSPost2010PropOp32
 70
     1
102
RTVSPost2010Prop33
280
     0
102
RTVSPost2010PropOp33
 70
     1
102
RTVSPost2010Prop34
280
     0
102
RTVSPost2010PropOp34
 70
     1
102
RTVSPost2010Prop35
280
     0
102
RTVSPost2010PropOp35
 70
     1
102
RTVSPost2010Prop36
280
     0
102
RTVSPost2010PropOp36
 70
     1
102
RTVSPost2010Prop37
 90
       50
102
RTVSPost2010PropOp37
 70
     1
102
RTVSPost2010Prop38
140
0.0
102
RTVSPost2010PropOp38
 70
     1
102
RTVSPost2010Prop39
140
1.0
102
RTVSPost2010PropOp39
 70
     1
102
RTVSPost2010Prop40
 90
        0
102
RTVSPost2010PropOp40
 70
     1
102
RTVSPost2010Prop41ColorIndex
 90
       18
102
RTVSPost2010Prop41ColorRGB
 90
        0
102
RTVSPost2010PropOp41
 70
     1
102
RTVSPost2010Prop42
 90
       50
102
RTVSPost2010PropOp42
 70
     1
102
RTVSPost2010Prop43
 90
        3
102
RTVSPost2010PropOp43
 70
     1
102
RTVSPost2010Prop44ColorIndex
 90
        5
102
RTVSPost2010Prop44ColorRGB
 90
      255
102
RTVSPost2010PropOp44
 70
     1
102
RTVSPost2010Prop45
280
     0
102
RTVSPost2010PropOp45
 70
     1
102
RTVSPost2010Prop46
 90
       50
102
RTVSPost2010PropOp46
 70
     1
102
RTVSPost2010Prop47
 90
       50
102
RTVSPost2010PropOp47
 70
     1
102
RTVSPost2010Prop48
 90
       50
102
RTVSPost2010PropOp48
 70
     1
102
RTVSPost2010Prop49
280
     0
102
RTVSPost2010PropOp49
 70
     1
102
RTVSPost2010Prop50
 90
       50
102
RTVSPost2010PropOp50
 70
     1
102
RTVSPost2010Prop51ColorIndex
 90
      256
102
RTVSPost2010Prop51ColorRGB
 90
-16777216
102
RTVSPost2010PropOp51
 70
     0
102
RTVSPost2010Prop52
140
1.0
102
RTVSPost2010PropOp52
 70
     0
102
RTVSPost2010Prop53
 90
        2
102
RTVSPost2010PropOp53
 70
     1
102
RTVSPost2010Prop54
  1
strokes_ogs.tif
102
RTVSPost2010PropOp54
 70
     1
102
RTVSPost2010Prop55
280
     0
102
RTVSPost2010PropOp55
 70
     1
102
RTVSPost2010Prop56
140
1.0
102
RTVSPost2010PropOp56
 70
     1
102
RTVSPost2010Prop57
140
1.0
102
RTVSPost2010PropOp57
 70
     1
  0
XRECORD
  5
43FA
102
{ACAD_REACTORS
330
43F9
102
}
330
43F9
100
AcDbXrecord
280
     1
102
RTVSPropertyOp0
 70
     1
102
RTVSPropertyOp1
 70
     1
102
RTVSPropertyOp2
 70
     1
102
RTVSPropertyOp3
 70
     1
102
RTVSPropertyOp4
 70
     1
102
RTVSPropertyOp5
 70
     1
102
RTVSPropertyOp6
 70
     1
102
RTVSPropertyOp7
 70
     1
102
RTVSPropertyOp8
 70
     1
102
RTVSPropertyOp9
 70
     1
102
RTVSPropertyOp10
 70
     1
102
RTVSPropertyOp11
 70
     1
102
RTVSPropertyOp12
 70
     1
102
RTVSPropertyOp13
 70
     1
102
RTVSPropertyOp14
 70
     1
102
RTVSPropertyOp15
 70
     1
102
RTVSPropertyOp16
 70
     1
102
RTVSPropertyOp17
 70
     1
102
RTVSPropertyOp18
 70
     1
102
RTVSPropertyOp19
 70
     1
102
RTVSPropertyOp20
 70
     1
102
RTVSPropertyOp21
 70
     1
102
RTVSPropertyOp22
 70
     1
102
RTVSPropertyOp23
 70
     1
102
RTVSPropertyOp24
 70
     1
102
RTVSPropertyOp25
 70
     1
102
RTVSPropertyOp26
 70
     1
102
RTVSPropertyOp27
 70
     1
102
RTVSPropertyOp28
 70
     1
102
RTVSPropertyOp29
 70
     1
102
RTVSPropertyOp30
 70
     1
102
RTVSPropertyOp31
 70
     1
102
RTVSPropertyOp32
 70
     1
102
RTVSPropertyOp33
 70
     1
102
RTVSPropertyOp34
 70
     1
102
RTVSPropertyOp35
 70
     1
102
RTVSPropertyOp36
 70
     1
102
RTVSPropertyOp37
 70
     1
102
RTVSPropertyOp38
 70
     1
102
RTVSPropertyOp39
 70
     1
102
RTVSPropertyOp40
 70
     1
102
RTVSPropertyOp41
 70
     1
102
RTVSPropertyOp42
 70
     1
102
RTVSPropertyOp43
 70
     1
102
RTVSPropertyOp44
 70
     1
102
RTVSPropertyOp45
 70
     1
102
RTVSPropertyOp46
 70
     1
102
RTVSPropertyOp47
 70
     1
102
RTVSPropertyOp48
 70
     1
102
RTVSPropertyOp49
 70
     1
102
RTVSPropertyOp50
 70
     1
102
RTVSPropertyOp51
 70
     0
102
RTVSPropertyOp52
 70
     0
102
RTVSPropertyOp53
 70
     1
102
RTVSPropertyOp54
 70
     1
102
RTVSPropertyOp55
 70
     1
102
RTVSPropertyOp56
 70
     1
102
RTVSPropertyOp57
 70
     1
102
RTVSPost2010Prop28
280
     0
102
RTVSPost2010PropOp28
 70
     1
102
RTVSPost2010Prop29
280
     1
102
RTVSPost2010PropOp29
 70
     1
102
RTVSPost2010Prop30
280
     1
102
RTVSPost2010PropOp30
 70
     1
102
RTVSPost2010Prop31
280
     0
102
RTVSPost2010PropOp31
 70
     1
102
RTVSPost2010Prop32
280
     0
102
RTVSPost2010PropOp32
 70
     1
102
RTVSPost2010Prop33
280
     0
102
RTVSPost2010PropOp33
 70
     1
102
RTVSPost2010Prop34
280
     0
102
RTVSPost2010PropOp34
 70
     1
102
RTVSPost2010Prop35
280
     0
102
RTVSPost2010PropOp35
 70
     1
102
RTVSPost2010Prop36
280
     0
102
RTVSPost2010PropOp36
 70
     1
102
RTVSPost2010Prop37
 90
       50
102
RTVSPost2010PropOp37
 70
     1
102
RTVSPost2010Prop38
140
0.0
102
RTVSPost2010PropOp38
 70
     1
102
RTVSPost2010Prop39
140
1.0
102
RTVSPost2010PropOp39
 70
     1
102
RTVSPost2010Prop40
 90
        0
102
RTVSPost2010PropOp40
 70
     1
102
RTVSPost2010Prop41ColorIndex
 90
       18
102
RTVSPost2010Prop41ColorRGB
 90
        0
102
RTVSPost2010PropOp41
 70
     1
102
RTVSPost2010Prop42
 90
       50
102
RTVSPost2010PropOp42
 70
     1
102
RTVSPost2010Prop43
 90
        3
102
RTVSPost2010PropOp43
 70
     1
102
RTVSPost2010Prop44ColorIndex
 90
        5
102
RTVSPost2010Prop44ColorRGB
 90
      255
102
RTVSPost2010PropOp44
 70
     1
102
RTVSPost2010Prop45
280
     0
102
RTVSPost2010PropOp45
 70
     1
102
RTVSPost2010Prop46
 90
       50
102
RTVSPost2010PropOp46
 70
     1
102
RTVSPost2010Prop47
 90
       50
102
RTVSPost2010PropOp47
 70
     1
102
RTVSPost2010Prop48
 90
       50
102
RTVSPost2010PropOp48
 70
     1
102
RTVSPost2010Prop49
280
     0
102
RTVSPost2010PropOp49
 70
     1
102
RTVSPost2010Prop50
 90
       50
102
RTVSPost2010PropOp50
 70
     1
102
RTVSPost2010Prop51ColorIndex
 90
      256
102
RTVSPost2010Prop51ColorRGB
 90
-16777216
102
RTVSPost2010PropOp51
 70
     0
102
RTVSPost2010Prop52
140
1.0
102
RTVSPost2010PropOp52
 70
     0
102
RTVSPost2010Prop53
 90
        2
102
RTVSPost2010PropOp53
 70
     1
102
RTVSPost2010Prop54
  1
strokes_ogs.tif
102
RTVSPost2010PropOp54
 70
     1
102
RTVSPost2010Prop55
280
     0
102
RTVSPost2010PropOp55
 70
     1
102
RTVSPost2010Prop56
140
1.0
102
RTVSPost2010PropOp56
 70
     1
102
RTVSPost2010Prop57
140
1.0
102
RTVSPost2010PropOp57
 70
     1
  0
XRECORD
  5
43FC
102
{ACAD_REACTORS
330
43FB
102
}
330
43FB
100
AcDbXrecord
280
     1
102
RTVSPropertyOp0
 70
     0
102
RTVSPropertyOp1
 70
     0
102
RTVSPropertyOp2
 70
     0
102
RTVSPropertyOp3
 70
     0
102
RTVSPropertyOp4
 70
     0
102
RTVSPropertyOp5
 70
     0
102
RTVSPropertyOp6
 70
     0
102
RTVSPropertyOp7
 70
     0
102
RTVSPropertyOp8
 70
     0
102
RTVSPropertyOp9
 70
     0
102
RTVSPropertyOp10
 70
     0
102
RTVSPropertyOp11
 70
     0
102
RTVSPropertyOp12
 70
     0
102
RTVSPropertyOp13
 70
     0
102
RTVSPropertyOp14
 70
     2
102
RTVSPropertyOp15
 70
     0
102
RTVSPropertyOp16
 70
     0
102
RTVSPropertyOp17
 70
     0
102
RTVSPropertyOp18
 70
     0
102
RTVSPropertyOp19
 70
     0
102
RTVSPropertyOp20
 70
     0
102
RTVSPropertyOp21
 70
     0
102
RTVSPropertyOp22
 70
     0
102
RTVSPropertyOp23
 70
     0
102
RTVSPropertyOp24
 70
     0
102
RTVSPropertyOp25
 70
     0
102
RTVSPropertyOp26
 70
     0
102
RTVSPropertyOp27
 70
     0
102
RTVSPropertyOp28
 70
     0
102
RTVSPropertyOp29
 70
     0
102
RTVSPropertyOp30
 70
     0
102
RTVSPropertyOp31
 70
     0
102
RTVSPropertyOp32
 70
     0
102
RTVSPropertyOp33
 70
     0
102
RTVSPropertyOp34
 70
     0
102
RTVSPropertyOp35
 70
     0
102
RTVSPropertyOp36
 70
     0
102
RTVSPropertyOp37
 70
     0
102
RTVSPropertyOp38
 70
     0
102
RTVSPropertyOp39
 70
     0
102
RTVSPropertyOp40
 70
     0
102
RTVSPropertyOp41
 70
     0
102
RTVSPropertyOp42
 70
     0
102
RTVSPropertyOp43
 70
     0
102
RTVSPropertyOp44
 70
     0
102
RTVSPropertyOp45
 70
     0
102
RTVSPropertyOp46
 70
     0
102
RTVSPropertyOp47
 70
     0
102
RTVSPropertyOp48
 70
     0
102
RTVSPropertyOp49
 70
     0
102
RTVSPropertyOp50
 70
     0
102
RTVSPropertyOp51
 70
     0
102
RTVSPropertyOp52
 70
     0
102
RTVSPropertyOp53
 70
     0
102
RTVSPropertyOp54
 70
     0
102
RTVSPropertyOp55
 70
     0
102
RTVSPropertyOp56
 70
     0
102
RTVSPropertyOp57
 70
     0
102
RTVSPost2010Prop28
280
     0
102
RTVSPost2010PropOp28
 70
     0
102
RTVSPost2010Prop29
280
     1
102
RTVSPost2010PropOp29
 70
     0
102
RTVSPost2010Prop30
280
     1
102
RTVSPost2010PropOp30
 70
     0
102
RTVSPost2010Prop31
280
     0
102
RTVSPost2010PropOp31
 70
     0
102
RTVSPost2010Prop32
280
     0
102
RTVSPost2010PropOp32
 70
     0
102
RTVSPost2010Prop33
280
     0
102
RTVSPost2010PropOp33
 70
     0
102
RTVSPost2010Prop34
280
     0
102
RTVSPost2010PropOp34
 70
     0
102
RTVSPost2010Prop35
280
     0
102
RTVSPost2010PropOp35
 70
     0
102
RTVSPost2010Prop36
280
     0
102
RTVSPost2010PropOp36
 70
     0
102
RTVSPost2010Prop37
 90
       50
102
RTVSPost2010PropOp37
 70
     0
102
RTVSPost2010Prop38
140
0.0
102
RTVSPost2010PropOp38
 70
     0
102
RTVSPost2010Prop39
140
1.0
102
RTVSPost2010PropOp39
 70
     0
102
RTVSPost2010Prop40
 90
        0
102
RTVSPost2010PropOp40
 70
     0
102
RTVSPost2010Prop41ColorIndex
 90
       18
102
RTVSPost2010Prop41ColorRGB
 90
        0
102
RTVSPost2010PropOp41
 70
     0
102
RTVSPost2010Prop42
 90
       50
102
RTVSPost2010PropOp42
 70
     0
102
RTVSPost2010Prop43
 90
        3
102
RTVSPost2010PropOp43
 70
     0
102
RTVSPost2010Prop44ColorIndex
 90
        5
102
RTVSPost2010Prop44ColorRGB
 90
      255
102
RTVSPost2010PropOp44
 70
     0
102
RTVSPost2010Prop45
280
     0
102
RTVSPost2010PropOp45
 70
     0
102
RTVSPost2010Prop46
 90
       50
102
RTVSPost2010PropOp46
 70
     0
102
RTVSPost2010Prop47
 90
       50
102
RTVSPost2010PropOp47
 70
     0
102
RTVSPost2010Prop48
 90
       50
102
RTVSPost2010PropOp48
 70
     0
102
RTVSPost2010Prop49
280
     0
102
RTVSPost2010PropOp49
 70
     0
102
RTVSPost2010Prop50
 90
       50
102
RTVSPost2010PropOp50
 70
     0
102
RTVSPost2010Prop51ColorIndex
 90
      256
102
RTVSPost2010Prop51ColorRGB
 90
-16777216
102
RTVSPost2010PropOp51
 70
     0
102
RTVSPost2010Prop52
140
1.0
102
RTVSPost2010PropOp52
 70
     0
102
RTVSPost2010Prop53
 90
        2
102
RTVSPost2010PropOp53
 70
     0
102
RTVSPost2010Prop54
  1
strokes_ogs.tif
102
RTVSPost2010PropOp54
 70
     0
102
RTVSPost2010Prop55
280
     0
102
RTVSPost2010PropOp55
 70
     0
102
RTVSPost2010Prop56
140
1.0
102
RTVSPost2010PropOp56
 70
     0
102
RTVSPost2010Prop57
140
1.0
102
RTVSPost2010PropOp57
 70
     0
  0
XRECORD
  5
43FE
102
{ACAD_REACTORS
330
43FD
102
}
330
43FD
100
AcDbXrecord
280
     1
102
RTVSPropertyOp0
 70
     1
102
RTVSPropertyOp1
 70
     1
102
RTVSPropertyOp2
 70
     1
102
RTVSPropertyOp3
 70
     1
102
RTVSPropertyOp4
 70
     1
102
RTVSPropertyOp5
 70
     1
102
RTVSPropertyOp6
 70
     1
102
RTVSPropertyOp7
 70
     1
102
RTVSPropertyOp8
 70
     1
102
RTVSPropertyOp9
 70
     1
102
RTVSPropertyOp10
 70
     1
102
RTVSPropertyOp11
 70
     1
102
RTVSPropertyOp12
 70
     1
102
RTVSPropertyOp13
 70
     1
102
RTVSPropertyOp14
 70
     1
102
RTVSPropertyOp15
 70
     1
102
RTVSPropertyOp16
 70
     1
102
RTVSPropertyOp17
 70
     1
102
RTVSPropertyOp18
 70
     1
102
RTVSPropertyOp19
 70
     1
102
RTVSPropertyOp20
 70
     1
102
RTVSPropertyOp21
 70
     1
102
RTVSPropertyOp22
 70
     1
102
RTVSPropertyOp23
 70
     1
102
RTVSPropertyOp24
 70
     1
102
RTVSPropertyOp25
 70
     1
102
RTVSPropertyOp26
 70
     1
102
RTVSPropertyOp27
 70
     1
102
RTVSPropertyOp28
 70
     1
102
RTVSPropertyOp29
 70
     1
102
RTVSPropertyOp30
 70
     1
102
RTVSPropertyOp31
 70
     1
102
RTVSPropertyOp32
 70
     1
102
RTVSPropertyOp33
 70
     1
102
RTVSPropertyOp34
 70
     1
102
RTVSPropertyOp35
 70
     1
102
RTVSPropertyOp36
 70
     1
102
RTVSPropertyOp37
 70
     1
102
RTVSPropertyOp38
 70
     1
102
RTVSPropertyOp39
 70
     1
102
RTVSPropertyOp40
 70
     1
102
RTVSPropertyOp41
 70
     1
102
RTVSPropertyOp42
 70
     1
102
RTVSPropertyOp43
 70
     1
102
RTVSPropertyOp44
 70
     1
102
RTVSPropertyOp45
 70
     1
102
RTVSPropertyOp46
 70
     1
102
RTVSPropertyOp47
 70
     1
102
RTVSPropertyOp48
 70
     1
102
RTVSPropertyOp49
 70
     1
102
RTVSPropertyOp50
 70
     1
102
RTVSPropertyOp51
 70
     0
102
RTVSPropertyOp52
 70
     0
102
RTVSPropertyOp53
 70
     1
102
RTVSPropertyOp54
 70
     1
102
RTVSPropertyOp55
 70
     1
102
RTVSPropertyOp56
 70
     1
102
RTVSPropertyOp57
 70
     1
102
RTVSPost2010Prop28
280
     0
102
RTVSPost2010PropOp28
 70
     1
102
RTVSPost2010Prop29
280
     1
102
RTVSPost2010PropOp29
 70
     1
102
RTVSPost2010Prop30
280
     1
102
RTVSPost2010PropOp30
 70
     1
102
RTVSPost2010Prop31
280
     0
102
RTVSPost2010PropOp31
 70
     1
102
RTVSPost2010Prop32
280
     0
102
RTVSPost2010PropOp32
 70
     1
102
RTVSPost2010Prop33
280
     0
102
RTVSPost2010PropOp33
 70
     1
102
RTVSPost2010Prop34
280
     0
102
RTVSPost2010PropOp34
 70
     1
102
RTVSPost2010Prop35
280
     0
102
RTVSPost2010PropOp35
 70
     1
102
RTVSPost2010Prop36
280
     0
102
RTVSPost2010PropOp36
 70
     1
102
RTVSPost2010Prop37
 90
       50
102
RTVSPost2010PropOp37
 70
     1
102
RTVSPost2010Prop38
140
0.0
102
RTVSPost2010PropOp38
 70
     1
102
RTVSPost2010Prop39
140
1.0
102
RTVSPost2010PropOp39
 70
     1
102
RTVSPost2010Prop40
 90
        0
102
RTVSPost2010PropOp40
 70
     1
102
RTVSPost2010Prop41ColorIndex
 90
       18
102
RTVSPost2010Prop41ColorRGB
 90
        0
102
RTVSPost2010PropOp41
 70
     1
102
RTVSPost2010Prop42
 90
       50
102
RTVSPost2010PropOp42
 70
     1
102
RTVSPost2010Prop43
 90
        3
102
RTVSPost2010PropOp43
 70
     1
102
RTVSPost2010Prop44ColorIndex
 90
        5
102
RTVSPost2010Prop44ColorRGB
 90
      255
102
RTVSPost2010PropOp44
 70
     1
102
RTVSPost2010Prop45
280
     0
102
RTVSPost2010PropOp45
 70
     1
102
RTVSPost2010Prop46
 90
       50
102
RTVSPost2010PropOp46
 70
     1
102
RTVSPost2010Prop47
 90
       50
102
RTVSPost2010PropOp47
 70
     1
102
RTVSPost2010Prop48
 90
       50
102
RTVSPost2010PropOp48
 70
     1
102
RTVSPost2010Prop49
280
     0
102
RTVSPost2010PropOp49
 70
     1
102
RTVSPost2010Prop50
 90
       50
102
RTVSPost2010PropOp50
 70
     1
102
RTVSPost2010Prop51ColorIndex
 90
      256
102
RTVSPost2010Prop51ColorRGB
 90
-16777216
102
RTVSPost2010PropOp51
 70
     0
102
RTVSPost2010Prop52
140
1.0
102
RTVSPost2010PropOp52
 70
     0
102
RTVSPost2010Prop53
 90
        2
102
RTVSPost2010PropOp53
 70
     1
102
RTVSPost2010Prop54
  1
strokes_ogs.tif
102
RTVSPost2010PropOp54
 70
     1
102
RTVSPost2010Prop55
280
     0
102
RTVSPost2010PropOp55
 70
     1
102
RTVSPost2010Prop56
140
1.0
102
RTVSPost2010PropOp56
 70
     1
102
RTVSPost2010Prop57
140
1.0
102
RTVSPost2010PropOp57
 70
     1
  0
XRECORD
  5
4400
102
{ACAD_REACTORS
330
43FF
102
}
330
43FF
100
AcDbXrecord
280
     1
102
RTVSPropertyOp0
 70
     1
102
RTVSPropertyOp1
 70
     1
102
RTVSPropertyOp2
 70
     1
102
RTVSPropertyOp3
 70
     1
102
RTVSPropertyOp4
 70
     1
102
RTVSPropertyOp5
 70
     1
102
RTVSPropertyOp6
 70
     1
102
RTVSPropertyOp7
 70
     1
102
RTVSPropertyOp8
 70
     1
102
RTVSPropertyOp9
 70
     1
102
RTVSPropertyOp10
 70
     1
102
RTVSPropertyOp11
 70
     1
102
RTVSPropertyOp12
 70
     1
102
RTVSPropertyOp13
 70
     1
102
RTVSPropertyOp14
 70
     1
102
RTVSPropertyOp15
 70
     1
102
RTVSPropertyOp16
 70
     1
102
RTVSPropertyOp17
 70
     1
102
RTVSPropertyOp18
 70
     1
102
RTVSPropertyOp19
 70
     1
102
RTVSPropertyOp20
 70
     1
102
RTVSPropertyOp21
 70
     1
102
RTVSPropertyOp22
 70
     1
102
RTVSPropertyOp23
 70
     1
102
RTVSPropertyOp24
 70
     1
102
RTVSPropertyOp25
 70
     1
102
RTVSPropertyOp26
 70
     1
102
RTVSPropertyOp27
 70
     1
102
RTVSPropertyOp28
 70
     1
102
RTVSPropertyOp29
 70
     1
102
RTVSPropertyOp30
 70
     1
102
RTVSPropertyOp31
 70
     1
102
RTVSPropertyOp32
 70
     1
102
RTVSPropertyOp33
 70
     1
102
RTVSPropertyOp34
 70
     1
102
RTVSPropertyOp35
 70
     1
102
RTVSPropertyOp36
 70
     1
102
RTVSPropertyOp37
 70
     1
102
RTVSPropertyOp38
 70
     1
102
RTVSPropertyOp39
 70
     1
102
RTVSPropertyOp40
 70
     1
102
RTVSPropertyOp41
 70
     1
102
RTVSPropertyOp42
 70
     1
102
RTVSPropertyOp43
 70
     1
102
RTVSPropertyOp44
 70
     1
102
RTVSPropertyOp45
 70
     1
102
RTVSPropertyOp46
 70
     1
102
RTVSPropertyOp47
 70
     1
102
RTVSPropertyOp48
 70
     1
102
RTVSPropertyOp49
 70
     1
102
RTVSPropertyOp50
 70
     1
102
RTVSPropertyOp51
 70
     0
102
RTVSPropertyOp52
 70
     0
102
RTVSPropertyOp53
 70
     1
102
RTVSPropertyOp54
 70
     1
102
RTVSPropertyOp55
 70
     1
102
RTVSPropertyOp56
 70
     1
102
RTVSPropertyOp57
 70
     1
102
RTVSPost2010Prop28
280
     0
102
RTVSPost2010PropOp28
 70
     1
102
RTVSPost2010Prop29
280
     1
102
RTVSPost2010PropOp29
 70
     1
102
RTVSPost2010Prop30
280
     1
102
RTVSPost2010PropOp30
 70
     1
102
RTVSPost2010Prop31
280
     0
102
RTVSPost2010PropOp31
 70
     1
102
RTVSPost2010Prop32
280
     0
102
RTVSPost2010PropOp32
 70
     1
102
RTVSPost2010Prop33
280
     0
102
RTVSPost2010PropOp33
 70
     1
102
RTVSPost2010Prop34
280
     0
102
RTVSPost2010PropOp34
 70
     1
102
RTVSPost2010Prop35
280
     0
102
RTVSPost2010PropOp35
 70
     1
102
RTVSPost2010Prop36
280
     0
102
RTVSPost2010PropOp36
 70
     1
102
RTVSPost2010Prop37
 90
       50
102
RTVSPost2010PropOp37
 70
     1
102
RTVSPost2010Prop38
140
0.0
102
RTVSPost2010PropOp38
 70
     1
102
RTVSPost2010Prop39
140
1.0
102
RTVSPost2010PropOp39
 70
     1
102
RTVSPost2010Prop40
 90
        0
102
RTVSPost2010PropOp40
 70
     1
102
RTVSPost2010Prop41ColorIndex
 90
       18
102
RTVSPost2010Prop41ColorRGB
 90
        0
102
RTVSPost2010PropOp41
 70
     1
102
RTVSPost2010Prop42
 90
       50
102
RTVSPost2010PropOp42
 70
     1
102
RTVSPost2010Prop43
 90
        3
102
RTVSPost2010PropOp43
 70
     1
102
RTVSPost2010Prop44ColorIndex
 90
        5
102
RTVSPost2010Prop44ColorRGB
 90
      255
102
RTVSPost2010PropOp44
 70
     1
102
RTVSPost2010Prop45
280
     0
102
RTVSPost2010PropOp45
 70
     1
102
RTVSPost2010Prop46
 90
       50
102
RTVSPost2010PropOp46
 70
     1
102
RTVSPost2010Prop47
 90
       50
102
RTVSPost2010PropOp47
 70
     1
102
RTVSPost2010Prop48
 90
       50
102
RTVSPost2010PropOp48
 70
     1
102
RTVSPost2010Prop49
280
     0
102
RTVSPost2010PropOp49
 70
     1
102
RTVSPost2010Prop50
 90
       50
102
RTVSPost2010PropOp50
 70
     1
102
RTVSPost2010Prop51ColorIndex
 90
      256
102
RTVSPost2010Prop51ColorRGB
 90
-16777216
102
RTVSPost2010PropOp51
 70
     0
102
RTVSPost2010Prop52
140
1.0
102
RTVSPost2010PropOp52
 70
     0
102
RTVSPost2010Prop53
 90
        2
102
RTVSPost2010PropOp53
 70
     1
102
RTVSPost2010Prop54
  1
strokes_ogs.tif
102
RTVSPost2010PropOp54
 70
     1
102
RTVSPost2010Prop55
280
     0
102
RTVSPost2010PropOp55
 70
     1
102
RTVSPost2010Prop56
140
1.0
102
RTVSPost2010PropOp56
 70
     1
102
RTVSPost2010Prop57
140
1.0
102
RTVSPost2010PropOp57
 70
     1
  0
XRECORD
  5
4402
102
{ACAD_REACTORS
330
4401
102
}
330
4401
100
AcDbXrecord
280
     1
102
RTVSPropertyOp0
 70
     1
102
RTVSPropertyOp1
 70
     1
102
RTVSPropertyOp2
 70
     1
102
RTVSPropertyOp3
 70
     1
102
RTVSPropertyOp4
 70
     1
102
RTVSPropertyOp5
 70
     1
102
RTVSPropertyOp6
 70
     1
102
RTVSPropertyOp7
 70
     1
102
RTVSPropertyOp8
 70
     1
102
RTVSPropertyOp9
 70
     1
102
RTVSPropertyOp10
 70
     1
102
RTVSPropertyOp11
 70
     1
102
RTVSPropertyOp12
 70
     1
102
RTVSPropertyOp13
 70
     1
102
RTVSPropertyOp14
 70
     1
102
RTVSPropertyOp15
 70
     1
102
RTVSPropertyOp16
 70
     1
102
RTVSPropertyOp17
 70
     1
102
RTVSPropertyOp18
 70
     1
102
RTVSPropertyOp19
 70
     1
102
RTVSPropertyOp20
 70
     1
102
RTVSPropertyOp21
 70
     1
102
RTVSPropertyOp22
 70
     1
102
RTVSPropertyOp23
 70
     1
102
RTVSPropertyOp24
 70
     1
102
RTVSPropertyOp25
 70
     1
102
RTVSPropertyOp26
 70
     1
102
RTVSPropertyOp27
 70
     1
102
RTVSPropertyOp28
 70
     1
102
RTVSPropertyOp29
 70
     1
102
RTVSPropertyOp30
 70
     1
102
RTVSPropertyOp31
 70
     1
102
RTVSPropertyOp32
 70
     1
102
RTVSPropertyOp33
 70
     1
102
RTVSPropertyOp34
 70
     1
102
RTVSPropertyOp35
 70
     1
102
RTVSPropertyOp36
 70
     1
102
RTVSPropertyOp37
 70
     1
102
RTVSPropertyOp38
 70
     1
102
RTVSPropertyOp39
 70
     1
102
RTVSPropertyOp40
 70
     1
102
RTVSPropertyOp41
 70
     1
102
RTVSPropertyOp42
 70
     1
102
RTVSPropertyOp43
 70
     1
102
RTVSPropertyOp44
 70
     1
102
RTVSPropertyOp45
 70
     1
102
RTVSPropertyOp46
 70
     1
102
RTVSPropertyOp47
 70
     1
102
RTVSPropertyOp48
 70
     1
102
RTVSPropertyOp49
 70
     1
102
RTVSPropertyOp50
 70
     1
102
RTVSPropertyOp51
 70
     0
102
RTVSPropertyOp52
 70
     0
102
RTVSPropertyOp53
 70
     1
102
RTVSPropertyOp54
 70
     1
102
RTVSPropertyOp55
 70
     1
102
RTVSPropertyOp56
 70
     1
102
RTVSPropertyOp57
 70
     1
102
RTVSPost2010Prop28
280
     0
102
RTVSPost2010PropOp28
 70
     1
102
RTVSPost2010Prop29
280
     1
102
RTVSPost2010PropOp29
 70
     1
102
RTVSPost2010Prop30
280
     1
102
RTVSPost2010PropOp30
 70
     1
102
RTVSPost2010Prop31
280
     0
102
RTVSPost2010PropOp31
 70
     1
102
RTVSPost2010Prop32
280
     0
102
RTVSPost2010PropOp32
 70
     1
102
RTVSPost2010Prop33
280
     0
102
RTVSPost2010PropOp33
 70
     1
102
RTVSPost2010Prop34
280
     0
102
RTVSPost2010PropOp34
 70
     1
102
RTVSPost2010Prop35
280
     0
102
RTVSPost2010PropOp35
 70
     1
102
RTVSPost2010Prop36
280
     0
102
RTVSPost2010PropOp36
 70
     1
102
RTVSPost2010Prop37
 90
       50
102
RTVSPost2010PropOp37
 70
     1
102
RTVSPost2010Prop38
140
0.0
102
RTVSPost2010PropOp38
 70
     1
102
RTVSPost2010Prop39
140
1.0
102
RTVSPost2010PropOp39
 70
     1
102
RTVSPost2010Prop40
 90
        0
102
RTVSPost2010PropOp40
 70
     1
102
RTVSPost2010Prop41ColorIndex
 90
       18
102
RTVSPost2010Prop41ColorRGB
 90
        0
102
RTVSPost2010PropOp41
 70
     1
102
RTVSPost2010Prop42
 90
       50
102
RTVSPost2010PropOp42
 70
     1
102
RTVSPost2010Prop43
 90
        3
102
RTVSPost2010PropOp43
 70
     1
102
RTVSPost2010Prop44ColorIndex
 90
        5
102
RTVSPost2010Prop44ColorRGB
 90
      255
102
RTVSPost2010PropOp44
 70
     1
102
RTVSPost2010Prop45
280
     0
102
RTVSPost2010PropOp45
 70
     1
102
RTVSPost2010Prop46
 90
       50
102
RTVSPost2010PropOp46
 70
     1
102
RTVSPost2010Prop47
 90
       50
102
RTVSPost2010PropOp47
 70
     1
102
RTVSPost2010Prop48
 90
       50
102
RTVSPost2010PropOp48
 70
     1
102
RTVSPost2010Prop49
280
     0
102
RTVSPost2010PropOp49
 70
     1
102
RTVSPost2010Prop50
 90
       50
102
RTVSPost2010PropOp50
 70
     1
102
RTVSPost2010Prop51ColorIndex
 90
      256
102
RTVSPost2010Prop51ColorRGB
 90
-16777216
102
RTVSPost2010PropOp51
 70
     0
102
RTVSPost2010Prop52
140
1.0
102
RTVSPost2010PropOp52
 70
     0
102
RTVSPost2010Prop53
 90
        2
102
RTVSPost2010PropOp53
 70
     1
102
RTVSPost2010Prop54
  1
strokes_ogs.tif
102
RTVSPost2010PropOp54
 70
     1
102
RTVSPost2010Prop55
280
     0
102
RTVSPost2010PropOp55
 70
     1
102
RTVSPost2010Prop56
140
1.0
102
RTVSPost2010PropOp56
 70
     1
102
RTVSPost2010Prop57
140
1.0
102
RTVSPost2010PropOp57
 70
     1
  0
XRECORD
  5
4404
102
{ACAD_REACTORS
330
4403
102
}
330
4403
100
AcDbXrecord
280
     1
102
RTVSPropertyOp0
 70
     1
102
RTVSPropertyOp1
 70
     1
102
RTVSPropertyOp2
 70
     1
102
RTVSPropertyOp3
 70
     1
102
RTVSPropertyOp4
 70
     1
102
RTVSPropertyOp5
 70
     1
102
RTVSPropertyOp6
 70
     1
102
RTVSPropertyOp7
 70
     1
102
RTVSPropertyOp8
 70
     1
102
RTVSPropertyOp9
 70
     1
102
RTVSPropertyOp10
 70
     1
102
RTVSPropertyOp11
 70
     1
102
RTVSPropertyOp12
 70
     1
102
RTVSPropertyOp13
 70
     1
102
RTVSPropertyOp14
 70
     1
102
RTVSPropertyOp15
 70
     1
102
RTVSPropertyOp16
 70
     1
102
RTVSPropertyOp17
 70
     1
102
RTVSPropertyOp18
 70
     1
102
RTVSPropertyOp19
 70
     1
102
RTVSPropertyOp20
 70
     1
102
RTVSPropertyOp21
 70
     1
102
RTVSPropertyOp22
 70
     1
102
RTVSPropertyOp23
 70
     1
102
RTVSPropertyOp24
 70
     1
102
RTVSPropertyOp25
 70
     1
102
RTVSPropertyOp26
 70
     1
102
RTVSPropertyOp27
 70
     1
102
RTVSPropertyOp28
 70
     1
102
RTVSPropertyOp29
 70
     1
102
RTVSPropertyOp30
 70
     1
102
RTVSPropertyOp31
 70
     1
102
RTVSPropertyOp32
 70
     1
102
RTVSPropertyOp33
 70
     1
102
RTVSPropertyOp34
 70
     1
102
RTVSPropertyOp35
 70
     1
102
RTVSPropertyOp36
 70
     1
102
RTVSPropertyOp37
 70
     1
102
RTVSPropertyOp38
 70
     1
102
RTVSPropertyOp39
 70
     1
102
RTVSPropertyOp40
 70
     1
102
RTVSPropertyOp41
 70
     1
102
RTVSPropertyOp42
 70
     1
102
RTVSPropertyOp43
 70
     1
102
RTVSPropertyOp44
 70
     1
102
RTVSPropertyOp45
 70
     1
102
RTVSPropertyOp46
 70
     1
102
RTVSPropertyOp47
 70
     1
102
RTVSPropertyOp48
 70
     1
102
RTVSPropertyOp49
 70
     1
102
RTVSPropertyOp50
 70
     1
102
RTVSPropertyOp51
 70
     0
102
RTVSPropertyOp52
 70
     0
102
RTVSPropertyOp53
 70
     1
102
RTVSPropertyOp54
 70
     1
102
RTVSPropertyOp55
 70
     1
102
RTVSPropertyOp56
 70
     1
102
RTVSPropertyOp57
 70
     1
102
RTVSPost2010Prop28
280
     0
102
RTVSPost2010PropOp28
 70
     1
102
RTVSPost2010Prop29
280
     1
102
RTVSPost2010PropOp29
 70
     1
102
RTVSPost2010Prop30
280
     1
102
RTVSPost2010PropOp30
 70
     1
102
RTVSPost2010Prop31
280
     0
102
RTVSPost2010PropOp31
 70
     1
102
RTVSPost2010Prop32
280
     0
102
RTVSPost2010PropOp32
 70
     1
102
RTVSPost2010Prop33
280
     0
102
RTVSPost2010PropOp33
 70
     1
102
RTVSPost2010Prop34
280
     0
102
RTVSPost2010PropOp34
 70
     1
102
RTVSPost2010Prop35
280
     0
102
RTVSPost2010PropOp35
 70
     1
102
RTVSPost2010Prop36
280
     0
102
RTVSPost2010PropOp36
 70
     1
102
RTVSPost2010Prop37
 90
       50
102
RTVSPost2010PropOp37
 70
     1
102
RTVSPost2010Prop38
140
0.0
102
RTVSPost2010PropOp38
 70
     1
102
RTVSPost2010Prop39
140
1.0
102
RTVSPost2010PropOp39
 70
     1
102
RTVSPost2010Prop40
 90
        0
102
RTVSPost2010PropOp40
 70
     1
102
RTVSPost2010Prop41ColorIndex
 90
       18
102
RTVSPost2010Prop41ColorRGB
 90
        0
102
RTVSPost2010PropOp41
 70
     1
102
RTVSPost2010Prop42
 90
       50
102
RTVSPost2010PropOp42
 70
     1
102
RTVSPost2010Prop43
 90
        3
102
RTVSPost2010PropOp43
 70
     1
102
RTVSPost2010Prop44ColorIndex
 90
        5
102
RTVSPost2010Prop44ColorRGB
 90
      255
102
RTVSPost2010PropOp44
 70
     1
102
RTVSPost2010Prop45
280
     0
102
RTVSPost2010PropOp45
 70
     1
102
RTVSPost2010Prop46
 90
       50
102
RTVSPost2010PropOp46
 70
     1
102
RTVSPost2010Prop47
 90
       50
102
RTVSPost2010PropOp47
 70
     1
102
RTVSPost2010Prop48
 90
       50
102
RTVSPost2010PropOp48
 70
     1
102
RTVSPost2010Prop49
280
     0
102
RTVSPost2010PropOp49
 70
     1
102
RTVSPost2010Prop50
 90
       50
102
RTVSPost2010PropOp50
 70
     1
102
RTVSPost2010Prop51ColorIndex
 90
      256
102
RTVSPost2010Prop51ColorRGB
 90
-16777216
102
RTVSPost2010PropOp51
 70
     0
102
RTVSPost2010Prop52
140
1.0
102
RTVSPost2010PropOp52
 70
     0
102
RTVSPost2010Prop53
 90
        2
102
RTVSPost2010PropOp53
 70
     1
102
RTVSPost2010Prop54
  1
strokes_ogs.tif
102
RTVSPost2010PropOp54
 70
     1
102
RTVSPost2010Prop55
280
     0
102
RTVSPost2010PropOp55
 70
     1
102
RTVSPost2010Prop56
140
1.0
102
RTVSPost2010PropOp56
 70
     1
102
RTVSPost2010Prop57
140
1.0
102
RTVSPost2010PropOp57
 70
     1
  0
XRECORD
  5
4406
102
{ACAD_REACTORS
330
4405
102
}
330
4405
100
AcDbXrecord
280
     1
102
RTVSPropertyOp0
 70
     1
102
RTVSPropertyOp1
 70
     1
102
RTVSPropertyOp2
 70
     1
102
RTVSPropertyOp3
 70
     1
102
RTVSPropertyOp4
 70
     1
102
RTVSPropertyOp5
 70
     1
102
RTVSPropertyOp6
 70
     1
102
RTVSPropertyOp7
 70
     1
102
RTVSPropertyOp8
 70
     1
102
RTVSPropertyOp9
 70
     1
102
RTVSPropertyOp10
 70
     1
102
RTVSPropertyOp11
 70
     1
102
RTVSPropertyOp12
 70
     1
102
RTVSPropertyOp13
 70
     1
102
RTVSPropertyOp14
 70
     1
102
RTVSPropertyOp15
 70
     1
102
RTVSPropertyOp16
 70
     1
102
RTVSPropertyOp17
 70
     1
102
RTVSPropertyOp18
 70
     1
102
RTVSPropertyOp19
 70
     1
102
RTVSPropertyOp20
 70
     1
102
RTVSPropertyOp21
 70
     1
102
RTVSPropertyOp22
 70
     1
102
RTVSPropertyOp23
 70
     1
102
RTVSPropertyOp24
 70
     1
102
RTVSPropertyOp25
 70
     1
102
RTVSPropertyOp26
 70
     1
102
RTVSPropertyOp27
 70
     1
102
RTVSPropertyOp28
 70
     1
102
RTVSPropertyOp29
 70
     1
102
RTVSPropertyOp30
 70
     1
102
RTVSPropertyOp31
 70
     1
102
RTVSPropertyOp32
 70
     1
102
RTVSPropertyOp33
 70
     1
102
RTVSPropertyOp34
 70
     1
102
RTVSPropertyOp35
 70
     1
102
RTVSPropertyOp36
 70
     1
102
RTVSPropertyOp37
 70
     1
102
RTVSPropertyOp38
 70
     1
102
RTVSPropertyOp39
 70
     1
102
RTVSPropertyOp40
 70
     1
102
RTVSPropertyOp41
 70
     1
102
RTVSPropertyOp42
 70
     1
102
RTVSPropertyOp43
 70
     1
102
RTVSPropertyOp44
 70
     1
102
RTVSPropertyOp45
 70
     1
102
RTVSPropertyOp46
 70
     1
102
RTVSPropertyOp47
 70
     1
102
RTVSPropertyOp48
 70
     1
102
RTVSPropertyOp49
 70
     1
102
RTVSPropertyOp50
 70
     1
102
RTVSPropertyOp51
 70
     0
102
RTVSPropertyOp52
 70
     0
102
RTVSPropertyOp53
 70
     1
102
RTVSPropertyOp54
 70
     1
102
RTVSPropertyOp55
 70
     1
102
RTVSPropertyOp56
 70
     1
102
RTVSPropertyOp57
 70
     1
102
RTVSPost2010Prop28
280
     0
102
RTVSPost2010PropOp28
 70
     1
102
RTVSPost2010Prop29
280
     1
102
RTVSPost2010PropOp29
 70
     1
102
RTVSPost2010Prop30
280
     1
102
RTVSPost2010PropOp30
 70
     1
102
RTVSPost2010Prop31
280
     0
102
RTVSPost2010PropOp31
 70
     1
102
RTVSPost2010Prop32
280
     0
102
RTVSPost2010PropOp32
 70
     1
102
RTVSPost2010Prop33
280
     0
102
RTVSPost2010PropOp33
 70
     1
102
RTVSPost2010Prop34
280
     0
102
RTVSPost2010PropOp34
 70
     1
102
RTVSPost2010Prop35
280
     0
102
RTVSPost2010PropOp35
 70
     1
102
RTVSPost2010Prop36
280
     0
102
RTVSPost2010PropOp36
 70
     1
102
RTVSPost2010Prop37
 90
       50
102
RTVSPost2010PropOp37
 70
     1
102
RTVSPost2010Prop38
140
0.0
102
RTVSPost2010PropOp38
 70
     1
102
RTVSPost2010Prop39
140
1.0
102
RTVSPost2010PropOp39
 70
     1
102
RTVSPost2010Prop40
 90
        0
102
RTVSPost2010PropOp40
 70
     1
102
RTVSPost2010Prop41ColorIndex
 90
       18
102
RTVSPost2010Prop41ColorRGB
 90
        0
102
RTVSPost2010PropOp41
 70
     1
102
RTVSPost2010Prop42
 90
       50
102
RTVSPost2010PropOp42
 70
     1
102
RTVSPost2010Prop43
 90
        3
102
RTVSPost2010PropOp43
 70
     1
102
RTVSPost2010Prop44ColorIndex
 90
        5
102
RTVSPost2010Prop44ColorRGB
 90
      255
102
RTVSPost2010PropOp44
 70
     1
102
RTVSPost2010Prop45
280
     0
102
RTVSPost2010PropOp45
 70
     1
102
RTVSPost2010Prop46
 90
       50
102
RTVSPost2010PropOp46
 70
     1
102
RTVSPost2010Prop47
 90
       50
102
RTVSPost2010PropOp47
 70
     1
102
RTVSPost2010Prop48
 90
       50
102
RTVSPost2010PropOp48
 70
     1
102
RTVSPost2010Prop49
280
     0
102
RTVSPost2010PropOp49
 70
     1
102
RTVSPost2010Prop50
 90
       50
102
RTVSPost2010PropOp50
 70
     1
102
RTVSPost2010Prop51ColorIndex
 90
      256
102
RTVSPost2010Prop51ColorRGB
 90
-16777216
102
RTVSPost2010PropOp51
 70
     0
102
RTVSPost2010Prop52
140
1.0
102
RTVSPost2010PropOp52
 70
     0
102
RTVSPost2010Prop53
 90
        2
102
RTVSPost2010PropOp53
 70
     1
102
RTVSPost2010Prop54
  1
strokes_ogs.tif
102
RTVSPost2010PropOp54
 70
     1
102
RTVSPost2010Prop55
280
     0
102
RTVSPost2010PropOp55
 70
     1
102
RTVSPost2010Prop56
140
1.0
102
RTVSPost2010PropOp56
 70
     1
102
RTVSPost2010Prop57
140
1.0
102
RTVSPost2010PropOp57
 70
     1
  0
XRECORD
  5
4408
102
{ACAD_REACTORS
330
4407
102
}
330
4407
100
AcDbXrecord
280
     1
102
RTVSPropertyOp0
 70
     1
102
RTVSPropertyOp1
 70
     1
102
RTVSPropertyOp2
 70
     1
102
RTVSPropertyOp3
 70
     1
102
RTVSPropertyOp4
 70
     1
102
RTVSPropertyOp5
 70
     1
102
RTVSPropertyOp6
 70
     1
102
RTVSPropertyOp7
 70
     1
102
RTVSPropertyOp8
 70
     1
102
RTVSPropertyOp9
 70
     1
102
RTVSPropertyOp10
 70
     1
102
RTVSPropertyOp11
 70
     1
102
RTVSPropertyOp12
 70
     1
102
RTVSPropertyOp13
 70
     1
102
RTVSPropertyOp14
 70
     1
102
RTVSPropertyOp15
 70
     1
102
RTVSPropertyOp16
 70
     1
102
RTVSPropertyOp17
 70
     1
102
RTVSPropertyOp18
 70
     1
102
RTVSPropertyOp19
 70
     1
102
RTVSPropertyOp20
 70
     1
102
RTVSPropertyOp21
 70
     1
102
RTVSPropertyOp22
 70
     1
102
RTVSPropertyOp23
 70
     1
102
RTVSPropertyOp24
 70
     1
102
RTVSPropertyOp25
 70
     1
102
RTVSPropertyOp26
 70
     1
102
RTVSPropertyOp27
 70
     1
102
RTVSPropertyOp28
 70
     1
102
RTVSPropertyOp29
 70
     1
102
RTVSPropertyOp30
 70
     1
102
RTVSPropertyOp31
 70
     1
102
RTVSPropertyOp32
 70
     1
102
RTVSPropertyOp33
 70
     1
102
RTVSPropertyOp34
 70
     1
102
RTVSPropertyOp35
 70
     1
102
RTVSPropertyOp36
 70
     1
102
RTVSPropertyOp37
 70
     1
102
RTVSPropertyOp38
 70
     1
102
RTVSPropertyOp39
 70
     1
102
RTVSPropertyOp40
 70
     1
102
RTVSPropertyOp41
 70
     1
102
RTVSPropertyOp42
 70
     1
102
RTVSPropertyOp43
 70
     1
102
RTVSPropertyOp44
 70
     1
102
RTVSPropertyOp45
 70
     1
102
RTVSPropertyOp46
 70
     1
102
RTVSPropertyOp47
 70
     1
102
RTVSPropertyOp48
 70
     1
102
RTVSPropertyOp49
 70
     1
102
RTVSPropertyOp50
 70
     1
102
RTVSPropertyOp51
 70
     0
102
RTVSPropertyOp52
 70
     0
102
RTVSPropertyOp53
 70
     1
102
RTVSPropertyOp54
 70
     1
102
RTVSPropertyOp55
 70
     1
102
RTVSPropertyOp56
 70
     1
102
RTVSPropertyOp57
 70
     1
102
RTVSPost2010Prop28
280
     0
102
RTVSPost2010PropOp28
 70
     1
102
RTVSPost2010Prop29
280
     1
102
RTVSPost2010PropOp29
 70
     1
102
RTVSPost2010Prop30
280
     1
102
RTVSPost2010PropOp30
 70
     1
102
RTVSPost2010Prop31
280
     0
102
RTVSPost2010PropOp31
 70
     1
102
RTVSPost2010Prop32
280
     0
102
RTVSPost2010PropOp32
 70
     1
102
RTVSPost2010Prop33
280
     0
102
RTVSPost2010PropOp33
 70
     1
102
RTVSPost2010Prop34
280
     0
102
RTVSPost2010PropOp34
 70
     1
102
RTVSPost2010Prop35
280
     0
102
RTVSPost2010PropOp35
 70
     1
102
RTVSPost2010Prop36
280
     0
102
RTVSPost2010PropOp36
 70
     1
102
RTVSPost2010Prop37
 90
       50
102
RTVSPost2010PropOp37
 70
     1
102
RTVSPost2010Prop38
140
0.0
102
RTVSPost2010PropOp38
 70
     1
102
RTVSPost2010Prop39
140
1.0
102
RTVSPost2010PropOp39
 70
     1
102
RTVSPost2010Prop40
 90
        0
102
RTVSPost2010PropOp40
 70
     1
102
RTVSPost2010Prop41ColorIndex
 90
       18
102
RTVSPost2010Prop41ColorRGB
 90
        0
102
RTVSPost2010PropOp41
 70
     1
102
RTVSPost2010Prop42
 90
       50
102
RTVSPost2010PropOp42
 70
     1
102
RTVSPost2010Prop43
 90
        3
102
RTVSPost2010PropOp43
 70
     1
102
RTVSPost2010Prop44ColorIndex
 90
        5
102
RTVSPost2010Prop44ColorRGB
 90
      255
102
RTVSPost2010PropOp44
 70
     1
102
RTVSPost2010Prop45
280
     0
102
RTVSPost2010PropOp45
 70
     1
102
RTVSPost2010Prop46
 90
       50
102
RTVSPost2010PropOp46
 70
     1
102
RTVSPost2010Prop47
 90
       50
102
RTVSPost2010PropOp47
 70
     1
102
RTVSPost2010Prop48
 90
       50
102
RTVSPost2010PropOp48
 70
     1
102
RTVSPost2010Prop49
280
     0
102
RTVSPost2010PropOp49
 70
     1
102
RTVSPost2010Prop50
 90
       50
102
RTVSPost2010PropOp50
 70
     1
102
RTVSPost2010Prop51ColorIndex
 90
      256
102
RTVSPost2010Prop51ColorRGB
 90
-16777216
102
RTVSPost2010PropOp51
 70
     0
102
RTVSPost2010Prop52
140
1.0
102
RTVSPost2010PropOp52
 70
     0
102
RTVSPost2010Prop53
 90
        2
102
RTVSPost2010PropOp53
 70
     1
102
RTVSPost2010Prop54
  1
strokes_ogs.tif
102
RTVSPost2010PropOp54
 70
     1
102
RTVSPost2010Prop55
280
     0
102
RTVSPost2010PropOp55
 70
     1
102
RTVSPost2010Prop56
140
1.0
102
RTVSPost2010PropOp56
 70
     1
102
RTVSPost2010Prop57
140
1.0
102
RTVSPost2010PropOp57
 70
     1
  0
XRECORD
  5
440A
102
{ACAD_REACTORS
330
4409
102
}
330
4409
100
AcDbXrecord
280
     1
102
RTVSPropertyOp0
 70
     0
102
RTVSPropertyOp1
 70
     0
102
RTVSPropertyOp2
 70
     0
102
RTVSPropertyOp3
 70
     0
102
RTVSPropertyOp4
 70
     0
102
RTVSPropertyOp5
 70
     0
102
RTVSPropertyOp6
 70
     0
102
RTVSPropertyOp7
 70
     0
102
RTVSPropertyOp8
 70
     0
102
RTVSPropertyOp9
 70
     0
102
RTVSPropertyOp10
 70
     0
102
RTVSPropertyOp11
 70
     0
102
RTVSPropertyOp12
 70
     0
102
RTVSPropertyOp13
 70
     0
102
RTVSPropertyOp14
 70
     2
102
RTVSPropertyOp15
 70
     0
102
RTVSPropertyOp16
 70
     0
102
RTVSPropertyOp17
 70
     0
102
RTVSPropertyOp18
 70
     0
102
RTVSPropertyOp19
 70
     0
102
RTVSPropertyOp20
 70
     0
102
RTVSPropertyOp21
 70
     0
102
RTVSPropertyOp22
 70
     0
102
RTVSPropertyOp23
 70
     0
102
RTVSPropertyOp24
 70
     0
102
RTVSPropertyOp25
 70
     0
102
RTVSPropertyOp26
 70
     0
102
RTVSPropertyOp27
 70
     0
102
RTVSPropertyOp28
 70
     0
102
RTVSPropertyOp29
 70
     0
102
RTVSPropertyOp30
 70
     0
102
RTVSPropertyOp31
 70
     0
102
RTVSPropertyOp32
 70
     0
102
RTVSPropertyOp33
 70
     0
102
RTVSPropertyOp34
 70
     0
102
RTVSPropertyOp35
 70
     0
102
RTVSPropertyOp36
 70
     0
102
RTVSPropertyOp37
 70
     0
102
RTVSPropertyOp38
 70
     0
102
RTVSPropertyOp39
 70
     0
102
RTVSPropertyOp40
 70
     0
102
RTVSPropertyOp41
 70
     0
102
RTVSPropertyOp42
 70
     0
102
RTVSPropertyOp43
 70
     0
102
RTVSPropertyOp44
 70
     0
102
RTVSPropertyOp45
 70
     0
102
RTVSPropertyOp46
 70
     0
102
RTVSPropertyOp47
 70
     0
102
RTVSPropertyOp48
 70
     0
102
RTVSPropertyOp49
 70
     0
102
RTVSPropertyOp50
 70
     0
102
RTVSPropertyOp51
 70
     0
102
RTVSPropertyOp52
 70
     0
102
RTVSPropertyOp53
 70
     0
102
RTVSPropertyOp54
 70
     0
102
RTVSPropertyOp55
 70
     0
102
RTVSPropertyOp56
 70
     0
102
RTVSPropertyOp57
 70
     0
102
RTVSPost2010Prop28
280
     0
102
RTVSPost2010PropOp28
 70
     0
102
RTVSPost2010Prop29
280
     1
102
RTVSPost2010PropOp29
 70
     0
102
RTVSPost2010Prop30
280
     1
102
RTVSPost2010PropOp30
 70
     0
102
RTVSPost2010Prop31
280
     0
102
RTVSPost2010PropOp31
 70
     0
102
RTVSPost2010Prop32
280
     0
102
RTVSPost2010PropOp32
 70
     0
102
RTVSPost2010Prop33
280
     0
102
RTVSPost2010PropOp33
 70
     0
102
RTVSPost2010Prop34
280
     0
102
RTVSPost2010PropOp34
 70
     0
102
RTVSPost2010Prop35
280
     0
102
RTVSPost2010PropOp35
 70
     0
102
RTVSPost2010Prop36
280
     0
102
RTVSPost2010PropOp36
 70
     0
102
RTVSPost2010Prop37
 90
       50
102
RTVSPost2010PropOp37
 70
     0
102
RTVSPost2010Prop38
140
0.0
102
RTVSPost2010PropOp38
 70
     0
102
RTVSPost2010Prop39
140
1.0
102
RTVSPost2010PropOp39
 70
     0
102
RTVSPost2010Prop40
 90
        0
102
RTVSPost2010PropOp40
 70
     0
102
RTVSPost2010Prop41ColorIndex
 90
       18
102
RTVSPost2010Prop41ColorRGB
 90
        0
102
RTVSPost2010PropOp41
 70
     0
102
RTVSPost2010Prop42
 90
       50
102
RTVSPost2010PropOp42
 70
     0
102
RTVSPost2010Prop43
 90
        3
102
RTVSPost2010PropOp43
 70
     0
102
RTVSPost2010Prop44ColorIndex
 90
        5
102
RTVSPost2010Prop44ColorRGB
 90
      255
102
RTVSPost2010PropOp44
 70
     0
102
RTVSPost2010Prop45
280
     0
102
RTVSPost2010PropOp45
 70
     0
102
RTVSPost2010Prop46
 90
       50
102
RTVSPost2010PropOp46
 70
     0
102
RTVSPost2010Prop47
 90
       50
102
RTVSPost2010PropOp47
 70
     0
102
RTVSPost2010Prop48
 90
       50
102
RTVSPost2010PropOp48
 70
     0
102
RTVSPost2010Prop49
280
     0
102
RTVSPost2010PropOp49
 70
     0
102
RTVSPost2010Prop50
 90
       50
102
RTVSPost2010PropOp50
 70
     0
102
RTVSPost2010Prop51ColorIndex
 90
      256
102
RTVSPost2010Prop51ColorRGB
 90
-16777216
102
RTVSPost2010PropOp51
 70
     0
102
RTVSPost2010Prop52
140
1.0
102
RTVSPost2010PropOp52
 70
     0
102
RTVSPost2010Prop53
 90
        2
102
RTVSPost2010PropOp53
 70
     0
102
RTVSPost2010Prop54
  1
strokes_ogs.tif
102
RTVSPost2010PropOp54
 70
     0
102
RTVSPost2010Prop55
280
     0
102
RTVSPost2010PropOp55
 70
     0
102
RTVSPost2010Prop56
140
1.0
102
RTVSPost2010PropOp56
 70
     0
102
RTVSPost2010Prop57
140
1.0
102
RTVSPost2010PropOp57
 70
     0
  0
XRECORD
  5
440C
102
{ACAD_REACTORS
330
440B
102
}
330
440B
100
AcDbXrecord
280
     1
102
RTVSPropertyOp0
 70
     1
102
RTVSPropertyOp1
 70
     1
102
RTVSPropertyOp2
 70
     1
102
RTVSPropertyOp3
 70
     1
102
RTVSPropertyOp4
 70
     1
102
RTVSPropertyOp5
 70
     1
102
RTVSPropertyOp6
 70
     1
102
RTVSPropertyOp7
 70
     1
102
RTVSPropertyOp8
 70
     1
102
RTVSPropertyOp9
 70
     1
102
RTVSPropertyOp10
 70
     1
102
RTVSPropertyOp11
 70
     1
102
RTVSPropertyOp12
 70
     1
102
RTVSPropertyOp13
 70
     1
102
RTVSPropertyOp14
 70
     1
102
RTVSPropertyOp15
 70
     1
102
RTVSPropertyOp16
 70
     1
102
RTVSPropertyOp17
 70
     1
102
RTVSPropertyOp18
 70
     1
102
RTVSPropertyOp19
 70
     1
102
RTVSPropertyOp20
 70
     1
102
RTVSPropertyOp21
 70
     1
102
RTVSPropertyOp22
 70
     1
102
RTVSPropertyOp23
 70
     1
102
RTVSPropertyOp24
 70
     1
102
RTVSPropertyOp25
 70
     1
102
RTVSPropertyOp26
 70
     1
102
RTVSPropertyOp27
 70
     1
102
RTVSPropertyOp28
 70
     1
102
RTVSPropertyOp29
 70
     1
102
RTVSPropertyOp30
 70
     1
102
RTVSPropertyOp31
 70
     1
102
RTVSPropertyOp32
 70
     1
102
RTVSPropertyOp33
 70
     1
102
RTVSPropertyOp34
 70
     1
102
RTVSPropertyOp35
 70
     1
102
RTVSPropertyOp36
 70
     1
102
RTVSPropertyOp37
 70
     1
102
RTVSPropertyOp38
 70
     1
102
RTVSPropertyOp39
 70
     1
102
RTVSPropertyOp40
 70
     1
102
RTVSPropertyOp41
 70
     1
102
RTVSPropertyOp42
 70
     1
102
RTVSPropertyOp43
 70
     1
102
RTVSPropertyOp44
 70
     1
102
RTVSPropertyOp45
 70
     1
102
RTVSPropertyOp46
 70
     1
102
RTVSPropertyOp47
 70
     1
102
RTVSPropertyOp48
 70
     1
102
RTVSPropertyOp49
 70
     1
102
RTVSPropertyOp50
 70
     1
102
RTVSPropertyOp51
 70
     0
102
RTVSPropertyOp52
 70
     0
102
RTVSPropertyOp53
 70
     1
102
RTVSPropertyOp54
 70
     1
102
RTVSPropertyOp55
 70
     1
102
RTVSPropertyOp56
 70
     1
102
RTVSPropertyOp57
 70
     1
102
RTVSPost2010Prop28
280
     0
102
RTVSPost2010PropOp28
 70
     1
102
RTVSPost2010Prop29
280
     1
102
RTVSPost2010PropOp29
 70
     1
102
RTVSPost2010Prop30
280
     1
102
RTVSPost2010PropOp30
 70
     1
102
RTVSPost2010Prop31
280
     0
102
RTVSPost2010PropOp31
 70
     1
102
RTVSPost2010Prop32
280
     0
102
RTVSPost2010PropOp32
 70
     1
102
RTVSPost2010Prop33
280
     0
102
RTVSPost2010PropOp33
 70
     1
102
RTVSPost2010Prop34
280
     0
102
RTVSPost2010PropOp34
 70
     1
102
RTVSPost2010Prop35
280
     0
102
RTVSPost2010PropOp35
 70
     1
102
RTVSPost2010Prop36
280
     0
102
RTVSPost2010PropOp36
 70
     1
102
RTVSPost2010Prop37
 90
       50
102
RTVSPost2010PropOp37
 70
     1
102
RTVSPost2010Prop38
140
0.0
102
RTVSPost2010PropOp38
 70
     1
102
RTVSPost2010Prop39
140
1.0
102
RTVSPost2010PropOp39
 70
     1
102
RTVSPost2010Prop40
 90
        0
102
RTVSPost2010PropOp40
 70
     1
102
RTVSPost2010Prop41ColorIndex
 90
       18
102
RTVSPost2010Prop41ColorRGB
 90
        0
102
RTVSPost2010PropOp41
 70
     1
102
RTVSPost2010Prop42
 90
       50
102
RTVSPost2010PropOp42
 70
     1
102
RTVSPost2010Prop43
 90
        3
102
RTVSPost2010PropOp43
 70
     1
102
RTVSPost2010Prop44ColorIndex
 90
        5
102
RTVSPost2010Prop44ColorRGB
 90
      255
102
RTVSPost2010PropOp44
 70
     1
102
RTVSPost2010Prop45
280
     0
102
RTVSPost2010PropOp45
 70
     1
102
RTVSPost2010Prop46
 90
       50
102
RTVSPost2010PropOp46
 70
     1
102
RTVSPost2010Prop47
 90
       50
102
RTVSPost2010PropOp47
 70
     1
102
RTVSPost2010Prop48
 90
       50
102
RTVSPost2010PropOp48
 70
     1
102
RTVSPost2010Prop49
280
     0
102
RTVSPost2010PropOp49
 70
     1
102
RTVSPost2010Prop50
 90
       50
102
RTVSPost2010PropOp50
 70
     1
102
RTVSPost2010Prop51ColorIndex
 90
      256
102
RTVSPost2010Prop51ColorRGB
 90
-16777216
102
RTVSPost2010PropOp51
 70
     0
102
RTVSPost2010Prop52
140
1.0
102
RTVSPost2010PropOp52
 70
     0
102
RTVSPost2010Prop53
 90
        2
102
RTVSPost2010PropOp53
 70
     1
102
RTVSPost2010Prop54
  1
strokes_ogs.tif
102
RTVSPost2010PropOp54
 70
     1
102
RTVSPost2010Prop55
280
     0
102
RTVSPost2010PropOp55
 70
     1
102
RTVSPost2010Prop56
140
1.0
102
RTVSPost2010PropOp56
 70
     1
102
RTVSPost2010Prop57
140
1.0
102
RTVSPost2010PropOp57
 70
     1
  0
XRECORD
  5
440E
102
{ACAD_REACTORS
330
440D
102
}
330
440D
100
AcDbXrecord
280
     1
102
RTVSPropertyOp0
 70
     0
102
RTVSPropertyOp1
 70
     0
102
RTVSPropertyOp2
 70
     0
102
RTVSPropertyOp3
 70
     0
102
RTVSPropertyOp4
 70
     0
102
RTVSPropertyOp5
 70
     0
102
RTVSPropertyOp6
 70
     0
102
RTVSPropertyOp7
 70
     0
102
RTVSPropertyOp8
 70
     0
102
RTVSPropertyOp9
 70
     0
102
RTVSPropertyOp10
 70
     0
102
RTVSPropertyOp11
 70
     0
102
RTVSPropertyOp12
 70
     0
102
RTVSPropertyOp13
 70
     0
102
RTVSPropertyOp14
 70
     2
102
RTVSPropertyOp15
 70
     0
102
RTVSPropertyOp16
 70
     0
102
RTVSPropertyOp17
 70
     0
102
RTVSPropertyOp18
 70
     0
102
RTVSPropertyOp19
 70
     0
102
RTVSPropertyOp20
 70
     0
102
RTVSPropertyOp21
 70
     0
102
RTVSPropertyOp22
 70
     0
102
RTVSPropertyOp23
 70
     0
102
RTVSPropertyOp24
 70
     0
102
RTVSPropertyOp25
 70
     0
102
RTVSPropertyOp26
 70
     0
102
RTVSPropertyOp27
 70
     0
102
RTVSPropertyOp28
 70
     0
102
RTVSPropertyOp29
 70
     0
102
RTVSPropertyOp30
 70
     0
102
RTVSPropertyOp31
 70
     0
102
RTVSPropertyOp32
 70
     0
102
RTVSPropertyOp33
 70
     0
102
RTVSPropertyOp34
 70
     0
102
RTVSPropertyOp35
 70
     0
102
RTVSPropertyOp36
 70
     0
102
RTVSPropertyOp37
 70
     0
102
RTVSPropertyOp38
 70
     0
102
RTVSPropertyOp39
 70
     0
102
RTVSPropertyOp40
 70
     0
102
RTVSPropertyOp41
 70
     0
102
RTVSPropertyOp42
 70
     0
102
RTVSPropertyOp43
 70
     0
102
RTVSPropertyOp44
 70
     0
102
RTVSPropertyOp45
 70
     0
102
RTVSPropertyOp46
 70
     0
102
RTVSPropertyOp47
 70
     0
102
RTVSPropertyOp48
 70
     0
102
RTVSPropertyOp49
 70
     0
102
RTVSPropertyOp50
 70
     0
102
RTVSPropertyOp51
 70
     0
102
RTVSPropertyOp52
 70
     0
102
RTVSPropertyOp53
 70
     0
102
RTVSPropertyOp54
 70
     0
102
RTVSPropertyOp55
 70
     0
102
RTVSPropertyOp56
 70
     0
102
RTVSPropertyOp57
 70
     0
102
RTVSPost2010Prop28
280
     0
102
RTVSPost2010PropOp28
 70
     0
102
RTVSPost2010Prop29
280
     1
102
RTVSPost2010PropOp29
 70
     0
102
RTVSPost2010Prop30
280
     1
102
RTVSPost2010PropOp30
 70
     0
102
RTVSPost2010Prop31
280
     0
102
RTVSPost2010PropOp31
 70
     0
102
RTVSPost2010Prop32
280
     0
102
RTVSPost2010PropOp32
 70
     0
102
RTVSPost2010Prop33
280
     0
102
RTVSPost2010PropOp33
 70
     0
102
RTVSPost2010Prop34
280
     0
102
RTVSPost2010PropOp34
 70
     0
102
RTVSPost2010Prop35
280
     0
102
RTVSPost2010PropOp35
 70
     0
102
RTVSPost2010Prop36
280
     0
102
RTVSPost2010PropOp36
 70
     0
102
RTVSPost2010Prop37
 90
       50
102
RTVSPost2010PropOp37
 70
     0
102
RTVSPost2010Prop38
140
0.0
102
RTVSPost2010PropOp38
 70
     0
102
RTVSPost2010Prop39
140
1.0
102
RTVSPost2010PropOp39
 70
     0
102
RTVSPost2010Prop40
 90
        0
102
RTVSPost2010PropOp40
 70
     0
102
RTVSPost2010Prop41ColorIndex
 90
       18
102
RTVSPost2010Prop41ColorRGB
 90
        0
102
RTVSPost2010PropOp41
 70
     0
102
RTVSPost2010Prop42
 90
       50
102
RTVSPost2010PropOp42
 70
     0
102
RTVSPost2010Prop43
 90
        3
102
RTVSPost2010PropOp43
 70
     0
102
RTVSPost2010Prop44ColorIndex
 90
        5
102
RTVSPost2010Prop44ColorRGB
 90
      255
102
RTVSPost2010PropOp44
 70
     0
102
RTVSPost2010Prop45
280
     0
102
RTVSPost2010PropOp45
 70
     0
102
RTVSPost2010Prop46
 90
       50
102
RTVSPost2010PropOp46
 70
     0
102
RTVSPost2010Prop47
 90
       50
102
RTVSPost2010PropOp47
 70
     0
102
RTVSPost2010Prop48
 90
       50
102
RTVSPost2010PropOp48
 70
     0
102
RTVSPost2010Prop49
280
     0
102
RTVSPost2010PropOp49
 70
     0
102
RTVSPost2010Prop50
 90
       50
102
RTVSPost2010PropOp50
 70
     0
102
RTVSPost2010Prop51ColorIndex
 90
      256
102
RTVSPost2010Prop51ColorRGB
 90
-16777216
102
RTVSPost2010PropOp51
 70
     0
102
RTVSPost2010Prop52
140
1.0
102
RTVSPost2010PropOp52
 70
     0
102
RTVSPost2010Prop53
 90
        2
102
RTVSPost2010PropOp53
 70
     0
102
RTVSPost2010Prop54
  1
strokes_ogs.tif
102
RTVSPost2010PropOp54
 70
     0
102
RTVSPost2010Prop55
280
     0
102
RTVSPost2010PropOp55
 70
     0
102
RTVSPost2010Prop56
140
1.0
102
RTVSPost2010PropOp56
 70
     0
102
RTVSPost2010Prop57
140
1.0
102
RTVSPost2010PropOp57
 70
     0
  0
XRECORD
  5
4410
102
{ACAD_REACTORS
330
440F
102
}
330
440F
100
AcDbXrecord
280
     1
102
RTVSPropertyOp0
 70
     1
102
RTVSPropertyOp1
 70
     1
102
RTVSPropertyOp2
 70
     1
102
RTVSPropertyOp3
 70
     1
102
RTVSPropertyOp4
 70
     1
102
RTVSPropertyOp5
 70
     1
102
RTVSPropertyOp6
 70
     1
102
RTVSPropertyOp7
 70
     1
102
RTVSPropertyOp8
 70
     1
102
RTVSPropertyOp9
 70
     1
102
RTVSPropertyOp10
 70
     1
102
RTVSPropertyOp11
 70
     1
102
RTVSPropertyOp12
 70
     1
102
RTVSPropertyOp13
 70
     1
102
RTVSPropertyOp14
 70
     1
102
RTVSPropertyOp15
 70
     1
102
RTVSPropertyOp16
 70
     1
102
RTVSPropertyOp17
 70
     1
102
RTVSPropertyOp18
 70
     1
102
RTVSPropertyOp19
 70
     1
102
RTVSPropertyOp20
 70
     1
102
RTVSPropertyOp21
 70
     1
102
RTVSPropertyOp22
 70
     1
102
RTVSPropertyOp23
 70
     1
102
RTVSPropertyOp24
 70
     1
102
RTVSPropertyOp25
 70
     1
102
RTVSPropertyOp26
 70
     1
102
RTVSPropertyOp27
 70
     1
102
RTVSPropertyOp28
 70
     1
102
RTVSPropertyOp29
 70
     1
102
RTVSPropertyOp30
 70
     1
102
RTVSPropertyOp31
 70
     1
102
RTVSPropertyOp32
 70
     1
102
RTVSPropertyOp33
 70
     1
102
RTVSPropertyOp34
 70
     1
102
RTVSPropertyOp35
 70
     1
102
RTVSPropertyOp36
 70
     1
102
RTVSPropertyOp37
 70
     1
102
RTVSPropertyOp38
 70
     1
102
RTVSPropertyOp39
 70
     1
102
RTVSPropertyOp40
 70
     1
102
RTVSPropertyOp41
 70
     1
102
RTVSPropertyOp42
 70
     1
102
RTVSPropertyOp43
 70
     1
102
RTVSPropertyOp44
 70
     1
102
RTVSPropertyOp45
 70
     1
102
RTVSPropertyOp46
 70
     1
102
RTVSPropertyOp47
 70
     1
102
RTVSPropertyOp48
 70
     1
102
RTVSPropertyOp49
 70
     1
102
RTVSPropertyOp50
 70
     1
102
RTVSPropertyOp51
 70
     0
102
RTVSPropertyOp52
 70
     0
102
RTVSPropertyOp53
 70
     1
102
RTVSPropertyOp54
 70
     1
102
RTVSPropertyOp55
 70
     1
102
RTVSPropertyOp56
 70
     1
102
RTVSPropertyOp57
 70
     1
102
RTVSPost2010Prop28
280
     0
102
RTVSPost2010PropOp28
 70
     1
102
RTVSPost2010Prop29
280
     1
102
RTVSPost2010PropOp29
 70
     1
102
RTVSPost2010Prop30
280
     1
102
RTVSPost2010PropOp30
 70
     1
102
RTVSPost2010Prop31
280
     0
102
RTVSPost2010PropOp31
 70
     1
102
RTVSPost2010Prop32
280
     0
102
RTVSPost2010PropOp32
 70
     1
102
RTVSPost2010Prop33
280
     0
102
RTVSPost2010PropOp33
 70
     1
102
RTVSPost2010Prop34
280
     0
102
RTVSPost2010PropOp34
 70
     1
102
RTVSPost2010Prop35
280
     0
102
RTVSPost2010PropOp35
 70
     1
102
RTVSPost2010Prop36
280
     0
102
RTVSPost2010PropOp36
 70
     1
102
RTVSPost2010Prop37
 90
       50
102
RTVSPost2010PropOp37
 70
     1
102
RTVSPost2010Prop38
140
0.0
102
RTVSPost2010PropOp38
 70
     1
102
RTVSPost2010Prop39
140
1.0
102
RTVSPost2010PropOp39
 70
     1
102
RTVSPost2010Prop40
 90
        0
102
RTVSPost2010PropOp40
 70
     1
102
RTVSPost2010Prop41ColorIndex
 90
       18
102
RTVSPost2010Prop41ColorRGB
 90
        0
102
RTVSPost2010PropOp41
 70
     1
102
RTVSPost2010Prop42
 90
       50
102
RTVSPost2010PropOp42
 70
     1
102
RTVSPost2010Prop43
 90
        3
102
RTVSPost2010PropOp43
 70
     1
102
RTVSPost2010Prop44ColorIndex
 90
        5
102
RTVSPost2010Prop44ColorRGB
 90
      255
102
RTVSPost2010PropOp44
 70
     1
102
RTVSPost2010Prop45
280
     0
102
RTVSPost2010PropOp45
 70
     1
102
RTVSPost2010Prop46
 90
       50
102
RTVSPost2010PropOp46
 70
     1
102
RTVSPost2010Prop47
 90
       50
102
RTVSPost2010PropOp47
 70
     1
102
RTVSPost2010Prop48
 90
       50
102
RTVSPost2010PropOp48
 70
     1
102
RTVSPost2010Prop49
280
     0
102
RTVSPost2010PropOp49
 70
     1
102
RTVSPost2010Prop50
 90
       50
102
RTVSPost2010PropOp50
 70
     1
102
RTVSPost2010Prop51ColorIndex
 90
      256
102
RTVSPost2010Prop51ColorRGB
 90
-16777216
102
RTVSPost2010PropOp51
 70
     0
102
RTVSPost2010Prop52
140
1.0
102
RTVSPost2010PropOp52
 70
     0
102
RTVSPost2010Prop53
 90
        2
102
RTVSPost2010PropOp53
 70
     1
102
RTVSPost2010Prop54
  1
strokes_ogs.tif
102
RTVSPost2010PropOp54
 70
     1
102
RTVSPost2010Prop55
280
     0
102
RTVSPost2010PropOp55
 70
     1
102
RTVSPost2010Prop56
140
1.0
102
RTVSPost2010PropOp56
 70
     1
102
RTVSPost2010Prop57
140
1.0
102
RTVSPost2010PropOp57
 70
     1
  0
XRECORD
  5
4412
102
{ACAD_REACTORS
330
4411
102
}
330
4411
100
AcDbXrecord
280
     1
102
RTVSPropertyOp0
 70
     1
102
RTVSPropertyOp1
 70
     1
102
RTVSPropertyOp2
 70
     1
102
RTVSPropertyOp3
 70
     1
102
RTVSPropertyOp4
 70
     1
102
RTVSPropertyOp5
 70
     1
102
RTVSPropertyOp6
 70
     1
102
RTVSPropertyOp7
 70
     1
102
RTVSPropertyOp8
 70
     1
102
RTVSPropertyOp9
 70
     1
102
RTVSPropertyOp10
 70
     1
102
RTVSPropertyOp11
 70
     1
102
RTVSPropertyOp12
 70
     1
102
RTVSPropertyOp13
 70
     1
102
RTVSPropertyOp14
 70
     1
102
RTVSPropertyOp15
 70
     1
102
RTVSPropertyOp16
 70
     1
102
RTVSPropertyOp17
 70
     1
102
RTVSPropertyOp18
 70
     1
102
RTVSPropertyOp19
 70
     1
102
RTVSPropertyOp20
 70
     1
102
RTVSPropertyOp21
 70
     1
102
RTVSPropertyOp22
 70
     1
102
RTVSPropertyOp23
 70
     1
102
RTVSPropertyOp24
 70
     1
102
RTVSPropertyOp25
 70
     1
102
RTVSPropertyOp26
 70
     1
102
RTVSPropertyOp27
 70
     1
102
RTVSPropertyOp28
 70
     1
102
RTVSPropertyOp29
 70
     1
102
RTVSPropertyOp30
 70
     1
102
RTVSPropertyOp31
 70
     1
102
RTVSPropertyOp32
 70
     1
102
RTVSPropertyOp33
 70
     1
102
RTVSPropertyOp34
 70
     1
102
RTVSPropertyOp35
 70
     1
102
RTVSPropertyOp36
 70
     1
102
RTVSPropertyOp37
 70
     1
102
RTVSPropertyOp38
 70
     1
102
RTVSPropertyOp39
 70
     1
102
RTVSPropertyOp40
 70
     1
102
RTVSPropertyOp41
 70
     1
102
RTVSPropertyOp42
 70
     1
102
RTVSPropertyOp43
 70
     1
102
RTVSPropertyOp44
 70
     1
102
RTVSPropertyOp45
 70
     1
102
RTVSPropertyOp46
 70
     1
102
RTVSPropertyOp47
 70
     1
102
RTVSPropertyOp48
 70
     1
102
RTVSPropertyOp49
 70
     1
102
RTVSPropertyOp50
 70
     1
102
RTVSPropertyOp51
 70
     0
102
RTVSPropertyOp52
 70
     0
102
RTVSPropertyOp53
 70
     1
102
RTVSPropertyOp54
 70
     1
102
RTVSPropertyOp55
 70
     1
102
RTVSPropertyOp56
 70
     1
102
RTVSPropertyOp57
 70
     1
102
RTVSPost2010Prop28
280
     0
102
RTVSPost2010PropOp28
 70
     1
102
RTVSPost2010Prop29
280
     1
102
RTVSPost2010PropOp29
 70
     1
102
RTVSPost2010Prop30
280
     1
102
RTVSPost2010PropOp30
 70
     1
102
RTVSPost2010Prop31
280
     0
102
RTVSPost2010PropOp31
 70
     1
102
RTVSPost2010Prop32
280
     0
102
RTVSPost2010PropOp32
 70
     1
102
RTVSPost2010Prop33
280
     0
102
RTVSPost2010PropOp33
 70
     1
102
RTVSPost2010Prop34
280
     0
102
RTVSPost2010PropOp34
 70
     1
102
RTVSPost2010Prop35
280
     0
102
RTVSPost2010PropOp35
 70
     1
102
RTVSPost2010Prop36
280
     0
102
RTVSPost2010PropOp36
 70
     1
102
RTVSPost2010Prop37
 90
       50
102
RTVSPost2010PropOp37
 70
     1
102
RTVSPost2010Prop38
140
0.0
102
RTVSPost2010PropOp38
 70
     1
102
RTVSPost2010Prop39
140
1.0
102
RTVSPost2010PropOp39
 70
     1
102
RTVSPost2010Prop40
 90
        0
102
RTVSPost2010PropOp40
 70
     1
102
RTVSPost2010Prop41ColorIndex
 90
       18
102
RTVSPost2010Prop41ColorRGB
 90
        0
102
RTVSPost2010PropOp41
 70
     1
102
RTVSPost2010Prop42
 90
       50
102
RTVSPost2010PropOp42
 70
     1
102
RTVSPost2010Prop43
 90
        3
102
RTVSPost2010PropOp43
 70
     1
102
RTVSPost2010Prop44ColorIndex
 90
        5
102
RTVSPost2010Prop44ColorRGB
 90
      255
102
RTVSPost2010PropOp44
 70
     1
102
RTVSPost2010Prop45
280
     0
102
RTVSPost2010PropOp45
 70
     1
102
RTVSPost2010Prop46
 90
       50
102
RTVSPost2010PropOp46
 70
     1
102
RTVSPost2010Prop47
 90
       50
102
RTVSPost2010PropOp47
 70
     1
102
RTVSPost2010Prop48
 90
       50
102
RTVSPost2010PropOp48
 70
     1
102
RTVSPost2010Prop49
280
     0
102
RTVSPost2010PropOp49
 70
     1
102
RTVSPost2010Prop50
 90
       50
102
RTVSPost2010PropOp50
 70
     1
102
RTVSPost2010Prop51ColorIndex
 90
      256
102
RTVSPost2010Prop51ColorRGB
 90
-16777216
102
RTVSPost2010PropOp51
 70
     0
102
RTVSPost2010Prop52
140
1.0
102
RTVSPost2010PropOp52
 70
     0
102
RTVSPost2010Prop53
 90
        2
102
RTVSPost2010PropOp53
 70
     1
102
RTVSPost2010Prop54
  1
strokes_ogs.tif
102
RTVSPost2010PropOp54
 70
     1
102
RTVSPost2010Prop55
280
     0
102
RTVSPost2010PropOp55
 70
     1
102
RTVSPost2010Prop56
140
1.0
102
RTVSPost2010PropOp56
 70
     1
102
RTVSPost2010Prop57
140
1.0
102
RTVSPost2010PropOp57
 70
     1
  0
XRECORD
  5
4414
102
{ACAD_REACTORS
330
4413
102
}
330
4413
100
AcDbXrecord
280
     1
102
RTVSPropertyOp0
 70
     1
102
RTVSPropertyOp1
 70
     1
102
RTVSPropertyOp2
 70
     1
102
RTVSPropertyOp3
 70
     1
102
RTVSPropertyOp4
 70
     1
102
RTVSPropertyOp5
 70
     1
102
RTVSPropertyOp6
 70
     1
102
RTVSPropertyOp7
 70
     1
102
RTVSPropertyOp8
 70
     1
102
RTVSPropertyOp9
 70
     1
102
RTVSPropertyOp10
 70
     1
102
RTVSPropertyOp11
 70
     1
102
RTVSPropertyOp12
 70
     1
102
RTVSPropertyOp13
 70
     1
102
RTVSPropertyOp14
 70
     1
102
RTVSPropertyOp15
 70
     1
102
RTVSPropertyOp16
 70
     1
102
RTVSPropertyOp17
 70
     1
102
RTVSPropertyOp18
 70
     1
102
RTVSPropertyOp19
 70
     1
102
RTVSPropertyOp20
 70
     1
102
RTVSPropertyOp21
 70
     1
102
RTVSPropertyOp22
 70
     1
102
RTVSPropertyOp23
 70
     1
102
RTVSPropertyOp24
 70
     1
102
RTVSPropertyOp25
 70
     1
102
RTVSPropertyOp26
 70
     1
102
RTVSPropertyOp27
 70
     1
102
RTVSPropertyOp28
 70
     1
102
RTVSPropertyOp29
 70
     1
102
RTVSPropertyOp30
 70
     1
102
RTVSPropertyOp31
 70
     1
102
RTVSPropertyOp32
 70
     1
102
RTVSPropertyOp33
 70
     1
102
RTVSPropertyOp34
 70
     1
102
RTVSPropertyOp35
 70
     1
102
RTVSPropertyOp36
 70
     1
102
RTVSPropertyOp37
 70
     1
102
RTVSPropertyOp38
 70
     1
102
RTVSPropertyOp39
 70
     1
102
RTVSPropertyOp40
 70
     1
102
RTVSPropertyOp41
 70
     1
102
RTVSPropertyOp42
 70
     1
102
RTVSPropertyOp43
 70
     1
102
RTVSPropertyOp44
 70
     1
102
RTVSPropertyOp45
 70
     1
102
RTVSPropertyOp46
 70
     1
102
RTVSPropertyOp47
 70
     1
102
RTVSPropertyOp48
 70
     1
102
RTVSPropertyOp49
 70
     1
102
RTVSPropertyOp50
 70
     1
102
RTVSPropertyOp51
 70
     0
102
RTVSPropertyOp52
 70
     0
102
RTVSPropertyOp53
 70
     1
102
RTVSPropertyOp54
 70
     1
102
RTVSPropertyOp55
 70
     1
102
RTVSPropertyOp56
 70
     1
102
RTVSPropertyOp57
 70
     1
102
RTVSPost2010Prop28
280
     0
102
RTVSPost2010PropOp28
 70
     1
102
RTVSPost2010Prop29
280
     1
102
RTVSPost2010PropOp29
 70
     1
102
RTVSPost2010Prop30
280
     1
102
RTVSPost2010PropOp30
 70
     1
102
RTVSPost2010Prop31
280
     0
102
RTVSPost2010PropOp31
 70
     1
102
RTVSPost2010Prop32
280
     0
102
RTVSPost2010PropOp32
 70
     1
102
RTVSPost2010Prop33
280
     0
102
RTVSPost2010PropOp33
 70
     1
102
RTVSPost2010Prop34
280
     0
102
RTVSPost2010PropOp34
 70
     1
102
RTVSPost2010Prop35
280
     0
102
RTVSPost2010PropOp35
 70
     1
102
RTVSPost2010Prop36
280
     0
102
RTVSPost2010PropOp36
 70
     1
102
RTVSPost2010Prop37
 90
       50
102
RTVSPost2010PropOp37
 70
     1
102
RTVSPost2010Prop38
140
0.0
102
RTVSPost2010PropOp38
 70
     1
102
RTVSPost2010Prop39
140
1.0
102
RTVSPost2010PropOp39
 70
     1
102
RTVSPost2010Prop40
 90
        0
102
RTVSPost2010PropOp40
 70
     1
102
RTVSPost2010Prop41ColorIndex
 90
       18
102
RTVSPost2010Prop41ColorRGB
 90
        0
102
RTVSPost2010PropOp41
 70
     1
102
RTVSPost2010Prop42
 90
       50
102
RTVSPost2010PropOp42
 70
     1
102
RTVSPost2010Prop43
 90
        3
102
RTVSPost2010PropOp43
 70
     1
102
RTVSPost2010Prop44ColorIndex
 90
        5
102
RTVSPost2010Prop44ColorRGB
 90
      255
102
RTVSPost2010PropOp44
 70
     1
102
RTVSPost2010Prop45
280
     0
102
RTVSPost2010PropOp45
 70
     1
102
RTVSPost2010Prop46
 90
       50
102
RTVSPost2010PropOp46
 70
     1
102
RTVSPost2010Prop47
 90
       50
102
RTVSPost2010PropOp47
 70
     1
102
RTVSPost2010Prop48
 90
       50
102
RTVSPost2010PropOp48
 70
     1
102
RTVSPost2010Prop49
280
     0
102
RTVSPost2010PropOp49
 70
     1
102
RTVSPost2010Prop50
 90
       50
102
RTVSPost2010PropOp50
 70
     1
102
RTVSPost2010Prop51ColorIndex
 90
      256
102
RTVSPost2010Prop51ColorRGB
 90
-16777216
102
RTVSPost2010PropOp51
 70
     0
102
RTVSPost2010Prop52
140
1.0
102
RTVSPost2010PropOp52
 70
     0
102
RTVSPost2010Prop53
 90
        2
102
RTVSPost2010PropOp53
 70
     1
102
RTVSPost2010Prop54
  1
strokes_ogs.tif
102
RTVSPost2010PropOp54
 70
     1
102
RTVSPost2010Prop55
280
     0
102
RTVSPost2010PropOp55
 70
     1
102
RTVSPost2010Prop56
140
1.0
102
RTVSPost2010PropOp56
 70
     1
102
RTVSPost2010Prop57
140
1.0
102
RTVSPost2010PropOp57
 70
     1
  0
XRECORD
  5
4416
102
{ACAD_REACTORS
330
4415
102
}
330
4415
100
AcDbXrecord
280
     1
102
RTVSPropertyOp0
 70
     1
102
RTVSPropertyOp1
 70
     1
102
RTVSPropertyOp2
 70
     1
102
RTVSPropertyOp3
 70
     1
102
RTVSPropertyOp4
 70
     1
102
RTVSPropertyOp5
 70
     1
102
RTVSPropertyOp6
 70
     1
102
RTVSPropertyOp7
 70
     1
102
RTVSPropertyOp8
 70
     1
102
RTVSPropertyOp9
 70
     1
102
RTVSPropertyOp10
 70
     1
102
RTVSPropertyOp11
 70
     1
102
RTVSPropertyOp12
 70
     1
102
RTVSPropertyOp13
 70
     1
102
RTVSPropertyOp14
 70
     1
102
RTVSPropertyOp15
 70
     1
102
RTVSPropertyOp16
 70
     1
102
RTVSPropertyOp17
 70
     1
102
RTVSPropertyOp18
 70
     1
102
RTVSPropertyOp19
 70
     1
102
RTVSPropertyOp20
 70
     1
102
RTVSPropertyOp21
 70
     1
102
RTVSPropertyOp22
 70
     1
102
RTVSPropertyOp23
 70
     1
102
RTVSPropertyOp24
 70
     1
102
RTVSPropertyOp25
 70
     1
102
RTVSPropertyOp26
 70
     1
102
RTVSPropertyOp27
 70
     1
102
RTVSPropertyOp28
 70
     1
102
RTVSPropertyOp29
 70
     1
102
RTVSPropertyOp30
 70
     1
102
RTVSPropertyOp31
 70
     1
102
RTVSPropertyOp32
 70
     1
102
RTVSPropertyOp33
 70
     1
102
RTVSPropertyOp34
 70
     1
102
RTVSPropertyOp35
 70
     1
102
RTVSPropertyOp36
 70
     1
102
RTVSPropertyOp37
 70
     1
102
RTVSPropertyOp38
 70
     1
102
RTVSPropertyOp39
 70
     1
102
RTVSPropertyOp40
 70
     1
102
RTVSPropertyOp41
 70
     1
102
RTVSPropertyOp42
 70
     1
102
RTVSPropertyOp43
 70
     1
102
RTVSPropertyOp44
 70
     1
102
RTVSPropertyOp45
 70
     1
102
RTVSPropertyOp46
 70
     1
102
RTVSPropertyOp47
 70
     1
102
RTVSPropertyOp48
 70
     1
102
RTVSPropertyOp49
 70
     1
102
RTVSPropertyOp50
 70
     1
102
RTVSPropertyOp51
 70
     0
102
RTVSPropertyOp52
 70
     0
102
RTVSPropertyOp53
 70
     1
102
RTVSPropertyOp54
 70
     1
102
RTVSPropertyOp55
 70
     1
102
RTVSPropertyOp56
 70
     1
102
RTVSPropertyOp57
 70
     1
102
RTVSPost2010Prop28
280
     0
102
RTVSPost2010PropOp28
 70
     1
102
RTVSPost2010Prop29
280
     1
102
RTVSPost2010PropOp29
 70
     1
102
RTVSPost2010Prop30
280
     1
102
RTVSPost2010PropOp30
 70
     1
102
RTVSPost2010Prop31
280
     0
102
RTVSPost2010PropOp31
 70
     1
102
RTVSPost2010Prop32
280
     0
102
RTVSPost2010PropOp32
 70
     1
102
RTVSPost2010Prop33
280
     0
102
RTVSPost2010PropOp33
 70
     1
102
RTVSPost2010Prop34
280
     0
102
RTVSPost2010PropOp34
 70
     1
102
RTVSPost2010Prop35
280
     0
102
RTVSPost2010PropOp35
 70
     1
102
RTVSPost2010Prop36
280
     0
102
RTVSPost2010PropOp36
 70
     1
102
RTVSPost2010Prop37
 90
       50
102
RTVSPost2010PropOp37
 70
     1
102
RTVSPost2010Prop38
140
0.0
102
RTVSPost2010PropOp38
 70
     1
102
RTVSPost2010Prop39
140
1.0
102
RTVSPost2010PropOp39
 70
     1
102
RTVSPost2010Prop40
 90
        0
102
RTVSPost2010PropOp40
 70
     1
102
RTVSPost2010Prop41ColorIndex
 90
       18
102
RTVSPost2010Prop41ColorRGB
 90
        0
102
RTVSPost2010PropOp41
 70
     1
102
RTVSPost2010Prop42
 90
       50
102
RTVSPost2010PropOp42
 70
     1
102
RTVSPost2010Prop43
 90
        3
102
RTVSPost2010PropOp43
 70
     1
102
RTVSPost2010Prop44ColorIndex
 90
        5
102
RTVSPost2010Prop44ColorRGB
 90
      255
102
RTVSPost2010PropOp44
 70
     1
102
RTVSPost2010Prop45
280
     0
102
RTVSPost2010PropOp45
 70
     1
102
RTVSPost2010Prop46
 90
       50
102
RTVSPost2010PropOp46
 70
     1
102
RTVSPost2010Prop47
 90
       50
102
RTVSPost2010PropOp47
 70
     1
102
RTVSPost2010Prop48
 90
       50
102
RTVSPost2010PropOp48
 70
     1
102
RTVSPost2010Prop49
280
     0
102
RTVSPost2010PropOp49
 70
     1
102
RTVSPost2010Prop50
 90
       50
102
RTVSPost2010PropOp50
 70
     1
102
RTVSPost2010Prop51ColorIndex
 90
      256
102
RTVSPost2010Prop51ColorRGB
 90
-16777216
102
RTVSPost2010PropOp51
 70
     0
102
RTVSPost2010Prop52
140
1.0
102
RTVSPost2010PropOp52
 70
     0
102
RTVSPost2010Prop53
 90
        2
102
RTVSPost2010PropOp53
 70
     1
102
RTVSPost2010Prop54
  1
strokes_ogs.tif
102
RTVSPost2010PropOp54
 70
     1
102
RTVSPost2010Prop55
280
     0
102
RTVSPost2010PropOp55
 70
     1
102
RTVSPost2010Prop56
140
1.0
102
RTVSPost2010PropOp56
 70
     1
102
RTVSPost2010Prop57
140
1.0
102
RTVSPost2010PropOp57
 70
     1
  0
XRECORD
  5
4418
102
{ACAD_REACTORS
330
4417
102
}
330
4417
100
AcDbXrecord
280
     1
102
RTVSPropertyOp0
 70
     1
102
RTVSPropertyOp1
 70
     1
102
RTVSPropertyOp2
 70
     1
102
RTVSPropertyOp3
 70
     1
102
RTVSPropertyOp4
 70
     1
102
RTVSPropertyOp5
 70
     1
102
RTVSPropertyOp6
 70
     1
102
RTVSPropertyOp7
 70
     1
102
RTVSPropertyOp8
 70
     1
102
RTVSPropertyOp9
 70
     1
102
RTVSPropertyOp10
 70
     1
102
RTVSPropertyOp11
 70
     1
102
RTVSPropertyOp12
 70
     1
102
RTVSPropertyOp13
 70
     1
102
RTVSPropertyOp14
 70
     1
102
RTVSPropertyOp15
 70
     1
102
RTVSPropertyOp16
 70
     1
102
RTVSPropertyOp17
 70
     1
102
RTVSPropertyOp18
 70
     1
102
RTVSPropertyOp19
 70
     1
102
RTVSPropertyOp20
 70
     1
102
RTVSPropertyOp21
 70
     1
102
RTVSPropertyOp22
 70
     1
102
RTVSPropertyOp23
 70
     1
102
RTVSPropertyOp24
 70
     1
102
RTVSPropertyOp25
 70
     1
102
RTVSPropertyOp26
 70
     1
102
RTVSPropertyOp27
 70
     1
102
RTVSPropertyOp28
 70
     1
102
RTVSPropertyOp29
 70
     1
102
RTVSPropertyOp30
 70
     1
102
RTVSPropertyOp31
 70
     1
102
RTVSPropertyOp32
 70
     1
102
RTVSPropertyOp33
 70
     1
102
RTVSPropertyOp34
 70
     1
102
RTVSPropertyOp35
 70
     1
102
RTVSPropertyOp36
 70
     1
102
RTVSPropertyOp37
 70
     1
102
RTVSPropertyOp38
 70
     1
102
RTVSPropertyOp39
 70
     1
102
RTVSPropertyOp40
 70
     1
102
RTVSPropertyOp41
 70
     1
102
RTVSPropertyOp42
 70
     1
102
RTVSPropertyOp43
 70
     1
102
RTVSPropertyOp44
 70
     1
102
RTVSPropertyOp45
 70
     1
102
RTVSPropertyOp46
 70
     1
102
RTVSPropertyOp47
 70
     1
102
RTVSPropertyOp48
 70
     1
102
RTVSPropertyOp49
 70
     1
102
RTVSPropertyOp50
 70
     1
102
RTVSPropertyOp51
 70
     0
102
RTVSPropertyOp52
 70
     0
102
RTVSPropertyOp53
 70
     1
102
RTVSPropertyOp54
 70
     1
102
RTVSPropertyOp55
 70
     1
102
RTVSPropertyOp56
 70
     1
102
RTVSPropertyOp57
 70
     1
102
RTVSPost2010Prop28
280
     0
102
RTVSPost2010PropOp28
 70
     1
102
RTVSPost2010Prop29
280
     1
102
RTVSPost2010PropOp29
 70
     1
102
RTVSPost2010Prop30
280
     1
102
RTVSPost2010PropOp30
 70
     1
102
RTVSPost2010Prop31
280
     0
102
RTVSPost2010PropOp31
 70
     1
102
RTVSPost2010Prop32
280
     0
102
RTVSPost2010PropOp32
 70
     1
102
RTVSPost2010Prop33
280
     0
102
RTVSPost2010PropOp33
 70
     1
102
RTVSPost2010Prop34
280
     0
102
RTVSPost2010PropOp34
 70
     1
102
RTVSPost2010Prop35
280
     0
102
RTVSPost2010PropOp35
 70
     1
102
RTVSPost2010Prop36
280
     0
102
RTVSPost2010PropOp36
 70
     1
102
RTVSPost2010Prop37
 90
       50
102
RTVSPost2010PropOp37
 70
     1
102
RTVSPost2010Prop38
140
0.0
102
RTVSPost2010PropOp38
 70
     1
102
RTVSPost2010Prop39
140
1.0
102
RTVSPost2010PropOp39
 70
     1
102
RTVSPost2010Prop40
 90
        0
102
RTVSPost2010PropOp40
 70
     1
102
RTVSPost2010Prop41ColorIndex
 90
       18
102
RTVSPost2010Prop41ColorRGB
 90
        0
102
RTVSPost2010PropOp41
 70
     1
102
RTVSPost2010Prop42
 90
       50
102
RTVSPost2010PropOp42
 70
     1
102
RTVSPost2010Prop43
 90
        3
102
RTVSPost2010PropOp43
 70
     1
102
RTVSPost2010Prop44ColorIndex
 90
        5
102
RTVSPost2010Prop44ColorRGB
 90
      255
102
RTVSPost2010PropOp44
 70
     1
102
RTVSPost2010Prop45
280
     0
102
RTVSPost2010PropOp45
 70
     1
102
RTVSPost2010Prop46
 90
       50
102
RTVSPost2010PropOp46
 70
     1
102
RTVSPost2010Prop47
 90
       50
102
RTVSPost2010PropOp47
 70
     1
102
RTVSPost2010Prop48
 90
       50
102
RTVSPost2010PropOp48
 70
     1
102
RTVSPost2010Prop49
280
     0
102
RTVSPost2010PropOp49
 70
     1
102
RTVSPost2010Prop50
 90
       50
102
RTVSPost2010PropOp50
 70
     1
102
RTVSPost2010Prop51ColorIndex
 90
      256
102
RTVSPost2010Prop51ColorRGB
 90
-16777216
102
RTVSPost2010PropOp51
 70
     0
102
RTVSPost2010Prop52
140
1.0
102
RTVSPost2010PropOp52
 70
     0
102
RTVSPost2010Prop53
 90
        2
102
RTVSPost2010PropOp53
 70
     1
102
RTVSPost2010Prop54
  1
strokes_ogs.tif
102
RTVSPost2010PropOp54
 70
     1
102
RTVSPost2010Prop55
280
     0
102
RTVSPost2010PropOp55
 70
     1
102
RTVSPost2010Prop56
140
1.0
102
RTVSPost2010PropOp56
 70
     1
102
RTVSPost2010Prop57
140
1.0
102
RTVSPost2010PropOp57
 70
     1
  0
XRECORD
  5
441A
102
{ACAD_REACTORS
330
4419
102
}
330
4419
100
AcDbXrecord
280
     1
102
RTVSPropertyOp0
 70
     1
102
RTVSPropertyOp1
 70
     1
102
RTVSPropertyOp2
 70
     1
102
RTVSPropertyOp3
 70
     1
102
RTVSPropertyOp4
 70
     1
102
RTVSPropertyOp5
 70
     1
102
RTVSPropertyOp6
 70
     1
102
RTVSPropertyOp7
 70
     1
102
RTVSPropertyOp8
 70
     1
102
RTVSPropertyOp9
 70
     1
102
RTVSPropertyOp10
 70
     1
102
RTVSPropertyOp11
 70
     1
102
RTVSPropertyOp12
 70
     1
102
RTVSPropertyOp13
 70
     1
102
RTVSPropertyOp14
 70
     1
102
RTVSPropertyOp15
 70
     1
102
RTVSPropertyOp16
 70
     1
102
RTVSPropertyOp17
 70
     1
102
RTVSPropertyOp18
 70
     1
102
RTVSPropertyOp19
 70
     1
102
RTVSPropertyOp20
 70
     1
102
RTVSPropertyOp21
 70
     1
102
RTVSPropertyOp22
 70
     1
102
RTVSPropertyOp23
 70
     1
102
RTVSPropertyOp24
 70
     1
102
RTVSPropertyOp25
 70
     1
102
RTVSPropertyOp26
 70
     1
102
RTVSPropertyOp27
 70
     1
102
RTVSPropertyOp28
 70
     1
102
RTVSPropertyOp29
 70
     1
102
RTVSPropertyOp30
 70
     1
102
RTVSPropertyOp31
 70
     1
102
RTVSPropertyOp32
 70
     1
102
RTVSPropertyOp33
 70
     1
102
RTVSPropertyOp34
 70
     1
102
RTVSPropertyOp35
 70
     1
102
RTVSPropertyOp36
 70
     1
102
RTVSPropertyOp37
 70
     1
102
RTVSPropertyOp38
 70
     1
102
RTVSPropertyOp39
 70
     1
102
RTVSPropertyOp40
 70
     1
102
RTVSPropertyOp41
 70
     1
102
RTVSPropertyOp42
 70
     1
102
RTVSPropertyOp43
 70
     1
102
RTVSPropertyOp44
 70
     1
102
RTVSPropertyOp45
 70
     1
102
RTVSPropertyOp46
 70
     1
102
RTVSPropertyOp47
 70
     1
102
RTVSPropertyOp48
 70
     1
102
RTVSPropertyOp49
 70
     1
102
RTVSPropertyOp50
 70
     1
102
RTVSPropertyOp51
 70
     0
102
RTVSPropertyOp52
 70
     0
102
RTVSPropertyOp53
 70
     1
102
RTVSPropertyOp54
 70
     1
102
RTVSPropertyOp55
 70
     1
102
RTVSPropertyOp56
 70
     1
102
RTVSPropertyOp57
 70
     1
102
RTVSPost2010Prop28
280
     0
102
RTVSPost2010PropOp28
 70
     1
102
RTVSPost2010Prop29
280
     1
102
RTVSPost2010PropOp29
 70
     1
102
RTVSPost2010Prop30
280
     1
102
RTVSPost2010PropOp30
 70
     1
102
RTVSPost2010Prop31
280
     0
102
RTVSPost2010PropOp31
 70
     1
102
RTVSPost2010Prop32
280
     0
102
RTVSPost2010PropOp32
 70
     1
102
RTVSPost2010Prop33
280
     0
102
RTVSPost2010PropOp33
 70
     1
102
RTVSPost2010Prop34
280
     0
102
RTVSPost2010PropOp34
 70
     1
102
RTVSPost2010Prop35
280
     0
102
RTVSPost2010PropOp35
 70
     1
102
RTVSPost2010Prop36
280
     0
102
RTVSPost2010PropOp36
 70
     1
102
RTVSPost2010Prop37
 90
       50
102
RTVSPost2010PropOp37
 70
     1
102
RTVSPost2010Prop38
140
0.0
102
RTVSPost2010PropOp38
 70
     1
102
RTVSPost2010Prop39
140
1.0
102
RTVSPost2010PropOp39
 70
     1
102
RTVSPost2010Prop40
 90
        0
102
RTVSPost2010PropOp40
 70
     1
102
RTVSPost2010Prop41ColorIndex
 90
       18
102
RTVSPost2010Prop41ColorRGB
 90
        0
102
RTVSPost2010PropOp41
 70
     1
102
RTVSPost2010Prop42
 90
       50
102
RTVSPost2010PropOp42
 70
     1
102
RTVSPost2010Prop43
 90
        3
102
RTVSPost2010PropOp43
 70
     1
102
RTVSPost2010Prop44ColorIndex
 90
        5
102
RTVSPost2010Prop44ColorRGB
 90
      255
102
RTVSPost2010PropOp44
 70
     1
102
RTVSPost2010Prop45
280
     0
102
RTVSPost2010PropOp45
 70
     1
102
RTVSPost2010Prop46
 90
       50
102
RTVSPost2010PropOp46
 70
     1
102
RTVSPost2010Prop47
 90
       50
102
RTVSPost2010PropOp47
 70
     1
102
RTVSPost2010Prop48
 90
       50
102
RTVSPost2010PropOp48
 70
     1
102
RTVSPost2010Prop49
280
     0
102
RTVSPost2010PropOp49
 70
     1
102
RTVSPost2010Prop50
 90
       50
102
RTVSPost2010PropOp50
 70
     1
102
RTVSPost2010Prop51ColorIndex
 90
      256
102
RTVSPost2010Prop51ColorRGB
 90
-16777216
102
RTVSPost2010PropOp51
 70
     0
102
RTVSPost2010Prop52
140
1.0
102
RTVSPost2010PropOp52
 70
     0
102
RTVSPost2010Prop53
 90
        2
102
RTVSPost2010PropOp53
 70
     1
102
RTVSPost2010Prop54
  1
strokes_ogs.tif
102
RTVSPost2010PropOp54
 70
     1
102
RTVSPost2010Prop55
280
     0
102
RTVSPost2010PropOp55
 70
     1
102
RTVSPost2010Prop56
140
1.0
102
RTVSPost2010PropOp56
 70
     1
102
RTVSPost2010Prop57
140
1.0
102
RTVSPost2010PropOp57
 70
     1
  0
XRECORD
  5
441C
102
{ACAD_REACTORS
330
441B
102
}
330
441B
100
AcDbXrecord
280
     1
102
RTVSPropertyOp0
 70
     1
102
RTVSPropertyOp1
 70
     1
102
RTVSPropertyOp2
 70
     1
102
RTVSPropertyOp3
 70
     1
102
RTVSPropertyOp4
 70
     1
102
RTVSPropertyOp5
 70
     1
102
RTVSPropertyOp6
 70
     1
102
RTVSPropertyOp7
 70
     1
102
RTVSPropertyOp8
 70
     1
102
RTVSPropertyOp9
 70
     1
102
RTVSPropertyOp10
 70
     1
102
RTVSPropertyOp11
 70
     1
102
RTVSPropertyOp12
 70
     1
102
RTVSPropertyOp13
 70
     1
102
RTVSPropertyOp14
 70
     1
102
RTVSPropertyOp15
 70
     1
102
RTVSPropertyOp16
 70
     1
102
RTVSPropertyOp17
 70
     1
102
RTVSPropertyOp18
 70
     1
102
RTVSPropertyOp19
 70
     1
102
RTVSPropertyOp20
 70
     1
102
RTVSPropertyOp21
 70
     1
102
RTVSPropertyOp22
 70
     1
102
RTVSPropertyOp23
 70
     1
102
RTVSPropertyOp24
 70
     1
102
RTVSPropertyOp25
 70
     1
102
RTVSPropertyOp26
 70
     1
102
RTVSPropertyOp27
 70
     1
102
RTVSPropertyOp28
 70
     1
102
RTVSPropertyOp29
 70
     1
102
RTVSPropertyOp30
 70
     1
102
RTVSPropertyOp31
 70
     1
102
RTVSPropertyOp32
 70
     1
102
RTVSPropertyOp33
 70
     1
102
RTVSPropertyOp34
 70
     1
102
RTVSPropertyOp35
 70
     1
102
RTVSPropertyOp36
 70
     1
102
RTVSPropertyOp37
 70
     1
102
RTVSPropertyOp38
 70
     1
102
RTVSPropertyOp39
 70
     1
102
RTVSPropertyOp40
 70
     1
102
RTVSPropertyOp41
 70
     1
102
RTVSPropertyOp42
 70
     1
102
RTVSPropertyOp43
 70
     1
102
RTVSPropertyOp44
 70
     1
102
RTVSPropertyOp45
 70
     1
102
RTVSPropertyOp46
 70
     1
102
RTVSPropertyOp47
 70
     1
102
RTVSPropertyOp48
 70
     1
102
RTVSPropertyOp49
 70
     1
102
RTVSPropertyOp50
 70
     1
102
RTVSPropertyOp51
 70
     0
102
RTVSPropertyOp52
 70
     0
102
RTVSPropertyOp53
 70
     1
102
RTVSPropertyOp54
 70
     1
102
RTVSPropertyOp55
 70
     1
102
RTVSPropertyOp56
 70
     1
102
RTVSPropertyOp57
 70
     1
102
RTVSPost2010Prop28
280
     0
102
RTVSPost2010PropOp28
 70
     1
102
RTVSPost2010Prop29
280
     1
102
RTVSPost2010PropOp29
 70
     1
102
RTVSPost2010Prop30
280
     1
102
RTVSPost2010PropOp30
 70
     1
102
RTVSPost2010Prop31
280
     0
102
RTVSPost2010PropOp31
 70
     1
102
RTVSPost2010Prop32
280
     0
102
RTVSPost2010PropOp32
 70
     1
102
RTVSPost2010Prop33
280
     0
102
RTVSPost2010PropOp33
 70
     1
102
RTVSPost2010Prop34
280
     0
102
RTVSPost2010PropOp34
 70
     1
102
RTVSPost2010Prop35
280
     0
102
RTVSPost2010PropOp35
 70
     1
102
RTVSPost2010Prop36
280
     0
102
RTVSPost2010PropOp36
 70
     1
102
RTVSPost2010Prop37
 90
       50
102
RTVSPost2010PropOp37
 70
     1
102
RTVSPost2010Prop38
140
0.0
102
RTVSPost2010PropOp38
 70
     1
102
RTVSPost2010Prop39
140
1.0
102
RTVSPost2010PropOp39
 70
     1
102
RTVSPost2010Prop40
 90
        0
102
RTVSPost2010PropOp40
 70
     1
102
RTVSPost2010Prop41ColorIndex
 90
       18
102
RTVSPost2010Prop41ColorRGB
 90
        0
102
RTVSPost2010PropOp41
 70
     1
102
RTVSPost2010Prop42
 90
       50
102
RTVSPost2010PropOp42
 70
     1
102
RTVSPost2010Prop43
 90
        3
102
RTVSPost2010PropOp43
 70
     1
102
RTVSPost2010Prop44ColorIndex
 90
        5
102
RTVSPost2010Prop44ColorRGB
 90
      255
102
RTVSPost2010PropOp44
 70
     1
102
RTVSPost2010Prop45
280
     0
102
RTVSPost2010PropOp45
 70
     1
102
RTVSPost2010Prop46
 90
       50
102
RTVSPost2010PropOp46
 70
     1
102
RTVSPost2010Prop47
 90
       50
102
RTVSPost2010PropOp47
 70
     1
102
RTVSPost2010Prop48
 90
       50
102
RTVSPost2010PropOp48
 70
     1
102
RTVSPost2010Prop49
280
     0
102
RTVSPost2010PropOp49
 70
     1
102
RTVSPost2010Prop50
 90
       50
102
RTVSPost2010PropOp50
 70
     1
102
RTVSPost2010Prop51ColorIndex
 90
      256
102
RTVSPost2010Prop51ColorRGB
 90
-16777216
102
RTVSPost2010PropOp51
 70
     0
102
RTVSPost2010Prop52
140
1.0
102
RTVSPost2010PropOp52
 70
     0
102
RTVSPost2010Prop53
 90
        2
102
RTVSPost2010PropOp53
 70
     1
102
RTVSPost2010Prop54
  1
strokes_ogs.tif
102
RTVSPost2010PropOp54
 70
     1
102
RTVSPost2010Prop55
280
     0
102
RTVSPost2010PropOp55
 70
     1
102
RTVSPost2010Prop56
140
1.0
102
RTVSPost2010PropOp56
 70
     1
102
RTVSPost2010Prop57
140
1.0
102
RTVSPost2010PropOp57
 70
     1
  0
XRECORD
  5
441E
102
{ACAD_REACTORS
330
441D
102
}
330
441D
100
AcDbXrecord
280
     1
102
RTVSPropertyOp0
 70
     1
102
RTVSPropertyOp1
 70
     1
102
RTVSPropertyOp2
 70
     1
102
RTVSPropertyOp3
 70
     1
102
RTVSPropertyOp4
 70
     1
102
RTVSPropertyOp5
 70
     1
102
RTVSPropertyOp6
 70
     1
102
RTVSPropertyOp7
 70
     1
102
RTVSPropertyOp8
 70
     1
102
RTVSPropertyOp9
 70
     1
102
RTVSPropertyOp10
 70
     1
102
RTVSPropertyOp11
 70
     1
102
RTVSPropertyOp12
 70
     1
102
RTVSPropertyOp13
 70
     1
102
RTVSPropertyOp14
 70
     1
102
RTVSPropertyOp15
 70
     1
102
RTVSPropertyOp16
 70
     1
102
RTVSPropertyOp17
 70
     1
102
RTVSPropertyOp18
 70
     1
102
RTVSPropertyOp19
 70
     1
102
RTVSPropertyOp20
 70
     1
102
RTVSPropertyOp21
 70
     1
102
RTVSPropertyOp22
 70
     1
102
RTVSPropertyOp23
 70
     1
102
RTVSPropertyOp24
 70
     1
102
RTVSPropertyOp25
 70
     1
102
RTVSPropertyOp26
 70
     1
102
RTVSPropertyOp27
 70
     1
102
RTVSPropertyOp28
 70
     1
102
RTVSPropertyOp29
 70
     1
102
RTVSPropertyOp30
 70
     1
102
RTVSPropertyOp31
 70
     1
102
RTVSPropertyOp32
 70
     1
102
RTVSPropertyOp33
 70
     1
102
RTVSPropertyOp34
 70
     1
102
RTVSPropertyOp35
 70
     1
102
RTVSPropertyOp36
 70
     1
102
RTVSPropertyOp37
 70
     1
102
RTVSPropertyOp38
 70
     1
102
RTVSPropertyOp39
 70
     1
102
RTVSPropertyOp40
 70
     1
102
RTVSPropertyOp41
 70
     1
102
RTVSPropertyOp42
 70
     1
102
RTVSPropertyOp43
 70
     1
102
RTVSPropertyOp44
 70
     1
102
RTVSPropertyOp45
 70
     1
102
RTVSPropertyOp46
 70
     1
102
RTVSPropertyOp47
 70
     1
102
RTVSPropertyOp48
 70
     1
102
RTVSPropertyOp49
 70
     1
102
RTVSPropertyOp50
 70
     1
102
RTVSPropertyOp51
 70
     0
102
RTVSPropertyOp52
 70
     0
102
RTVSPropertyOp53
 70
     1
102
RTVSPropertyOp54
 70
     1
102
RTVSPropertyOp55
 70
     1
102
RTVSPropertyOp56
 70
     1
102
RTVSPropertyOp57
 70
     1
102
RTVSPost2010Prop28
280
     0
102
RTVSPost2010PropOp28
 70
     1
102
RTVSPost2010Prop29
280
     1
102
RTVSPost2010PropOp29
 70
     1
102
RTVSPost2010Prop30
280
     1
102
RTVSPost2010PropOp30
 70
     1
102
RTVSPost2010Prop31
280
     0
102
RTVSPost2010PropOp31
 70
     1
102
RTVSPost2010Prop32
280
     0
102
RTVSPost2010PropOp32
 70
     1
102
RTVSPost2010Prop33
280
     0
102
RTVSPost2010PropOp33
 70
     1
102
RTVSPost2010Prop34
280
     0
102
RTVSPost2010PropOp34
 70
     1
102
RTVSPost2010Prop35
280
     0
102
RTVSPost2010PropOp35
 70
     1
102
RTVSPost2010Prop36
280
     0
102
RTVSPost2010PropOp36
 70
     1
102
RTVSPost2010Prop37
 90
       50
102
RTVSPost2010PropOp37
 70
     1
102
RTVSPost2010Prop38
140
0.0
102
RTVSPost2010PropOp38
 70
     1
102
RTVSPost2010Prop39
140
1.0
102
RTVSPost2010PropOp39
 70
     1
102
RTVSPost2010Prop40
 90
        0
102
RTVSPost2010PropOp40
 70
     1
102
RTVSPost2010Prop41ColorIndex
 90
       18
102
RTVSPost2010Prop41ColorRGB
 90
        0
102
RTVSPost2010PropOp41
 70
     1
102
RTVSPost2010Prop42
 90
       50
102
RTVSPost2010PropOp42
 70
     1
102
RTVSPost2010Prop43
 90
        3
102
RTVSPost2010PropOp43
 70
     1
102
RTVSPost2010Prop44ColorIndex
 90
        5
102
RTVSPost2010Prop44ColorRGB
 90
      255
102
RTVSPost2010PropOp44
 70
     1
102
RTVSPost2010Prop45
280
     0
102
RTVSPost2010PropOp45
 70
     1
102
RTVSPost2010Prop46
 90
       50
102
RTVSPost2010PropOp46
 70
     1
102
RTVSPost2010Prop47
 90
       50
102
RTVSPost2010PropOp47
 70
     1
102
RTVSPost2010Prop48
 90
       50
102
RTVSPost2010PropOp48
 70
     1
102
RTVSPost2010Prop49
280
     0
102
RTVSPost2010PropOp49
 70
     1
102
RTVSPost2010Prop50
 90
       50
102
RTVSPost2010PropOp50
 70
     1
102
RTVSPost2010Prop51ColorIndex
 90
      256
102
RTVSPost2010Prop51ColorRGB
 90
-16777216
102
RTVSPost2010PropOp51
 70
     0
102
RTVSPost2010Prop52
140
1.0
102
RTVSPost2010PropOp52
 70
     0
102
RTVSPost2010Prop53
 90
        2
102
RTVSPost2010PropOp53
 70
     1
102
RTVSPost2010Prop54
  1
strokes_ogs.tif
102
RTVSPost2010PropOp54
 70
     1
102
RTVSPost2010Prop55
280
     0
102
RTVSPost2010PropOp55
 70
     1
102
RTVSPost2010Prop56
140
1.0
102
RTVSPost2010PropOp56
 70
     1
102
RTVSPost2010Prop57
140
1.0
102
RTVSPost2010PropOp57
 70
     1
  0
ENDSEC
  0
EOF
